ONE,RO2,AACD,ACET,ALD2,ALDX,BENZ,BR,BR2,BRCL,BRN2,BRN3,BRO,BZO2,C2O3,CAT1,CGLY,CH3I,CH4,CL,CL2,CLAD,CLAO,CLN2,CLN3,CLO,CO,CRES,CRO,CRON,CXO3,DMS,ECH4,EPOX,EPX2,ETH,ETHA,ETHY,ETOH,FACD,FMBR,FMCL,FORM,GLY,GLYD,H2,H2O,H2O2,HBR,HCL,HCO3,HI,HIO3,HNO3,HO2,HOBR,HOCL,HOI,HONO,HPLD,I,I2,I2O2,IBR,ICL,INO2,INO3,INTR,IO,IOLE,ISO2,ISOP,ISPD,ISPX,IXOY,KET,MB2,MB2C,MB3,MBC,MBC2,MEO2,MEOH,MEPX,MGLY,MI2,MIB,MIC,N2O5,NO,NO2,NO3,NTR1,NTR2,O,O1D,O2,O3,O3P,OH,OIO,OLE,OPAN,OPEN,OPO3,PACD,PAN,PANX,PAR,PNA,PRPA,ROOH,ROR,SO2,SULF,TERP,TO2,TOL,XLO2,XO2,XO2H,XO2N,XOPN,XPAR,XPRP,XYL
1,0,0.145426523291259,0.785224800028316,0.819062261963251,1.03405371798744,0.0236428349481999,5.35482328644576e-08,0.000837467394636015,0.000136643869731801,0.000689576912209159,0.112082835712309,1.14301965957118e-05,1.12364948797872e-05,9.03054560024806e-06,2.68933431147184e-09,0.0306528786400604,0,1951.34144444444,5.52342474076784e-11,0.000433404865900383,0.00211271353788957,0.00310083383520586,7.91310727969349e-05,8.45791487117809e-05,6.92803311548383e-07,119.692777777778,1.25347085064094e-05,2.34187293383755e-06,0.00168988765969436,0.000613872474988787,0.0060132644541035,0,0.0544196382511147,0.000513641069050969,0,0,0,1.61137151316919,1.27000924145594,0.000723434686948633,0.000139338382992276,1.94108621111111,0.226648739157408,0.402291464181123,2.04290584107209,0.121830196007148,0.611968325747571,0.263054805716215,0.0227730976791926,6.65179584907683e-10,0,0,0.237325134942529,3.85557750632888e-05,0.096045170304206,0.000569491028541564,0,0.0336689501915709,0.253143643883961,0,0,0,0,0,0,0,0.00150038903803742,0,2.67675437597459e-05,0.000902500012559564,0.629080413543523,0.806117940909661,0.0232498763013543,0,0.379055883121137,0,0,0,0,0,0.0863164067837988,6.90445393192685,0.18565431496909,0.186133119354775,0,0,0,0.000999159426664499,1.06051694391459e-07,1.24856956117053,0.00187746817269997,0.415960750951294,1.32481956788666,0.0173923436537818,0,0,48.8020495595545,2.94798290164488e-18,2.30534932670789e-06,0,0.00177069531543673,0.0315410072132769,0.000266585573081466,8.14730212871857e-05,0.248383088155092,0.00675345664610622,0.233869393079254,9.59482573087634,8.10626349217608e-06,0,0.905175789486706,4.94680608209139e-12,0.0172671332863652,0.00214190956618462,0.113586652073415,0.000483431253115505,0.109018355635974,0,0.823814410383486,0.443689578954243,0.224349916501628,5.11383173900805e-05,3.34666692158053e-07,0,0
1,0,0.143217636002483,0.768560598370792,0.795356169731801,1.03227323543699,0.0189531218390805,5.60483319077389e-08,0.000771756360153257,0.000121139731800766,0.000673616199194752,0.0992219781928376,8.23420513788197e-06,1.14059840006407e-05,6.71166272412247e-06,3.68482390978866e-09,0.030618710506875,0,1951.23044444444,6.19492734845615e-11,0.000414520268199234,0.00205978766715768,0.00302335248476602,6.68976245210728e-05,6.95245500369447e-05,7.12138639919185e-07,117.085,1.31145228899914e-05,2.04182360198133e-06,0.00148543113923238,0.000796468714142782,0.0054899459770115,0,0.0531252078296727,0.000565669421938878,0,0,0,1.56245805287356,1.26912232704981,0.000502270939399921,0.000120591459046862,1.88901448888889,0.223121806503713,0.392501920185211,1.99173995436153,0.118800583616877,0.596546879513832,0.256547675186834,0.0219154442538156,5.82905531203227e-10,0,0,0.227692284636015,3.43148843104565e-05,0.104464689440416,0.000563106494734333,0,0.0310236293869732,0.251583816336533,0,0,0,0,0,0,0,0.00113411307814893,0,2.28011262888185e-05,0.000816311912143013,0.555767835249042,0.784316827791288,0.0225187061139454,0,0.369915985113739,0,0,0,0,0,0.0916980493988609,6.76267594521073,0.181397968559986,0.189413392453429,0,0,0,0.000590474866539419,6.02484590074047e-08,0.95723912328781,0.0014229628840782,0.405473052147316,1.27529049721434,0.0169567520938187,0,0,47.4682747884341,3.00045655758974e-18,2.32726845800424e-06,0,0.00168842817418631,0.031664774287448,0.000213999079287938,0.000104305461111,0.242171924894702,0.00376170243914166,0.238596228582931,9.47637815166171,5.63024634815111e-06,0,0.901711098264258,4.9512264032697e-12,0.0171588199667947,0.0020896024369017,0.118124627586207,0.000494370688541855,0.10812152183908,0,0.843652783508786,0.452501774133698,0.229400874479738,4.07919462396707e-05,3.33772903990271e-07,0,0
1,0,0.140698285794887,0.752065995532435,0.833414811111111,1.03096858965221,0.0252824,5.5918532329407e-08,0.000755342260536399,0.000162006666666667,0.000658046031513585,0.0876659608295638,5.03821368005209e-06,1.18158678391941e-05,5.2969530521679e-06,3.65605979749886e-09,0.0305810901204594,0,1952.44877777778,5.07851936449386e-11,0.000418139348659004,0.00200786934417244,0.00294743280574181,8.27077777777778e-05,5.7302727153868e-05,5.54427422438592e-07,118.024222222222,1.39803442604369e-05,1.79375002144197e-06,0.00130233119998714,0.000763703287646243,0.00577473333333333,0,0.0518529663941998,0.000613090970689256,0,0,0,1.68126515555556,1.26917616283525,0.000363516784215147,0.000104403375476718,1.91669542222222,0.219522099798678,0.382897920071572,1.94164456791902,0.115834512872551,0.581453500550962,0.250102883913342,0.0210628578208165,5.31902306962211e-10,0,0,0.212315388773946,3.06222686021441e-05,0.111392546366169,0.000555421930719526,0,0.0338218138314176,0.249375953887905,0,0,0,0,0,0,0,0.000857212449563273,0,1.99024838046707e-05,0.000708075363444484,0.492528922222222,0.762074491715767,0.0218111421963743,0,0.360951407202509,0,0,0,0,0,0.0955226710462267,6.85305112222222,0.177199496210434,0.192117422314902,0,0,0,0.00065042246707504,6.4173807056173e-08,1.0001128885475,0.0014836062671933,0.395209176037273,1.22855300304994,0.0165302733904278,0,0,46.1649860200315,2.81804071148369e-18,2.25660920273175e-06,0,0.00161072243221788,0.0317493268888446,0.00017233109292859,9.85353429890567e-05,0.236089189520397,0.00248348978246307,0.242930689817847,9.35752694378193,5.31117882258333e-06,0,0.896404044367108,4.75123367324253e-12,0.0170779538613144,0.00203833729247689,0.119696511111111,0.000509637899994025,0.121805422222222,0,0.864952571800419,0.461380223362794,0.235173106519231,3.24087891883185e-05,3.19606991146539e-07,0,0
1,0,0.1381897093917,0.736498366388208,0.892413494166675,1.03435291630876,0.0431196659586637,5.29634966643123e-08,0.00081718,0.000146943333333333,0.000643669613911273,0.0772842076555714,1.84222222222222e-06,1.28159848018321e-05,4.52712504058421e-06,2.77682187194814e-09,0.0305699275768193,0,1954.18433333333,3.71262248347414e-11,0.000529703333333333,0.00195893724733472,0.00287595576719868,0.000101153333333333,4.76050030381624e-05,3.94137567843943e-07,120.038777777778,1.35975145719688e-05,1.54523164596783e-06,0.00111819987904233,0.00065737294594718,0.00665990304016814,0,0.0506524029403776,0.000655067248489119,0,0,0,1.99500772121412,1.27286096666667,0.0002755522370939,9.04989608087628e-05,1.88440145555556,0.216093634778182,0.373844752612502,1.8945164649269,0.113048321960519,0.567257864312614,0.244002172977376,0.0201280401565897,4.67147555264297e-10,0,0,0.205389407777778,2.78276340680393e-05,0.117164185185452,0.000547327964474967,0,0.03779739,0.246978602818731,0,0,0,0,0,0,0,0.000648602926617142,0,1.75931499200994e-05,0.000628516793042262,0.47086831733905,0.742454399895014,0.0211516269383877,0,0.352506454526186,0,0,0,0,0,0.0985658220929877,7.07441240150328,0.173241535547259,0.19453144885904,0,0,0,0.000940823127957776,9.26807337517137e-08,1.21729778531927,0.00180655583968142,0.38555759018609,1.19224890557088,0.0161290557738268,0,0,44.924654976647,2.52880902039633e-18,2.13576858079592e-06,0,0.00153860914737473,0.031799693016605,0.000134556124987118,8.34251795405818e-05,0.230365192005236,0.00203004508101041,0.247247466079942,9.24503303206487,5.72146582786634e-06,0,0.890793186677167,4.41752579955385e-12,0.0171521767539062,0.00199008343350039,0.117883247347031,0.000527034083859114,0.13292977352883,0,0.894299449815575,0.47528486782054,0.243406178553017,2.49178398695336e-05,2.98740666742384e-07,0,0
1,0,0.135444474085687,0.720451577066797,1.45370022643556,1.06978508677709,0.0731258693140422,4.07842587471711e-08,0.00083902,0.000168084444444444,0.000630697799374305,0.0810461649707894,4.60077777777778e-05,1.42260372299231e-05,3.76656333370055e-06,4.61600921491759e-10,0.0305292332875762,0,1966.59133333333,1.18319577343615e-11,0.00121741888888889,0.00190937759889809,0.00280358669238441,0.000349512222222222,4.09542530564672e-05,1.36644227556196e-07,142.636666666667,8.44355322076764e-06,1.17795762108941e-06,0.000770109241036559,0.000258491727938388,0.00913950070761107,0,0.0494204551862443,0.000679541878277125,0,0,0,4.31107574431011,1.41916097666667,0.000200839428151173,7.82852217234821e-05,2.11891161111111,0.212454281346711,0.364576641393681,1.8468609822175,0.110253554083439,0.552928463848381,0.23784878737762,0.0169007415221245,4.19191186908743e-10,0,0,0.179758891111111,2.20098553969167e-05,0.122411336035598,0.000538141359607543,0,0.0720100177777778,0.242752687814176,0,0,0,0,0,0,0,0.000490596953273358,0,1.45606288326222e-05,0.000386960910169698,0.380401129687991,0.731087247927641,0.0205235130868448,0,0.343874792271564,0,0,0,0,0,0.101407267569549,8.5789915179098,0.169186684030984,0.19639900227612,0,0,0,0.00686091136336896,6.06623091775188e-07,3.09890640393246,0.00510632171210386,0.375840728896404,1.21248071375627,0.0157233455197703,0,0,43.5648320799881,1.4303206231344e-18,1.6071884529214e-06,0,0.00146828088411731,0.0316949673060854,7.33546626879372e-05,3.19510154887155e-05,0.224572534366289,0.00312954541240184,0.251495101907962,9.10998407805088,1.16828505514351e-05,0,0.882525174862158,3.28308305199498e-12,0.0185396007935121,0.0019409824730318,0.103085717329518,0.000574187560123613,0.307725018066206,0,0.984794488672703,0.526131713795541,0.270209545018727,1.3510235173332e-05,2.21464026014339e-07,0,0
1,0,0.132724233939728,0.703681636227398,1.74903624827586,1.10890577398033,0.0891266183908046,4.47471415838422e-08,0.000824597662835249,0.000190701685823755,0.000617282143870628,0.0866917835751509,5.70475478927203e-05,1.62732198887889e-05,3.90622147491064e-06,1.06889576337589e-09,0.0304417439814042,0,1977.929,9.30857655931521e-12,0.00109888513409962,0.00185831262839497,0.00272905902983447,0.000314772796934866,3.50544810460923e-05,1.13315617258255e-07,134.175111111111,1.19433326630072e-05,6.59964100309945e-07,0.000583060597252616,0.000257160573784703,0.00982803409961686,0,0.048153436852062,0.000706658788619141,0,0,0,5.69981681111111,1.61372347455939,0.000160396790755144,6.77177498156661e-05,2.3292276,0.208476051387559,0.355073413225564,1.79779374851812,0.107375239306511,0.538172017277383,0.231476751609838,0.0147057126238141,4.68204514392639e-10,0,0,0.178820619885057,2.1218811654368e-05,0.127708593352326,0.000527705372554475,0,0.0895871205747126,0.238348899138928,0,0,0,0,0,0,0,0.000370460029354802,0,1.2996451070784e-05,0.000440964476986672,0.36491308697318,0.714283863674262,0.0198731153837484,0,0.335002199794587,0,0,0,0,0,0.104370545550426,9.75608125057471,0.164976402133695,0.197483611726241,0,0,0,0.00474446710835436,3.56314236284969e-07,2.91369868065093,0.00348215296992208,0.365824097337476,1.22538341440047,0.0153056166179692,0,0,42.193396717778,1.78700670964156e-18,1.80185045273069e-06,0,0.00140055723491662,0.0315157550380951,5.25136339511459e-05,3.07783523289724e-05,0.218608030089168,0.00371814584742489,0.256624448693807,9.00495395428382,1.14794167825695e-05,0,0.873882416787437,3.69810125134082e-12,0.0194847757826984,0.00189056744291883,0.151924831034483,0.000621949814158347,0.285429764750958,0,1.07770255760718,0.568848239422874,0.298933517305846,8.63848307036808e-06,2.45613698956623e-07,0,0
1,0,0.130125495046282,0.687576690134844,2.3703091,1.18377548106241,0.150226266666667,3.9314879298795e-08,0.000805793486590038,0.000233027892720307,0.000606022718724232,0.102982743138255,6.10851724137931e-05,1.95750393550794e-05,3.52114208066793e-06,6.96545376316551e-10,0.0303678434365663,0,2005.16344444444,4.35840407453985e-12,0.00159114639846743,0.00180962085350154,0.00265796961895643,0.000673956704980843,3.02735363942339e-05,5.81959355763555e-08,143.338333333333,1.2459591073741e-05,4.15356159792312e-07,0.000406617332598514,0.000155222857697827,0.0102207666666667,0,0.0469394475029663,0.00072693946356245,0,0,0,8.01158417777778,1.94601839394636,0.000125860544396041,5.86057096020567e-05,2.79745693333333,0.204605300419081,0.345975575119028,1.750997209482,0.104654782036719,0.524106192988228,0.225405086029002,0.0110942081225975,4.88127495640462e-10,0,0,0.141536242068965,1.78734432614633e-05,0.134279298794501,0.00051736409297953,0,0.145110538429119,0.233507118113412,0,0,0,0,0,0,0,0.00027996467645098,0,1.14272016943827e-05,0.00032349500862816,0.291808755555556,0.698926892697487,0.0192649177133639,0,0.326514706190264,0,0,0,0,0,0.107684883054955,11.9448690333333,0.160939881067326,0.198280542289677,0,0,0,0.0114419355722646,7.26538226502104e-07,4.70927294502731,0.00497356706071637,0.356300590465764,1.28018509064973,0.0149072181230789,0,0,40.7853225434139,1.39063695057991e-18,1.59244202721583e-06,0,0.00133719157029868,0.0312930323529626,3.78554852142634e-05,1.78633747791298e-05,0.212918655952817,0.00518851065397634,0.262869362392897,8.92210086809598,1.63700011615335e-05,0,0.865471753616241,3.26780534306861e-12,0.0210135544698084,0.00184244489350976,0.174766388888889,0.000696685311737718,0.445219833333333,0,1.22881537923683,0.634561797778408,0.346838208291889,4.88361352422003e-06,2.15208189900937e-07,0,0
1,0,0.127874129080208,0.672496181074311,2.92767436762056,1.27389273202085,0.225085437669693,3.32578041741961e-08,0.000792166551724138,0.000257958888888889,0.000595692687289636,0.125028551530704,6.7715938697318e-05,2.40399834913464e-05,3.54311261681095e-06,5.69622987646028e-10,0.0303234636761899,0,2028.91833333333,3.05801792637366e-12,0.00177118203065134,0.00176417825104581,0.00259158554410244,0.00101201084291188,2.60612073895797e-05,4.28298573870617e-08,154.775666666667,1.31683605041818e-05,2.78768757584853e-07,0.000273190589844594,0.000135475851226551,0.0119856961926164,0,0.0458013537270763,0.00074149245924729,0,0,0,9.96138230017458,2.14827806950192,9.99168105755724e-05,5.07709395113882e-05,3.05577438888889,0.200967543318327,0.337455171646892,1.70729638261524,0.102123238784822,0.510976804031482,0.219739032806748,0.00764777790923519,4.59094012020167e-10,0,0,0.131705761800766,1.54112507266801e-05,0.143376863725946,0.000507513247563382,0,0.174284199885058,0.228629903904397,0,0,0,0,0,0,0,0.000211855467634408,0,9.97834187646515e-06,0.000271476023987308,0.279719088656785,0.686463210138057,0.0187063914730075,0,0.318568108968847,0,0,0,0,0,0.112206162183455,13.4576670904088,0.157156517346229,0.198966387990991,0,0,0,0.015216835341267,8.57394649631397e-07,5.53506755404979,0.00563527128833564,0.347429836563395,1.35315198997563,0.0145351740607656,0,0,39.4219446957983,1.06983932733216e-18,1.39683922661788e-06,0,0.00127867807457272,0.0310237172250674,3.06703697538953e-05,1.50662626268234e-05,0.207605438037335,0.00647745815196592,0.269224632798801,8.8474656374694,1.6551168634081e-05,0,0.857968840503558,2.84112286909049e-12,0.0232378701117796,0.00179750738262415,0.176468361736907,0.000787827733525026,0.59718856266434,0,1.40376779467538,0.711244767759475,0.402418389186824,2.70087481273389e-06,1.87242953180724e-07,0,0
1,0,0.12450860321642,0.651359375474896,1.53274919666681,1.27413635900052,0.0559021366592505,4.08866994133541e-08,0.000679994827586207,0.00013605061302682,0.000577376158977286,0.127172846203811,0.000104066781609195,2.457000738415e-05,2.95434005402414e-06,2.40507557188684e-09,0.0299852560419613,0,1969.839,6.19585087741791e-12,0.000678492183908046,0.00170342051402447,0.00250274354059786,0.000304334061302682,2.18182798483471e-05,6.22574376287044e-08,128.320888888889,1.35194729511956e-05,2.10327927596394e-07,0.000230881792672211,0.000240445952467026,0.0123185603200327,0,0.0442734730904313,0.00075653529946409,0,0,0,2.87470651408397,1.89313411716475,0.000103273497424716,4.36828456087332e-05,2.24687157777778,0.195340322672802,0.326081005988667,1.64879797776262,0.0986615890465411,0.493409606816603,0.212134758794317,0.00688702779991854,3.98267628409669e-10,0,0,0.132878816398467,1.38906407500103e-05,0.152998307412778,0.000492871846573124,0,0.151083971072797,0.223053922366756,0,0,0,0,0,0,0,0.0001587214959113,0,9.85447690352079e-06,0.000687585550839346,0.426644199955019,0.664400685440793,0.0179719729280044,0,0.307912451704262,0,0,0,0,0,0.114220563089987,9.33183848963975,0.151954714093265,0.1970297039396,0,0,0,0.00242033909638359,8.67338658447015e-08,1.94770800726613,0.00173271127648397,0.335488057612921,1.31298439336717,0.0140371504160638,0,0,37.9384864821485,1.59432028710426e-18,1.73133575170079e-06,0,0.00121395243546883,0.0305347470504479,2.91034474094821e-05,2.61318957032005e-05,0.200493225870924,0.00513711509274431,0.271036114420478,8.67632922976934,7.92206316005708e-06,0,0.84172723047743,3.7316485913843e-12,0.023499577081082,0.00173731183027333,0.166111067940454,0.000796568137936046,0.177095420826939,0,1.43323734543607,0.722581518199329,0.411558300182869,2.30687724248576e-06,2.28631892093717e-07,0,0
1,0,0.122547448616502,0.637968774131391,1.20280301111111,1.26771800570361,0.0352677,4.20895466692138e-08,0.000612937203065134,0.000106797662835249,0.00056515943993445,0.121601394245246,9.41236859308038e-05,2.47259979410769e-05,2.67903388020591e-06,3.0074048719432e-09,0.0299804221328242,0,1955.56211111111,9.93432563221121e-12,0.000362946896551724,0.00166339605727701,0.00244429722723794,0.000173793295019157,1.82123072198514e-05,8.92287653624308e-08,121.454777777778,1.32567973129623e-05,2.38519808212221e-07,0.000206976329291352,0.000423936594012489,0.00862184444444444,0,0.0432776329095066,0.000776272132110276,0,0,0,1.7493809,1.82972180980843,9.73295709660887e-05,3.80323290555173e-05,2.06358288888889,0.191976528497759,0.318645544537354,1.61031236027483,0.0963789558893623,0.481838070570645,0.207118194232494,0.00656425669562414,3.06045657315323e-10,0,0,0.0997030125670498,1.20243760113449e-05,0.163269262892735,0.000483587484995745,0,0.154011884980843,0.220027504080057,0,0,0,0,0,0,0,0.000120270366244894,0,9.76926923136719e-06,0.000499433691056774,0.335741544444444,0.646073775180577,0.0174666445081493,0,0.300966624921117,0,0,0,0,0,0.116671124746937,9.21245415555556,0.148574061260474,0.197060910996328,0,0,0,0.00102500091433832,3.87050667516849e-08,1.16122213685049,0.00129189577960756,0.327618616407454,1.26110918043246,0.0137095063085455,0,0,36.9666742660143,1.43115761345797e-18,1.63712111161935e-06,0,0.00116628203815766,0.0303336690705438,2.84488014082384e-05,4.61078428955985e-05,0.195815196295161,0.00356176632394901,0.273103898093942,8.57504017287687,3.88173744155932e-06,0,0.833952164167218,3.45576742404341e-12,0.0234375421553102,0.00169808276723664,0.130767666666667,0.000800320161997023,0.127111811111111,0,1.43996515554358,0.722849157656697,0.413569235464449,2.16659262682445e-06,2.13548919852215e-07,0,0
1,0,0.120521333989711,0.625024305663485,1.11674086666667,1.26336715033537,0.0458612555555556,4.21396060276098e-08,0.00058698724137931,0.000140031647509579,0.00055358789667175,0.115568366536219,7.14779434240973e-05,2.51344400096745e-05,2.29307228079898e-06,1.88302762927635e-09,0.0299801814375216,0,1954.66444444444,8.7131587923263e-12,0.000349751915708812,0.00162488972865838,0.00238805600192959,0.000229974406130268,1.53007084128588e-05,7.27144520666255e-08,122.025444444444,1.11189235072766e-05,2.35719812733058e-07,0.000182230301619272,0.000408603186749599,0.00805702222222222,0,0.042316427081969,0.000793231192599196,0,0,0,1.38430397777778,1.60581813685824,8.59282210453347e-05,3.31428763297426e-05,1.8713987,0.188696882684399,0.311472248390307,1.57328086713808,0.0941835838051051,0.470707186873911,0.202296181819159,0.00621770823026944,2.31878692024548e-10,0,0,0.118205804712644,1.05485168495001e-05,0.172319239840729,0.000474272379043856,0,0.164485011111111,0.21649928603832,0,0,0,0,0,0,0,9.11767851545958e-05,0,9.52292334154662e-06,0.000342766333851416,0.257224055555556,0.627683156431704,0.0169857727827459,0,0.294268751857978,0,0,0,0,0,0.118532143632731,8.85549126666667,0.14530127194991,0.196943503127662,0,0,0,0.00137881290147144,5.60549169090871e-08,1.31224232727776,0.0016488682573244,0.320050387819593,1.21480234704255,0.0133942414782257,0,0,36.0272846632142,1.28666534766534e-18,1.54806196067536e-06,0,0.0011211137098457,0.0301247979253292,2.620675422374e-05,4.41089283752324e-05,0.191313655594887,0.00258364139756101,0.274515603925581,8.4667623205865,3.5712131924803e-06,0,0.825116950506945,3.18303682961436e-12,0.0234515651400568,0.00166027713126385,0.117827333333333,0.000801074326647144,0.1158718,0,1.4498472937736,0.724589832175444,0.416799321973021,1.94308050240269e-06,1.99226574756004e-07,0,0
1,0,0.118218084540904,0.611147574403615,1.01969426968637,1.25504272398555,0.0508780337977709,4.23241979432855e-08,0.000627747892720306,0.000144423103448276,0.000541168366372266,0.10772364236774,5.47074159014063e-05,2.56113497486987e-05,2.00986232816971e-06,1.83172844984105e-09,0.0299178975027117,0,1957.00188888889,8.07811753595804e-12,0.000317719042145594,0.00158432097966581,0.00232876612039587,0.000216483141762452,1.28077598896612e-05,6.59244583702375e-08,119.742888888889,1.03297107857167e-05,2.11850478581517e-07,0.000161037293844259,0.000445279572089405,0.00601200049986139,0,0.0412986693182403,0.000807165707345377,0,0,0,1.18825090443325,1.48313298842912,7.65999490042791e-05,2.88592200932928e-05,1.73231613333333,0.185072412369768,0.303889571000958,1.53424104776093,0.0918650696260597,0.458978619858129,0.19721668301687,0.00590155286414792,1.98176884299022e-10,0,0,0.127172220383142,9.77438256995701e-06,0.179774258022265,0.000463977217242857,0,0.124216688659004,0.212378137326884,0,0,0,0,0,0,0,6.89930121431301e-05,0,9.28797798233722e-06,0.000300543127870534,0.230797853418641,0.608204858803747,0.0164883963634256,0,0.287183134417735,0,0,0,0,0,0.119599243990273,9.56934337977374,0.14182582792286,0.19619951393138,0,0,0,0.00117979689154929,4.81936228368581e-08,1.21046504386288,0.0015374219567884,0.312075430561355,1.16642721171445,0.0130618782802168,0,0,35.0520495420349,1.24717547351119e-18,1.52399268951934e-06,0,0.00107613913859587,0.0298354845465748,2.43874831391421e-05,4.76216284658318e-05,0.186567858479831,0.00192838817368281,0.274897449163161,8.34144786983386,3.03503492662129e-06,0,0.814109459685525,3.08401267544202e-12,0.023260356860437,0.00162029766210844,0.115611015814847,0.000798850444507221,0.107966201115765,0,1.45397057134005,0.72330188434798,0.418398418944741,1.74944504806655e-06,1.93258854635547e-07,0,0
1,0,0.115866027930474,0.597473422643007,0.905392328643079,1.24691029997909,0.0504170669686431,4.12676939070531e-08,0.000706148544061303,0.000152248352490421,0.000529038389304523,0.0992065834095349,3.79368883787153e-05,2.60436423476654e-05,1.75155151202386e-06,1.64745269738648e-09,0.0298467105418731,0,1958.07866666667,6.80618287784508e-12,0.000280115785440613,0.0015446371237042,0.00227075734944884,0.00019830061302682,1.0760139134655e-05,5.31135251241145e-08,122.651111111111,9.73301512417351e-06,1.85005393269647e-07,0.00014223297594682,0.000425372157742817,0.00587496165717486,0,0.0403009614026511,0.000819184035462106,0,0,0,1.16243304021743,1.34085255176245,7.01737200580977e-05,2.51538419105182e-05,1.65711967777778,0.181448743912508,0.296460802252008,1.49604583799449,0.0895967294294871,0.447506259019173,0.192247909883883,0.00559159460086657,1.78859997058481e-10,0,0,0.141049608275862,9.20299484029772e-06,0.186020151748766,0.000453645517003528,0,0.092537795440613,0.20826468562149,0,0,0,0,0,0,0,5.22047644017958e-05,0,9.04856704553806e-06,0.000290510383208074,0.228213848279741,0.589622906461881,0.0160059323793911,0,0.280241901390017,0,0,0,0,0,0.120214674250405,8.62124137517135,0.138417001591178,0.195198709591457,0,0,0,0.00126134317487139,5.127915888062e-08,1.26199518872084,0.00157186588564342,0.304275101290237,1.12127794313289,0.0127367053501534,0,0,34.0984497477969,1.18843814069582e-18,1.48793722515035e-06,0,0.00103329656193183,0.0295309376732356,2.27165709997442e-05,4.4994239162521e-05,0.181924567746375,0.00154584537253922,0.275093394757058,8.21565805705798,2.98832807962247e-06,0,0.802716868167237,2.96724665722261e-12,0.0230689151772283,0.00158114071643489,0.11475830204585,0.00079639710667796,0.107379812089486,0,1.45838524172641,0.722364033928294,0.420102092011085,1.56312451073694e-06,1.85863925627691e-07,0,0
1,0,0.113481000448503,0.583874016195929,0.848050988888889,1.23800462089707,0.0520351777777778,4.1608516981161e-08,0.000662508888888889,0.000129305555555556,0.000517039893833418,0.089626698719697,2.11663608560243e-05,2.6497974973972e-05,1.59366521028071e-06,1.83392967038337e-09,0.0297597384096663,0,1958.24688888889,5.89948590895328e-12,0.000311074444444444,0.00150548056598588,0.00221351056022847,0.00019784,9.03629016378697e-06,4.45813423084073e-08,123.564555555556,1.04412541041025e-05,1.63533101930893e-07,0.000126444640210424,0.000424900007912817,0.00692896666666667,0,0.0393148178138134,0.000829764752782875,0,0,0,1.14378926666667,1.25100367444444,6.46405873876025e-05,2.19481533462388e-05,1.50582937777778,0.177788351297651,0.289122837170634,1.45835329930385,0.0873575374192396,0.436186831629614,0.187345456368557,0.00530330834805546,1.54018091235115e-10,0,0,0.143511585555556,8.63148790160007e-06,0.191095825765737,0.000443237936532267,0,0.0794622044444444,0.204087288537753,0,0,0,0,0,0,0,3.9490567190174e-05,0,8.85092072660211e-06,0.00026503646624732,0.206853933333333,0.571115273978531,0.0155331091423027,0,0.273385494545475,0,0,0,0,0,0.120606509201349,8.24462874444444,0.135042465229015,0.193910249040909,0,0,0,0.00119408053380682,4.77301448860274e-08,1.23884885226986,0.00149359079013686,0.296578633216338,1.07729455428555,0.0124158116612196,0,0,33.1621619807445,1.17243645616274e-18,1.47883979349038e-06,0,0.000992271488575422,0.0292058565781411,2.20709907442178e-05,4.44716533086341e-05,0.177342282893178,0.00130415032963054,0.274997813486658,8.08970574993552,2.79486567998787e-06,0,0.790823057357301,2.91221229942574e-12,0.0229248375822359,0.00154247016103013,0.117061588888889,0.000797632350261023,0.124713233333333,0,1.46123113627528,0.720330712254165,0.421417000164735,1.40993939092807e-06,1.81944853820432e-07,0,0
1,0,0.112138707192651,0.571575448522897,0.854586892720306,1.22191137593382,0.0613489440613027,1.16834387092239e-05,0.00059734,0.00012553,0.000833313149289545,0.0734620123696319,4.39583333333333e-06,1.62495849945419e-05,7.82194291406376e-06,2.25338429454145e-08,0.0296853021451804,0,1957.87122222222,2.29035351857885e-09,0.000407072222222222,0.00147541613325033,0.00216529000663682,0.000205674444444445,3.72749996899155e-05,3.20039315210147e-07,129.220111111111,3.18950381861098e-05,1.30386175604905e-07,0.000115848903533745,0.000293258065985623,0.0051793,0,0.038470759885088,0.000551060603706052,0,0,0,1.22780719616858,1.23725740888889,0.00708280182843043,2.12898507261108e-05,1.4639554,0.17354931165725,0.282721173368103,1.42526974685557,0.0853417555346252,0.42527264311693,0.191376557300922,0.00508374079189041,1.08410982432152e-08,0,0,0.188975082222222,0.000632668076863806,0.169669209694584,0.000430028763609754,0,0.0752339266666667,0.198650134413103,0,0,0,0,0,0,0,6.75334361005431e-05,0,1.42425818709159e-05,0.00100961221479424,0.218768055172414,0.563023344845914,0.0149734475839332,0,0.267550414313236,0,0,0,0,0,0.0773995946618721,9.28322543793104,0.139249948547957,0.190993297944025,0,0,0,0.00190154026926549,0.00200485578672693,1.98235812674318,0.00151265384969534,0.366161664987932,1.11290115867999,0.0121182340730048,3.59493617736708e-15,0,33.2383527057069,2.39168203954602e-08,6.29217287573366e-06,0,0.000957658579393388,0.0301994451656354,0.000217781579585459,3.16863686043996e-05,0.173044666900027,0.00392850559604261,0.283904722840219,7.9728064361836,0.000318299135668207,0,1.09594235481047,1.24130851693723e-11,0.0226917227803856,0.00150962613676392,0.116620177394636,0.000433607038167489,0.122392043678161,0,0.754882519859737,0.376302839387555,0.21873681253275,5.43059607935732e-05,7.78228196914819e-07,0,0
1,0,0.110435633497476,0.564672865917304,0.872212026086129,1.17801762927397,0.0630230388913467,2.18658338161788e-05,0.000584606168582375,0.000126924636015326,0.00119411986390918,0.0541938717496126,9.4047656021536e-06,9.16137648742631e-07,6.85802363003217e-05,1.98880110723955e-06,0.0296790236974093,0,1957.34155555556,5.82297695999985e-09,0.000417477624521073,0.00146081375442655,0.00213437371038596,0.000174050881226054,8.90169673498479e-05,5.1045453694405e-07,135.043222222222,0.0002187592823399,1.75078966933226e-07,0.000123110663223079,0.000287525627735709,0.00535766868001695,0,0.0383227175127438,2.2615443574384e-05,0,0,0,1.2633287050157,1.09954301877395,0.0235885982010971,2.86565334718066e-05,1.51701857777778,0.169617269649711,0.280305578642069,1.4014884841559,0.084378268587687,0.421868391747382,0.206840354208742,0.00521446000341898,1.00897649229508e-07,0,0,0.178241570574713,0.00618841333018997,0.11975033026273,0.000416096292407847,0,0.0673406437931034,0.190141663837892,0,0,0,0,0,0,0,0.00290169361381931,0,5.15523583870778e-05,0.00108510374650002,0.313811745304667,0.58672299619117,0.0156991561303664,0,0.266290878252306,0,0,0,0,0,0.000871987373290534,13.3612601754616,0.146697417339579,0.185928808657054,0,0,0,0.000834014985619217,0.118900515504337,2.54746239984193,0.000583259734684555,0.445843761250153,1.15044251114244,0.0118906705829087,1.25584335454593e-14,0,33.9684777280073,6.91112874143463e-08,3.94556924123062e-05,0,0.000919669652104569,0.0361852047617682,0.000795830364997354,4.18212854310888e-05,0.170090872405446,0.0360650945750708,0.303884347006487,7.89739517738129,0.00355033463383764,0,1.38764735989402,7.43569789537383e-11,0.0223858139031682,0.00150336342095375,0.127795084807338,1.64826455277242e-05,0.132865125007184,0,0.00126246309362098,0.00196239708259876,0.000386486848349145,0.000179711880967042,4.77098926206069e-06,0,0
1,0,0.108359128249671,0.563512277287156,0.972549035542115,1.1275146566506,0.0620202541544839,2.25385183882234e-05,0.000504717662835249,0.000110609655172414,0.0019594660305374,0.0428159206537231,2.10062873964666e-05,2.70264056683345e-07,5.46737182829541e-05,8.15508959907591e-06,0.0297690784766396,0,1957.61944444444,9.46552819791457e-09,0.000402453295019157,0.00147927989374462,0.00213148688214684,0.000179848505747126,0.00012167881834323,2.8630500518576e-07,146.609333333333,0.000503986826984955,1.49096647827226e-07,0.000167722904571351,0.000142131825718778,0.00507927781142324,0,0.0385482936779915,6.64553600539118e-06,0,0,0,1.33359060355152,1.07292019862069,0.0470383471297723,4.36613218054293e-05,1.6856077,0.168554440225431,0.282114956030176,1.39199289531142,0.0866552568156121,0.413232701130008,0.232569942249422,0.00561064620273382,3.89184486773475e-08,0,0,0.163897494061303,0.00258764458929729,0.0647939638648786,0.00039767895066877,0,0.0809038995785441,0.170760325616891,0,0,0,0,0,0,0,0.0110665074582107,0,9.39849812000274e-05,0.000550291433329113,0.509400107888883,0.685217624086,0.0134493628298662,0,0.268543727905914,0,0,0,0,0,0.000343697174356865,13.7064419504123,0.140980194828883,0.179381963300274,0,0,0,0.00129585816970116,0.575083776496944,6.43687890128083,0.000468254360672807,0.44800025389963,1.11368128476737,0.011832674952364,3.5032251623314e-14,0,34.5303089615798,2.14502046503124e-07,5.24534766344884e-05,0,0.000938381991535556,0.0416290548085698,0.00152518595769564,2.42445267057865e-05,0.16719948748532,0.0804317842648022,0.298922335133084,7.89427858305585,0.0028202094352981,0,1.33338956357045,9.35428537115249e-11,0.022090803663784,0.0015182264955353,0.163864590764064,5.54105864804999e-06,0.150865161709405,0,0.000376882554052955,0.000775803106914611,0.000115388618864918,0.000311430758099754,6.33223805589352e-06,0,0
1,0,0.106128478060117,0.565119227082851,1.06859541111111,1.07488872825643,0.0935795222222222,1.88395671944192e-05,0.000721572222222222,8.34206513409962e-05,0.00142078049801268,0.0286167956857219,1.42183673469388e-05,3.38640256735884e-07,7.86553824047699e-05,2.43280988461381e-05,0.0297994008633264,0,1958.95388888889,1.08336062472563e-08,0.000369876819923372,0.00151289289038225,0.00214087197077154,0.000181071609195402,0.000122969984685974,2.72292029492879e-07,167.094222222222,0.00100760430675674,2.59651845658911e-07,0.000262484882007561,0.000138702606925503,0.00573305555555556,0,0.0384651165704964,5.52174000634632e-06,0,0,0,1.78498594444444,1.09244091796935,0.0645771567850435,6.25170580890339e-05,1.85949453333333,0.170714726248952,0.287745660152291,1.39224729229134,0.0902886086694057,0.403375877439471,0.263497121081131,0.00618222455763279,3.66814639061524e-08,0,0,0.1890624248659,0.00254969190557524,0.027524836514722,0.000370736650812478,0,0.0833556151340996,0.145654432215617,0,0,0,0,0,0,0,0.0225013986323594,0,0.000121783660636056,0.00060586361163441,0.678135788888889,0.833490131582992,0.0111220720424495,0,0.271678155654992,0,0,0,0,0,0.000380778829105337,15.4322028333333,0.134515697557105,0.172764999075182,0,0,0,0.000938967993807929,0.890553016739412,7.15071252770503,0.000374673987629129,0.450782614440081,1.07973647374988,0.0117648557624863,7.91231795380847e-14,0,35.4965527953007,3.35604234750198e-07,6.66273647213919e-05,0,0.00107590697302871,0.0455581060898727,0.00272024067079778,2.97910743629798e-05,0.164108235215693,0.11809409009503,0.266334487786605,7.9135536909632,0.00247889417909121,0,1.27177786463206,1.13579918231039e-10,0.0217671481664993,0.00153914998068455,0.186579455555556,6.61001776354271e-06,0.218796888888889,0,0.000317719981523516,0.000687812123872602,8.89226372644302e-05,0.000515389558197969,8.03591778869733e-06,0,0
1,0,0.103737471004401,0.565666699363717,1.22347826015326,1.04001291601492,0.0941340804597701,1.0488526516671e-05,0.000694362567049808,3.11606130268199e-05,0.00125131440025275,0.0130004746584694,7.49999999999994e-07,1.10073042657845e-07,4.34625361605626e-05,3.07005944655255e-05,0.0297715169580877,0,1958.70488888889,1.10738969989461e-08,0.000384420536398467,0.0015684826601382,0.00216475522117826,0.000164170038314176,0.000105863703680472,1.2437343464836e-07,165.920555555556,0.00125418023073409,1.45001498646485e-07,0.000390034434250935,5.98006321260616e-05,0.00597604406130268,0,0.0378805298698894,1.75879379034414e-06,0,0,0,1.8134403045977,1.14844857279693,0.0668386622851702,8.03836927539313e-05,2.20819623333333,0.173934903017281,0.293126061240143,1.40757387508483,0.0972260095427053,0.39248760303337,0.292770024400878,0.00662650450500905,1.65682822314309e-08,0,0,0.216945109616858,0.00106394320069187,0.00957246359570938,0.000335099983608952,0,0.123577683295019,0.115896954453591,0,0,0,0,0,0,0,0.0331048090374959,0,0.000122974329920773,0.000276382055590226,0.95190893908046,0.99738568889885,0.00929653578894312,0,0.27245143695136,0,0,0,0,0,0.000173723663026054,12.3131948984674,0.128586845527438,0.166052931561837,0,0,0,0.0014883822507658,2.26138628298373,14.3635375725718,0.000337353014918948,0.452983915495678,1.04747775664306,0.0115255192142683,1.50093662980077e-13,0,36.7007425545904,7.73020122574195e-07,5.41197469336915e-05,0,0.00132043305179023,0.0429933417253458,0.00319176550354319,1.49083354639831e-05,0.160644165189967,0.126543023861566,0.209155691415064,7.97444117445682,0.00180319858898282,0,1.21560223475779,9.0282793560025e-11,0.0214053090688307,0.00154647017848345,0.239008059003831,1.94268811272742e-06,0.200234419923372,0,0.000133589160564517,0.000275847170290528,3.53978118208507e-05,0.000551556758812004,6.58195205756004e-06,0,0
1,0,0.101397351506861,0.573515733056544,1.26970831343289,0.999151613696457,0.0851106501551749,1.46893821012958e-05,0.000673836513409962,5.69333716475096e-05,0.00104412291328201,0.0155411090138382,1.64053631813502e-05,1.73582933909437e-07,7.54969471534069e-05,5.56826250777432e-05,0.029752208114531,0,1958.62022222222,1.4704591715933e-08,0.00040336214559387,0.00166705254101728,0.00222195852839767,0.000143748429118774,0.000102558233254212,1.98288272900212e-07,165.642555555556,0.00161687421221737,2.92312557156171e-07,0.000569674566470602,7.67174975861749e-05,0.00742533905042219,0,0.0370429359488803,3.00827307748069e-06,0,0,0,2.61483308126824,1.15779886137931,0.0760390782473969,0.000107055629892516,2.58841621111111,0.181467378896774,0.307783641512867,1.44407922585803,0.104840081875206,0.381373158323273,0.322151028494269,0.00738964178330391,3.04770217020984e-08,0,0,0.228515242413793,0.0018317510930625,0.00335238431553733,0.000295384572626829,0,0.116860537049808,0.0899408038069814,0,0,0,0,0,0,0,0.0481852303075284,0,0.000123320933016655,0.000511164509160597,1.01968034304839,1.20965813262302,0.0074262472863424,0,0.275822119097448,0,0,0,0,0,0.00030748655895087,11.6162964249838,0.12187837641039,0.163186961536306,0,0,0,0.000942568433929903,1.90310079937656,10.9107498195328,0.000321368201709758,0.458032148663296,1.02283621619339,0.0116004966245121,2.50047450947535e-13,0,38.2138429659776,7.30310185921209e-07,7.89971975812117e-05,0,0.00177043460573847,0.0462468527574452,0.00387193114738973,2.72004538760813e-05,0.15734966771877,0.138964735148064,0.16470457646807,8.07546583567462,0.00204243443484875,0,1.15177845736818,1.28983540654267e-10,0.0211007851923013,0.00156907521169201,0.248911580664895,3.49058454085751e-06,0.207557961835906,0,0.000225268499613534,0.000414654216997459,5.63179104182574e-05,0.000626521459922527,9.70085736108034e-06,0,0
1,0,0.0994186537291174,0.593419508233407,1.56554772660207,0.976908689510904,0.0861270174498656,1.49656044805027e-05,0.000681735845921787,6.82948152805882e-05,0.000781820241707152,0.0109307212944943,1.14836903391935e-05,2.98429966375641e-07,0.000142438115789781,9.47624300004722e-05,0.0298476001970642,0,1960.91633333333,1.89277441761796e-08,0.000450604666650931,0.00177212769831941,0.0023104156477531,0.000141249276541281,0.000102251685837981,3.22592785896056e-07,179.830777777778,0.00209914131875759,5.84077853057931e-07,0.000866522460730623,0.000107602071816767,0.00875182089862724,0,0.0358185459822515,4.96823374900407e-06,0,0,0,2.37611601753682,1.29629245213828,0.073928811430462,0.000146951169189282,3.35360171111111,0.198874585258461,0.336290619757965,1.51916950275821,0.114452098235075,0.3712424105622,0.349670104016297,0.00854316139264565,5.31330334686862e-08,0,0,0.332183218696269,0.00294111841594966,0.00153782097381906,0.000256690476567784,0,0.11431161942307,0.0693906549653269,0,0,0,0,0,0,0,0.0568509937274815,0,0.000119106592427808,0.000607982077095167,0.727401510758543,1.33353324938434,0.00565093898014765,0,0.283427016866225,0,0,0,0,0,0.000568313511405842,10.9339443919254,0.114625575055336,0.166426711711813,0,0,0,0.000634053177590713,1.61362822738412,9.02130514854714,0.000336895622163877,0.473544733692276,1.02042539082187,0.0116510632868001,3.81686035047238e-13,0,40.3415853531332,7.25715443788854e-07,0.000112568623895852,0,0.00246973601966596,0.0523512975358143,0.00477234457344906,5.11109286039663e-05,0.154753894601449,0.157357761003348,0.131174393336706,8.39906511154646,0.00206212828115009,0,1.08197868800375,1.78733255204337e-10,0.0209374279542987,0.00161633359906347,0.374492800129998,6.00470465417892e-06,0.212661783368893,0,0.000432282426715047,0.000625677899087312,0.000108155823641084,0.000732136352740211,1.43141931147499e-05,0,0
1,0,0.0980666573765822,0.633972508653331,1.47274924444444,0.905421834232645,0.0614567222222222,2.49004761076035e-05,0.00116307227918094,0.000850232562561564,0.000662746200273307,0.00507659846428721,6.56201749703684e-06,7.09607834554343e-07,0.000433947398449025,0.000175093499527682,0.0300183656876634,0,1961.46377777778,8.99632520148156e-08,0.000550523547312537,0.00244362633563308,0.00277036334246086,0.000151333375824382,0.000351538648181026,2.9866686074371e-06,181.758666666667,0.00264463087169632,1.99152482460745e-06,0.00142787206020796,0.00025693109720452,0.00858008888888889,0,0.0337613927563475,1.57533731866656e-05,0,0,0,2.37340083333333,1.67643576170839,0.0726909286973092,0.000260590243855277,3.96800077777778,0.232677992025855,0.388296567252197,1.62786795102329,0.123610263975068,0.365082130217196,0.371201122901083,0.014582909275798,1.43507692618059e-07,0,0,0.483491712019981,0.00812033541914595,0.000881692084710433,0.000242239455401749,0,0.116609659228442,0.059696328770127,0,0,0,0,0,0,0,0.0586302210188223,0,0.000115563725548822,0.00119908788708781,0.446949233333333,1.32526911596038,0.00487598468172627,0,0.299922947438889,0,0,0,0,0,0.00180277230159533,10.3058052666667,0.106573234408261,0.177556038897706,0,0,0,0.000309468610438558,0.846211208373118,5.12012923607133,0.000380818389109444,0.48679362053607,1.02175418990357,0.0116142750732331,5.47174523298304e-13,0,43.2748461517151,5.32674580458752e-07,0.000196530804125799,0,0.00342317959622566,0.066193990201218,0.00580750335957928,0.00016283533982725,0.153832261692533,0.191185710025758,0.118307174950452,8.59424321588709,0.00240379465336772,0,0.993680973315837,3.00589697451755e-10,0.0208725542612948,0.00171333170497318,0.228318333333333,1.79576089849615e-05,0.193299266666667,0,0.00107686412666924,0.0014385896824307,0.000218617984625727,0.000839673761327529,2.58806926092483e-05,0,0
1,0,0.0962852030982914,0.675115388981737,1.65461533333333,0.807235666987196,0.0734142777777778,2.89535050159006e-05,0.0013180469960462,0.000591209848248129,0.000766131945227452,0.00364189848453356,8.16211128154947e-06,9.01800577855743e-07,0.00050303921759528,0.000219398822877318,0.0301031181442143,0,1983.046,7.19737898968053e-08,0.00051561499537224,0.0027896547109338,0.00306463843905908,0.00014909142740688,0.000337875423849233,2.58432546367745e-06,192.083444444444,0.00320718464656156,2.63242186542107e-06,0.00223474175828145,0.000240003429092074,0.00770908888888889,0,0.0312488584853544,1.55291575385357e-05,0,0,0,2.72525443333333,1.54310768019886,0.069217439122721,0.000339488990556318,4.44283525555556,0.268402242272774,0.438238395745493,1.7562435605287,0.133991046263493,0.357354137041265,0.387375272145754,0.019364424302596,1.6377117009177e-07,0,0,0.581959572919018,0.00862353990742209,0.000618902405801062,0.000234777523137983,0,0.104018191571493,0.0506302903965747,0,0,0,0,0,0,0,0.0569649943330883,0,0.00010525919663848,0.00106154938923729,0.372888822222222,1.26445547729154,0.00411127921199051,0,0.316934888329023,0,0,0,0,0,0.00202845595458718,11.0151562,0.098240466960764,0.186529296049465,0,0,0,0.000347050118114025,0.8942188426695,5.4427420573305,0.000426183961344831,0.490298972843337,1.01202583967903,0.0115738674265224,7.29697653469359e-13,0,46.3284630296661,6.06546514952794e-07,0.000220332655365121,0,0.00422177046024001,0.0706281359724535,0.00691471642012553,0.000172038968365153,0.152386282538284,0.220801771806754,0.108927728465645,8.59586986962416,0.00254604898749834,0,0.899534078788065,3.28989962854072e-10,0.0206836569204225,0.00181347082122808,0.134584788888889,2.13551322001311e-05,0.216663855555556,0,0.000967727021743769,0.00126415681180118,0.00016441269865791,0.000965492659320453,2.87834142681964e-05,0,0
1,0,0.0948319416685001,0.717822949089746,1.86781974382684,0.70626433853211,0.0942460069550673,2.39022770122989e-05,0.000795455555555555,0.000171331111111111,0.00057613511454739,0.00338932464985749,9.76220506606209e-06,1.45449509763333e-06,0.000657650824848905,0.000288138874853569,0.0302435454779328,0,2041.45544444444,4.11459208437266e-08,0.000605253333333333,0.00276758876364889,0.00316317349207514,0.000167627777777778,0.000225464978492421,1.80568028008138e-06,195.558444444444,0.00414210870862247,4.09361247370529e-06,0.00334792846356516,0.000254814646839335,0.0107076949967129,0,0.0285065888574695,1.78424842171191e-05,0,0,0,3.36881150965474,1.38846050333333,0.0562645056960534,0.000395670857097819,4.78576144444444,0.301264474872489,0.483184675945011,1.90563096638876,0.145132845387611,0.352130975526961,0.390077284213789,0.0218361675751382,2.0667477082918e-07,0,0,0.811692991111111,0.0104092199894247,0.000466915243922251,0.00021733534359049,0,0.100174562222222,0.0426430583886433,0,0,0,0,0,0,0,0.0502767208987093,0,9.33177404788814e-05,0.000936947502308593,0.2637293730175,1.12579143213018,0.00354668843950523,0,0.336014157006462,0,0,0,0,0,0.00262275665614038,10.8511955086805,0.0910266296256549,0.192936335058975,0,0,0,0.000346715607761276,0.814052247259448,5.13453191322853,0.00047112426270773,0.489401313285145,1.00105508408515,0.0115887535895114,9.21175189773337e-13,0,49.5096499966707,6.22782749302736e-07,0.000252728513348581,0,0.00475497424956852,0.0719297988062514,0.00897295408958168,0.000195070274703479,0.151806681178798,0.257873939023386,0.102846564145475,8.52505788935063,0.00276746490723531,0,0.807123320060805,3.66265515906289e-10,0.020708015789386,0.00192820719026821,0.0958288621427089,3.5121507164124e-05,0.28418581561352,0,0.00105125617012664,0.00129768844094674,0.000158788767676258,0.00126193678087921,3.24278834545878e-05,0,0
1,0,0.0956289734636528,0.765844481396669,1.49160630638724,0.620349019136006,0.0711088394480738,2.31211525297625e-05,0.000790574827586207,0.00011984153256705,0.000396451831070599,0.00288316451581536,1.13622988505747e-05,1.86310299155758e-06,0.0010224131187546,0.000321410397620356,0.0305283282698653,0,2021.67266666667,4.46823790433785e-08,0.000649013218390805,0.00275995464255155,0.00327653353464294,0.000140167471264368,0.000222698879364376,3.03358949265964e-06,170.548222222222,0.00426798846262856,6.82682859408126e-06,0.00478065264751176,0.000387844631092657,0.00479263827475124,0,0.0268298286947935,2.88099478068816e-05,0,0,0,2.45833480474767,1.22276449938697,0.0520602002489109,0.000462659683876003,3.94170438888889,0.330030673377032,0.523923530246827,2.03079443341611,0.153632211069806,0.360934325974183,0.381051596434596,0.0241423052969567,2.33186958531527e-07,0,0,0.961919758850575,0.0157806210585722,0.000444603567159656,0.000202002551426473,0,0.078523251532567,0.0502250384051611,0,0,0,0,0,0,0,0.0514565761276776,0,0.000111625297925995,0.00196282142977046,0.336638567513134,1.06095570696133,0.00626324232050886,0,0.358828456072424,0,0,0,0,0,0.00423288091402175,8.03240211100745,0.0893974670313696,0.196446513257956,0,0,0,0.000243041783348468,0.541145975428708,3.77622001784914,0.000519211072344021,0.49098020944046,1.00125604548478,0.0116971321207521,1.12451572231912e-12,0,52.9368092230276,5.46987380551008e-07,0.000290224775781877,0,0.00511183436264899,0.0703274050040096,0.00902350916510534,0.000310733972859036,0.156013867047885,0.250684022558811,0.0958826915442229,8.49674605491124,0.00263481041233391,0,0.728477996034369,4.0112978287783e-10,0.0204403475027144,0.00206860470221156,0.102060477924293,4.81145027158757e-05,0.23087743283603,0,0.00174640337369821,0.00209543236329853,0.000270906377051442,0.00115815731317783,3.70170595386052e-05,0,0
1,0,0.102456578764386,0.80828843881041,0.993263988888889,0.561238349697724,0.0447464777777778,2.22003321551146e-05,0.000892986206896552,2.55426053639847e-05,0.000206786668005166,0.00280141297008442,2.14683141762452e-05,2.04363699023183e-06,0.00158235796310288,0.000310442669677367,0.0308489309881113,0,1951.04988888889,3.70948654989348e-08,0.000576669961685824,0.00272108265680637,0.00336426059977241,9.1564521072797e-05,0.000190619225669322,5.31554701143542e-06,134.928555555556,0.00412411509917165,1.11541255812296e-05,0.0060201149688601,0.000674132001740002,0.00102576666666667,0,0.0303786558506919,5.83323348638898e-05,0,0,0,1.76527673333333,0.990319160536399,0.0534632249102261,0.000514247919802022,2.59273628888889,0.346538165813548,0.554137462728742,2.10044025439947,0.155941457297738,0.401244809605154,0.370999640980113,0.025629638739654,2.07842475608341e-07,0,0,0.656972538582375,0.0236056625760534,0.000522690083241589,0.000202149182862545,0,0.0542421140996169,0.0855478621581481,0,0,0,0,0,0,0,0.0535427107207236,0,0.000234108565135687,0.00408280321230236,0.432050355555556,1.05840384196178,0.0183304944670934,0,0.378401005876303,0,0,0,0,0,0.00712179846469436,5.68699716666667,0.104728001700674,0.196650033392388,0,0,0,0.00011002653719809,0.268665195681833,2.10922957098483,0.000484753749571118,0.491756470205822,0.998531891386046,0.0121325160968941,1.29537253675608e-12,0,55.3503663216833,4.23988429745069e-07,0.000270871723557531,0,0.00539986356393497,0.0617531096995529,0.0082760687618514,0.000571527815367824,0.17246576078531,0.185623677039212,0.078764974140185,8.50144040328553,0.00188667868563717,0,0.698533181380649,3.58174450104126e-10,0.0199197762722473,0.00219109702330914,0.115199533333333,7.86219797942845e-05,0.217862577777778,0,0.00319773069286745,0.00374231198023458,0.000520511019643873,0.0010025298457704,3.44600652714827e-05,0,0
1,0,0.106899627593893,0.854117172601256,1.04491443333333,0.521977322157869,0.0530545111111111,2.41261143214719e-05,0.00110544111263151,8.19939463601533e-05,0.000266682364122463,0.00256171796025938,1.61853256704981e-05,2.24174109395896e-06,0.00140220617106874,0.000258917896259719,0.0311615047068325,0,1949.85488888889,4.55982787186124e-08,0.000614329233716475,0.00274753177311689,0.00349005642820106,7.28704214559387e-05,0.000216849765601466,5.69941595207489e-06,141.892666666667,0.00361051363452785,9.37207041535234e-06,0.00718345045690906,0.000570505026411816,0.00183242222222222,0,0.038175401840505,6.74336251996587e-05,0,0,0,1.80472641111111,0.938660231877395,0.0576574562065216,0.000573866493944635,2.79680037777778,0.36127096133535,0.585134693695716,2.17781243292022,0.159821519787948,0.432458211342015,0.361572995086218,0.0275088632021781,1.99684275606836e-07,0,0,0.669030158007663,0.0225660877178606,0.000528754737363511,0.000201237128485921,0,0.0544879584291188,0.109596730825539,0,0,0,0,0,0,0,0.0577283249994694,0,0.000379732221871173,0.00395875748440557,0.452513477777778,1.09032843907224,0.0218575724608899,0,0.398750297334009,0,0,0,0,0,0.00637151970646097,5.5879314,0.112409573238005,0.198342826565747,0,0,0,0.000140326288969077,0.322013385468212,2.57289913675401,0.000560850953923298,0.49643009566113,1.00491649573207,0.012389667111272,1.43512774265768e-12,0,58.0568809832189,4.90773360743246e-07,0.000291357019673223,0,0.00571002034183705,0.0599485367082928,0.00700496871116859,0.000521906033769549,0.184147992369017,0.172420718258738,0.0704066946248572,8.57299433082736,0.00196956985248181,0,0.661206335554398,3.76591113575979e-10,0.0194497229634123,0.00231581943996018,0.141659644444444,5.38341202357994e-05,0.162002466666667,0,0.00313481232451851,0.00351506730607365,0.000539448460756619,0.000795747188978267,3.73531467387174e-05,0,0
1,0,0.113156298690707,0.899430749802555,1.11897751936493,0.481392514763784,0.0457171717779414,2.03088175377046e-05,0.000843145767585705,8.341312899106e-05,0.000201055994633195,0.00130428150800742,6.53467432950192e-06,2.24941730478538e-06,0.00166463069864635,0.00021505937236179,0.0314921164907018,0,1951.25,6.89738702606649e-08,0.00104630567049808,0.00289422160749045,0.00369308588810028,8.54104214559387e-05,0.000315535097741196,1.03875938414821e-05,140.925222222222,0.00316011590902927,9.74648709342927e-06,0.00806089790415109,0.000615564217082761,0.00261403651715068,0,0.0462066102964195,9.60213178531505e-05,0,0,0,1.77489314573797,0.919447412681992,0.0521860742226321,0.000635598366565354,3.1024913,0.372483162373043,0.612309282649574,2.26775310244165,0.163036206108145,0.473554735541022,0.35112860243286,0.0306434965530212,2.3156543964152e-07,0,0,0.757412297088123,0.0252656197629263,0.000367979406041063,0.000232775956013185,0,0.0461205894636015,0.124070299628509,0,0,0,0,0,0,0,0.0540488461107895,0,0.000463184963499995,0.00368418626009066,0.373591698005213,1.04942266137656,0.0237081210173938,0,0.418467523269898,0,0,0,0,0,0.00762887795216962,6.01615202276028,0.125541148489345,0.199895538244768,0,0,0,0.000121819321416808,0.274912298030023,2.31998361225095,0.000595665150020157,0.496696138113684,1.00454441940651,0.0123313892443549,1.52477888122301e-12,0,60.4019228071082,4.84923813199971e-07,0.000296792595485443,0,0.00591670093880075,0.0556082855410287,0.00599561508924184,0.000600579325316797,0.199920552519017,0.162672695050469,0.0605501607989491,8.57774118315307,0.00178594362142454,0,0.636343166088245,3.73342908877254e-10,0.0190543239352084,0.00243435374747381,0.11240390337922,5.60029750232762e-05,0.145388268489951,0,0.00341435130076875,0.00360527305986925,0.000538324804565035,0.000673961062756065,3.81645471933454e-05,0,0
1,0,0.123272416962533,0.939131547093986,1.01817547227408,0.45422230065309,0.0596449799562487,2.17881482265567e-05,0.000940677340581097,8.48323116219668e-05,0.000165006315274956,0.00106484489297658,9.46490421455939e-06,3.64122952654373e-06,0.00197824124729892,0.000199934516231148,0.0318612839758141,0,1949.50511111111,6.69330642692824e-08,0.000952377432950192,0.00295240187451178,0.00385711050381698,8.67221455938697e-05,0.000296181856746524,1.42800126261986e-05,134.036777777778,0.00306241953267307,1.16214118154349e-05,0.00869055445430535,0.000742489191224497,0.00226455986084381,0,0.0532923297129751,0.000140175280732715,0,0,0,1.69479816010764,0.889814636436782,0.0454994486081834,0.000685203307892369,3.05128262222222,0.375909454667225,0.628902069945823,2.35515857645957,0.164564582965016,0.531016917616567,0.341154449149574,0.0336416661528637,2.34634130927188e-07,0,0,0.830472123678161,0.0285162105171947,0.000367701874331701,0.000292973231295422,0,0.0419814510727969,0.129770065184848,0,0,0,0,0,0,0,0.0440994609248781,0,0.000498841496968267,0.00311314996298754,0.272416812498368,0.947083780772587,0.0246189679522382,0,0.436195156498551,0,0,0,0,0,0.00952733244619115,5.96194212410241,0.150387921084045,0.198258423154807,0,0,0,7.98763379469234e-05,0.20053807654964,1.79903313992565,0.000573872709249496,0.496295162635674,0.999617214282877,0.0123803046454666,1.55813097968988e-12,0,62.0714855991236,4.48113011323559e-07,0.000284406299493749,0,0.00584219621196166,0.0444820132787486,0.00551976628941424,0.000716542174230406,0.223880381514794,0.127960333935665,0.0480947746787436,8.6058542176826,0.00135477838601251,0,0.639584672988192,3.43766367115033e-10,0.0186649801883092,0.00254112550291275,0.121503621979755,7.17209392863485e-05,0.150978074706732,0,0.00410615020808228,0.00428298964636102,0.000692786681811481,0.000627514153478788,3.66124083212981e-05,0,0
1,0,0.128851355433035,0.977988923991121,0.9741105,0.426187908960726,0.0485237111111111,2.51610353795093e-05,0.00103820891357649,8.62514942528736e-05,0.00024511206289743,0.00237568011753961,2.10283908045977e-05,2.77271035846225e-06,0.0016911068574616,0.000173505321252676,0.0321792467966698,0,1949.56322222222,5.27892892634987e-08,0.00066423785440613,0.00286410562466694,0.00393121805112987,6.37940996168582e-05,0.000228800517129003,9.3494509898993e-06,135.936111111111,0.0028293512314171,1.01639248588751e-05,0.00930438867332311,0.00060901239231121,0.00330103333333333,0,0.0577646988653009,0.000140454321485546,0,0,0,1.49493078888889,0.874906601532567,0.0401286116038842,0.000729322971438327,3.2861704,0.375964509360915,0.636893649224477,2.44561357383658,0.168235162061925,0.568657248107189,0.326464891172777,0.0357800427483916,2.16243646983646e-07,0,0,1.03860447927203,0.0258701663518071,0.000543097891299227,0.000302111051754601,0,0.0439965198467433,0.122151694895412,0,0,0,0,0,0,0,0.0364232570257682,0,0.000473380443768569,0.00228051719884038,0.210334888888889,0.832272130622549,0.0189480082543728,0,0.455818415227335,0,0,0,0,0,0.00817769401099715,5.89318241111111,0.16005261552049,0.194245102194835,0,0,0,0.000115142044958353,0.256216089376913,2.3243170416971,0.000696050869937118,0.495873629598383,0.997129089860469,0.0127747089526559,1.53656424269275e-12,0,63.9546217954954,5.08346573964377e-07,0.000321037016862579,0,0.00547438571655804,0.0406441688321286,0.00531921979880239,0.000567158652173751,0.238814494001686,0.125920451343838,0.0453486862534028,8.5925849018118,0.00144876980526353,0,0.614885940042075,3.75158619218009e-10,0.0183539177000512,0.00265757734418921,0.110822166666667,6.3530745172875e-05,0.1434356,0,0.00343489532111386,0.00364245997533104,0.00058703632781259,0.000632146321113026,4.10364543811183e-05,0,0
1,0,0.137518042374856,1.00409092241985,0.920748711111111,0.388475493565068,0.0453764333333333,2.60388594379664e-05,0.00113574048657188,3.37771264367816e-05,0.000184927174828469,0.00234941872351434,2.39554406130268e-05,3.17798310160936e-06,0.00198836197656725,0.000154470109163103,0.032441958644022,0,1950.13466666667,4.41091647516122e-08,0.000611637471264368,0.00270260416928807,0.00394099062294759,3.01066283524904e-05,0.000187149537205235,1.13268939049851e-05,137.834222222222,0.0025993934539678,1.20651644049251e-05,0.00965746716159405,0.000694893048550141,0.00287695555555556,0,0.0583178044455906,0.000177955431540669,0,0,0,1.34595748888889,0.781267728927203,0.0323284804990401,0.000740493528483591,3.41821497777778,0.365013095050766,0.630944783917769,2.53358446518944,0.169123183029685,0.622382159122422,0.314004301937619,0.0373057131238768,2.4276758806125e-07,0,0,1.09651574731801,0.0290106127356704,0.000633580869417685,0.000324287190424373,0,0.0332465283908046,0.108374935354083,0,0,0,0,0,0,0,0.0267084725993678,0,0.00039620205327699,0.00164713395204464,0.1334592,0.700525840346608,0.0159426688449046,0,0.471047507835595,0,0,0,0,0,0.0100959224030924,5.55010276666667,0.182839134486952,0.18500060929366,0,0,0,7.27400562191212e-05,0.174644768928774,1.67215214218234,0.000645554418836102,0.487906671342554,0.97599902642465,0.013222879281872,1.44707506516331e-12,0,64.8552569471773,4.43345265551215e-07,0.000289949972718986,0,0.00495423067476999,0.0305892493948263,0.00472866167753723,0.000625843806901028,0.260769441402014,0.100028072179871,0.0350955241601368,8.45226745170249,0.00110060749414627,0,0.609441060827624,3.26867348758021e-10,0.0179989161690495,0.00274893917064895,0.0668798222222222,7.006370649793e-05,0.129388222222222,0,0.00352025171750321,0.00373837622062942,0.000546067202688542,0.000540606636207707,3.63908905474199e-05,0,0
1,0,0.144089161436047,1.02194835971782,1.11859734157128,0.371333724389411,0.0666484314350865,2.46853858493848e-05,0.00112256770685529,0.000123972681992337,0.000189189101850416,0.0026926499327592,2.66422222222222e-05,4.37531909547543e-06,0.00193952518908853,0.000147466963336909,0.0326455607769421,0,1952.64188888889,5.89557896137543e-08,0.00074237938697318,0.00260459504919175,0.00397202131238446,5.4723601532567e-05,0.000245077485590523,1.48471144515853e-05,141.790111111111,0.00280267154343148,1.19110069617495e-05,0.00993830075274842,0.000617402494249016,0.0024391576229342,0,0.0571305494474581,0.000163065158071394,0,0,0,1.67490206463524,0.705447118390805,0.0272913794028504,0.000749282357262609,3.7460945,0.349119667853767,0.616250587406799,2.62576307872171,0.170073043779956,0.668659075416882,0.30198925903339,0.0396361385906776,2.5135637342226e-07,0,0,1.12316085252874,0.028195997955398,0.000678246830059025,0.000360372444677186,0,0.0279594876628353,0.0973782977752155,0,0,0,0,0,0,0,0.0207340712685543,0,0.000329816485396066,0.00141792856495474,0.123800746849723,0.601403795341805,0.01371482935983,0,0.484000926430304,0,0,0,0,0,0.00958205745285678,6.11003314705927,0.19907264586669,0.173938097319303,0,0,0,7.78973601942893e-05,0.179099972838606,1.77310021605028,0.000678886821936167,0.483064524778602,0.958208013093512,0.0137068903033086,1.30627687525666e-12,0,65.6409235395151,4.46788788409524e-07,0.000275149262568914,0,0.00436181967184801,0.0247208640549515,0.00516178187997069,0.000502872575601932,0.277940926891821,0.0976749142718116,0.0311324762269435,8.38641161813193,0.00108487358703521,0,0.602742622501517,3.04501875466813e-10,0.0176209019914201,0.00282621713281191,0.0991172459631652,8.570631629666e-05,0.169170527574276,0,0.00334408646518186,0.0036984240188115,0.000624605699536884,0.000636948797564945,3.43460197660877e-05,0,0
1,0,0.148497296902038,1.03220569334927,1.59840781363702,0.384938258979577,0.108166838403051,2.09891549696028e-05,0.00110209222222222,0.000173483333333333,0.00020238029971717,0.00421779669498917,3.60377777777778e-05,5.66814650544577e-06,0.00185445953628125,0.00013573056858097,0.0327416723308544,0,1965.53666666667,6.23209107104116e-08,0.000900828888888889,0.00261865608507875,0.00403949102937755,8.64222222222222e-05,0.000284516874612439,1.38754888925522e-05,148.032444444444,0.00308518310413889,1.05227235255086e-05,0.0102069185564988,0.000531163082434645,0.00283075272708264,0,0.0566605034865623,0.000127713670166391,0,0,0,2.11802271614723,0.667273082222222,0.0305371011530044,0.000764205878253791,4.24421281111111,0.332879818753515,0.599422125366413,2.72133313637884,0.17129848624628,0.703862617101253,0.293864232184141,0.042368907499729,2.72222104355291e-07,0,0,1.30395580111111,0.0266522287063235,0.000814593742764949,0.000388375372886313,0,0.0246073622222222,0.113014331286422,0,0,0,0,0,0,0,0.0235669007892911,0,0.000314844944866837,0.00255160531762304,0.271559480889683,0.613502498320877,0.0175716647064552,0,0.493472196689379,0,0,0,0,0,0.00843052632211923,6.9033033740034,0.207280246270422,0.164408134827247,0,0,0,0.000105429822524456,0.208069265243717,2.15562169075869,0.000743723517988691,0.485131121030464,0.953053834519083,0.0143764573294296,1.12986517934913e-12,0,66.5750851666415,4.68072873083461e-07,0.000246446296085055,0,0.00392061901219096,0.0234552506333913,0.00581208892508101,0.000389822590239916,0.289484259123355,0.115165062666865,0.0328662003259445,8.4802333510727,0.00126903962865933,0,0.596866547643156,2.77899838342469e-10,0.0172603348158238,0.00287973779915509,0.169968285527451,7.88071087515547e-05,0.194722252495845,0,0.00331817661947102,0.00378789705275283,0.000749694470974394,0.000733403044777371,3.1170776703931e-05,0,0
1,0,0.152168547720768,1.03642775547122,1.41850827777778,0.415421256484435,0.0827581555555555,1.58622147220725e-05,0.000918124444444444,0.000208172222222222,0.000155725340131148,0.00432015322535578,3.19877777777778e-05,3.94526864940124e-06,0.00162671972638395,0.000118817708214094,0.0327199498116269,0,1973.99444444444,6.17353617313761e-08,0.000956463333333333,0.00273530100663364,0.0041403956798588,8.54955555555556e-05,0.000332669668735716,1.51291770134215e-05,145.109777777778,0.00296528454214326,9.76792801510403e-06,0.0103615428149038,0.00056153427523154,0.00483607777777778,0,0.0586764391901887,0.000120423535887696,0,0,0,2.132693,0.633943234444444,0.0343423671444675,0.000779637476217633,3.9996555,0.318379858940244,0.585733191781793,2.78706292110409,0.171084708739877,0.734062831909349,0.288374024738911,0.0449344433788718,2.62349846882309e-07,0,0,1.17166066555556,0.0254509745252675,0.000796938221589793,0.000424653507824298,0,0.0236882633333333,0.14085962209734,0,0,0,0,0,0,0,0.0290523511325614,0,0.000355265312184142,0.00353483482951754,0.411992511111111,0.68489039870735,0.0248763331027669,0,0.498916441571205,0,0,0,0,0,0.00760115950677578,7.03212192222222,0.214019547378437,0.158493188542115,0,0,0,0.000106175183394546,0.188252230723213,2.06066421496691,0.000710260069711906,0.490077780098254,0.952864833324354,0.0148169467057784,9.23963267947289e-13,0,67.073290058043,4.33129425621492e-07,0.000205665833313556,0,0.00371315559176441,0.0251047604420198,0.00572701315635252,0.000387469370616192,0.298619418455992,0.110096201027894,0.0374758171238775,8.68701671431552,0.00129059359396473,0,0.603945203245279,2.46320876536141e-10,0.0169948975387082,0.0029045947654113,0.229899144444444,6.94762808063189e-05,0.187832922222222,0,0.00378512509177749,0.00420630624092373,0.00091580833658711,0.000709031284521915,2.67475119487183e-05,0,0
1,0,0.154529993506331,1.03677851992651,1.20596281111111,0.445444654367673,0.0653158888888889,1.41165747223428e-05,0.000868586053639847,0.000114692796934866,0.000137704072946072,0.00345723771252151,2.20027586206897e-05,2.99824592761128e-06,0.00144919156532246,9.97690575643824e-05,0.0326387186940954,0,1969.70366666667,4.22441077613968e-08,0.000749909846743295,0.0027360162626046,0.00416704856495823,7.52803448275862e-05,0.000285908193440395,1.1978161092796e-05,136.381888888889,0.00273210807449845,9.20108572939739e-06,0.0103720691400586,0.000596654428572107,0.00777735555555556,0,0.0615403444688659,0.000121626240782626,0,0,0,1.87578944444444,0.593625034521073,0.032713276963475,0.000767278515011526,3.51500188888889,0.306912549023557,0.574776065826096,2.81833552836035,0.169611203389961,0.752548908177483,0.285125012859739,0.0461735724088104,2.24543721336021e-07,0,0,0.998988995747126,0.022681325336044,0.000664658799566024,0.000438854385492862,0,0.0216144962068966,0.145444813419261,0,0,0,0,0,0,0,0.0285178974371698,0,0.000385784484897431,0.00274901160981425,0.332767844444445,0.703982356344229,0.0261978000355002,0,0.501780133449357,0,0,0,0,0,0.00700595819199677,6.74566061111111,0.217805234011829,0.155511176636525,0,0,0,0.000105622136240131,0.163698702262484,1.89408477551529,0.000676974148048271,0.494491305276863,0.949388679793894,0.014915408802253,7.05503508160809e-13,0,67.0133707565327,3.84732300340696e-07,0.000174298486183709,0,0.00359961140228636,0.0274260396796694,0.00545378833349949,0.000389474105492922,0.304790545721496,0.106225847183996,0.0430097345168293,8.91568842944671,0.00121552696334436,0,0.613187485057483,2.22876611876189e-10,0.0168709078369693,0.0029103412720822,0.252371644444444,6.58885341562182e-05,0.1839006,0,0.00401910122376347,0.00425615283255236,0.000997248128042328,0.000671853446448238,2.32312547680653e-05,0,0
1,0,0.155956132942887,1.03480348240254,0.931055693495924,0.467197893452576,0.0560015720613493,1.35053471511963e-05,0.000891389846743295,7.66965900383142e-05,0.000138861828488143,0.00434454916726914,3.27288122605364e-05,2.39433270726387e-06,0.0012295680602603,7.17741098888032e-05,0.0325866450515851,0,1965.56766666667,3.21792211366984e-08,0.000683850459770115,0.00271127654912231,0.00416401007930947,6.56811877394636e-05,0.000255081420850396,1.02183109671257e-05,138.285444444444,0.0023609573288012,8.30974339188508e-06,0.0102450120859118,0.000605703549832458,0.00865956134879955,0,0.0637766767397452,0.000117410050172702,0,0,0,1.6808053330666,0.584067045440613,0.0309580392793138,0.000736751559439613,3.01807410191571,0.29824307956311,0.565275669209335,2.82392704824801,0.167670084675416,0.763560165204196,0.283656030706704,0.0468209013914239,1.80259552268601e-07,0,0,0.899620184597701,0.0201891092448003,0.000752279606149986,0.000441375533414205,0,0.0211030178927203,0.148119721322024,0,0,0,0,0,0,0,0.0269667145475032,0,0.000382301342567762,0.00252132932450742,0.332546712578207,0.714331033958893,0.0267634882903317,0,0.50302035393763,0,0,0,0,0,0.00619493611048866,7.48334021899425,0.219527495740023,0.154106494998049,0,0,0,0.000111915488025401,0.144515075437115,1.82138279122955,0.000695277364831346,0.497043999581398,0.941553282750435,0.015179295831879,4.97408367955893e-13,0,66.6694755175485,3.41956938724705e-07,0.000144068726579501,0,0.00348879694649296,0.0280274995028661,0.00493132538841074,0.000375241288145215,0.308849345047303,0.0953862076840393,0.0461777381025385,9.09971279505395,0.00112390713158736,0,0.620978454286846,1.92232186847541e-10,0.0167987977301713,0.00290524136896408,0.236103887230049,5.43232571691855e-05,0.162253835535067,0,0.00389451091168596,0.00406758969508201,0.000960148088232125,0.000595883617518176,1.95964818681532e-05,0,0
1,0,0.15789923119491,1.0289522630308,0.84303804265514,0.481293622082118,0.0319951813530113,1.91790228002319e-05,0.00113442695143486,0.000206372804095029,0.000174592078295196,0.0173836255164846,0.000195218616814422,1.34722848910927e-06,0.00123102699196008,4.60851419893473e-05,0.0325768930634993,0,1960.42494366901,3.84190838677597e-08,0.000705356559793872,0.00276032424511241,0.00418907170369457,5.30501502750522e-05,0.000323931173956938,1.63373115449119e-05,124.24770554892,0.00201994466671209,8.4055671724447e-06,0.00997110866557101,0.000709971777302723,0.00808633562640786,0,0.0651158426326504,0.000119820025382167,0,0,0,1.71569998256168,0.648440514184765,0.0339772646634758,0.000700646288680627,2.50833018443862,0.290949808180924,0.555843927765517,2.80789206286249,0.164973725126575,0.771333628565081,0.288727510716308,0.0477714646880864,1.37784793482299e-07,0,0,0.662254310503826,0.0184159714809419,0.00260492354218656,0.000474761827338308,0,0.00934753878438429,0.152729547938413,0,0,0,0,0,0,0,0.0237491267381242,0,0.000350124305036192,0.00229898505699548,0.336133076853237,0.718218348059786,0.0280257851030926,0,0.50135279065402,0,0,0,0,0,0.00640398695136254,7.02089822383212,0.223890432506632,0.153776058683973,0,0,0,9.01038809972406e-05,0.10032282550542,1.46360508006174,0.000688442382225656,0.496885051130864,0.926059856212934,0.0180201292706527,3.16363943297545e-13,0,65.9280855704901,2.79057616871881e-07,0.000104098853872847,0,0.00336294751727728,0.0250498117819755,0.00446743255612105,0.000403455068544437,0.313370370368696,0.0784743981320301,0.04461031576252,9.23598348508084,0.000834582795946383,0,0.637906987310274,1.42651380457988e-10,0.0166846464368682,0.00288499557892509,0.217367258409804,5.74193662580996e-05,0.174039123687595,0,0.0041960070239201,0.00445612651530695,0.00106765133631087,0.000544044715124431,1.44858197581537e-05,0,0
1,0,0.158242093700333,1.01897331923674,0.678176566666666,0.487426098907632,0.0294992111111111,1.82219700657549e-05,0.0010673370196807,0.000143064430024705,0.000201473598061666,0.0292234254309559,0.000241354060136193,1.12528566406221e-06,0.00102955406636445,2.36234481806529e-05,0.0325406795372396,0,1956.60111111111,2.48287927237137e-08,0.000580665983386654,0.00275648452493908,0.00416425054948664,5.34820608996556e-05,0.000278698381108833,1.30344010317168e-05,122.699111111111,0.00155711575271676,7.76854841199812e-06,0.00953658447820308,0.000667783756501596,0.00857344444444445,0,0.0657997950414672,0.000109873980528996,0,0,0,1.74090385555556,0.670370788215148,0.034402653997894,0.000647494625063008,2.26530445555556,0.284295462429996,0.545653552775976,2.77332672595628,0.161908285392699,0.771362637812103,0.295960308006431,0.047888458323149,1.08356358806527e-07,0,0,0.654463342715789,0.0157340549684492,0.00441473828514484,0.000500226011663155,0,0.00815728145366348,0.157407865518156,0,0,0,0,0,0,0,0.0204444045188231,0,0.000312040634851304,0.00194976750943808,0.333042,0.714876004015247,0.0283318038262742,0,0.49708896485673,0,0,0,0,0,0.00557564805952294,6.81653343333333,0.225359607348437,0.154550278276295,0,0,0,0.000109538475040551,0.0835143807569498,1.47345627365734,0.000808923200776697,0.493720871677461,0.905329717065686,0.0205704823091808,1.76476110416798e-13,0,64.8863540115732,2.3341287814662e-07,7.90890060833388e-05,0,0.00320987421648498,0.0236293110705786,0.00385548782751241,0.000364347346581736,0.31453814865984,0.0682603186015656,0.0437524849589883,9.27171124717398,0.00073962779937501,0,0.647899841133402,1.09436225516927e-10,0.0165983949847684,0.00285138756973295,0.172381,4.29739915027946e-05,0.143596144444444,0,0.00388098510019615,0.00406384165423505,0.000972815065547936,0.000464470604554583,1.1017204666818e-05,0,0
1,0,0.157293600903371,1.00593880945907,0.545712666666667,0.490186186696694,0.0232257111111111,1.64415214516701e-05,0.00107221847442681,0.000127628262786596,0.0002538423727385,0.0415143282363493,0.00024694184303351,8.03880867053143e-07,0.000857070129378246,9.40765868728997e-06,0.0325047414610428,0,1951.97655555556,1.86252437695817e-08,0.000591281216931217,0.00273029696189914,0.00411334546048251,5.60713844797178e-05,0.000270934021803241,1.15674612788727e-05,120.232,0.0010944971750569,7.41599832672223e-06,0.00891130976645624,0.000610099333952288,0.00615434444444444,0,0.0657694591828896,9.96773783376723e-05,0,0,0,1.51037764444444,0.675329228880071,0.0303226223588308,0.000587006651907006,1.96783743333333,0.278880826823909,0.534850264970062,2.72467800486977,0.158686495296157,0.764306698297916,0.30317859615241,0.0475175552607573,7.66959513674578e-08,0,0,0.646839083818342,0.0125716831459519,0.00640635984622625,0.000519026851618388,0,0.00825244611992946,0.157489937401724,0,0,0,0,0,0,0,0.0166254817571898,0,0.000265552034004988,0.00125404174948625,0.256676233333333,0.693443921542277,0.027023328784227,0,0.490860859843765,0,0,0,0,0,0.0048362370527069,5.23852608888889,0.224437480486536,0.156723937281418,0,0,0,0.00015658006401038,0.0665107224540275,1.57996981532375,0.00104832793031623,0.488734202718817,0.882369729685114,0.0221108081247868,8.36345944495486e-14,0,63.6246759787784,1.8330228102914e-07,5.73543660626817e-05,0,0.0030373798246223,0.023211310854044,0.00333192841066945,0.000321228218478458,0.312897336899745,0.0629636055475984,0.0443217731160091,9.23549545413682,0.00065352956424314,0,0.651586808997385,7.98156163123409e-11,0.0164528913792252,0.00280843427186202,0.133981877777778,4.10207398586587e-05,0.150864977777778,0,0.00373505821269233,0.00363021480244502,0.000933721812200451,0.000412987350906972,7.96275178144747e-06,0,0
1,0,0.154581876595501,0.987011836569593,0.653028504838529,0.496805005495206,0.0427705444418344,1.57415869947235e-05,0.00195146558018701,0.000320609187650442,0.000466154109619403,0.05836540773492,0.000201900321098668,1.14215959403356e-06,0.000594544949440103,2.27321854331304e-06,0.0323775450582766,0,1954.1022925561,1.49955313646355e-08,0.000425343283089828,0.00269912352183677,0.00404034116747002,3.36312546412668e-05,0.000328217179450857,9.32818796514978e-06,136.912606732348,0.000666836905377386,6.8949815611029e-06,0.00792729066316637,0.000443463828067634,0.00614847591661175,0,0.0648889097842264,7.55359975824523e-05,0,0,0,1.7481654248854,0.681368956431524,0.0269626901655411,0.00052323502574367,2.05257313333333,0.273470596940368,0.521830590014983,2.66107000329361,0.155000051614765,0.750564274855313,0.309919439775083,0.0466211844641203,6.72206888291177e-08,0,0,0.68898964815668,0.00973397170963499,0.00939845531395085,0.000537076511912599,0,0.0121956490897392,0.157438002894838,0,0,0,0,0,0,0,0.0133207260393509,0,0.000211204881641756,0.000893340346328866,0.247787500385105,0.670940581308473,0.0257081724581164,0,0.481355748858398,0,0,0,0,0,0.00349297269628349,5.7214184250857,0.22049886084072,0.159922472696317,0,0,0,0.000385379479105025,0.0553523295738711,2.13976353042613,0.00169460813310116,0.482908533222003,0.866277359208712,0.0224289196687675,3.22915614366454e-14,0,62.0258613466117,1.2971644802986e-07,3.65048472158847e-05,0,0.00285058997438325,0.0246019209209771,0.00292545737823225,0.000218040495848525,0.307479838286986,0.0675948933718278,0.0498859987994393,9.13647948343474,0.000778912264698462,0,0.651168332414712,5.2413959148608e-11,0.0164002884652684,0.00274883628818256,0.112298068056517,5.10351791714502e-05,0.241945993808105,0,0.00397723567778093,0.0033737028293556,0.00106284189763948,0.00040357489218087,5.04504250813566e-06,0,0
1,0,0.150351119771584,0.96136796726795,1.71610060782404,0.594439938475361,0.15640102951315,5.46536016756508e-06,0.00167657068357296,0.00041187023105557,0.000747928019341538,0.10749698928943,0.000144229185928061,2.31483096836274e-06,0.000212480739820142,3.52979695441077e-07,0.0320907787827281,0,1965.78923754789,5.58312524334712e-09,0.000859371883181518,0.00266287265014823,0.00393969433016593,0.000101869365278492,0.000340047178179042,2.56207826627852e-06,190.10639709907,0.000340606760680699,3.82084585715402e-06,0.00628862549949524,0.00019147976133559,0.0049228437096397,0,0.0633897933273775,4.07748528673843e-05,0,0,0,4.79799861745152,0.940854659892878,0.0273856811388823,0.000461786334664406,2.79522958888889,0.26715317019179,0.506176701465956,2.5811497111055,0.151064389325066,0.734484306405998,0.3134324644245,0.0429981741629636,1.1495464499311e-07,0,0,0.51375638044966,0.00989187555162396,0.016447103355331,0.000552106164930831,0,0.0360950735172595,0.176394312844666,0,0,0,0,0,0,0,0.0130631347205028,0,0.000160874856336896,0.0022708004301499,0.987935919442866,0.718696395062488,0.0281788089572826,0,0.468216592497705,0,0,0,0,0,0.0016244562583513,12.8007128286034,0.214003919146136,0.164151134069702,0,0,0,0.00266852406610998,0.0589808444323248,5.57197230445656,0.00332866638297358,0.49567887369537,1.00084702470348,0.0219772623008923,9.72189777414277e-15,0,60.0809378868212,8.28995319549751e-08,2.15798804857617e-05,0,0.00266517477226581,0.0287818070111658,0.00245540663115394,6.85845159233885e-05,0.298589194742509,0.0887531129336112,0.0768840651429735,9.21598100505288,0.00286795894081655,0,0.691682404784828,3.39997685355096e-11,0.0164817028969154,0.00267015975193645,0.267716840070627,6.04704020024112e-05,0.509971762136255,0,0.0113734766859927,0.00732263802166735,0.00325502310778506,0.000407175427778322,2.99577453364423e-06,0,0
1,0,0.147966996241746,0.933095333902887,2.21982094444444,0.794725835812264,0.188935355555556,3.10338203801688e-07,0.00110408429118774,0.000527606091954023,0.000723472637768311,0.108614224018868,2.99048659003831e-05,6.02647130563268e-06,9.98878161451395e-05,3.35340646340857e-08,0.0317704369889056,0,1982.09422222222,6.20369484482006e-10,0.00136572712643678,0.00258715717127212,0.0038139569695408,0.000169969157088123,0.000305389495215488,1.24955129390678e-06,216.257777777778,0.000133684239768838,2.172308993787e-06,0.00499617518037463,0.000191341408277893,0.00657392222222222,0,0.0614382243755135,8.77571540099843e-05,0,0,0,6.81465922222222,1.14720154409962,0.0178732076969785,0.000397576251155136,3.70017908888889,0.260958061959969,0.489502472120521,2.49512772842913,0.146306929923261,0.710674294070338,0.313382014412528,0.0380719869732669,2.89935325129472e-08,0,0,0.317135943754789,0.00149303471182271,0.0270790034836471,0.000567985209374178,0,0.0488796704597701,0.20660996786071,0,0,0,0,0,0,0,0.0102355015174101,0,0.00011081243545144,0.00349319891970863,2.56503268888889,0.803732125607661,0.0292111218590109,0,0.453087606846864,0,0,0,0,0,0.00945646212623881,14.9577452111111,0.208088941616233,0.168987009240071,0,0,0,0.00403979537902472,0.00305056908673298,6.66374809206335,0.00301996113131127,0.501168649460901,1.28651410378409,0.0212429286196471,9.97602732373958e-16,0,57.4789810914711,1.02510746621989e-08,4.48533207825579e-06,0,0.00250152999104176,0.0303620791121864,0.00167039805143063,3.86715615314066e-05,0.288757393224735,0.0844618260931188,0.13149091236379,9.6213277633918,0.000744916174628149,0,0.832126256186331,8.05788396221739e-12,0.0166860881374606,0.00258276282891765,0.545653366666667,0.000158679534628078,0.611438233333333,0,0.206731785970662,0.116624799012871,0.0568646112259611,0.000291447606968326,6.4896877262438e-07,0,0
1,0,0.14836534411319,0.905943115590988,1.54741202222222,0.897772623812376,0.0952324888888889,3.54214644491208e-08,0.000990621111111111,0.00049969,0.000702970887669407,0.122300663107775,7.436e-05,9.60941742566651e-06,6.65088993959968e-05,3.32334518203829e-08,0.0314693682368145,0,1970.59255555556,1.95602110591186e-11,0.00104651111111111,0.00250010691018358,0.00368656060346626,0.000124815555555556,0.000264851135836916,1.13887904272947e-06,178.617111111111,9.35429057376421e-05,1.68463264704051e-06,0.00427989689536707,0.000276340053293132,0.00724863333333333,0,0.0595292366942604,0.000192357083467592,0,0,0,4.197041,1.09830065,0.0107443255949196,0.000340440727163278,3.25624248888889,0.255108502258538,0.47355163817658,2.411798388214,0.141564613342288,0.686792395740009,0.309360134562665,0.0351545137015002,6.18580348863402e-09,0,0,0.247377261111111,0.000289584261829708,0.0377011477877163,0.000577436348401954,0,0.0284252388888889,0.241075299082812,0,0,0,0,0,0,0,0.00766095201914083,0,8.00486679442661e-05,0.00520268823124647,3.28183893333333,0.871196335555828,0.0284235503139906,0,0.438480274765351,0,0,0,0,0,0.0319007908468582,12.2883873777778,0.202116400964828,0.173847856360181,0,0,0,0.00202478797422909,6.23188310120212e-07,4.2079207687557,0.00174290404501447,0.484408959019121,1.39911891656799,0.0205335044376615,0,0,54.9945775141963,7.63312039494731e-18,3.64059709108236e-06,0,0.0023537937051291,0.0311743532593271,0.00126473275788817,4.18960706675203e-05,0.27915672369737,0.0627499597777135,0.180738641689878,9.90093493649411,0.00012891795311283,0,0.882465025006352,7.26463745039815e-12,0.0166366658880693,0.00249847490461054,0.478387544444444,0.000306004609558453,0.423225233333333,0,0.428127659856401,0.245326794399753,0.111990112036134,0.000219907887923731,5.40603689985121e-07,0,0
1,0,0.149764725523285,0.883252719609084,1.32737501611502,0.956929240707788,0.0628889583700458,4.41892876759738e-08,0.00102269,0.000483614444444444,0.000685304845873457,0.122316477981536,5.896e-05,1.15029245281906e-05,4.30468423838658e-05,3.13009496635382e-08,0.0313040271639323,0,1963.57577777778,4.17834188959941e-11,0.00087055,0.002426346949394,0.0035782007275316,0.000101238888888889,0.000228703755957085,1.20156900061874e-06,162.234777777778,7.4867879147082e-05,1.8251559099243e-06,0.00376003242271528,0.00038400285412162,0.00947487681040472,0,0.0579110072696087,0.000285291610529685,0,0,0,3.11569914287242,1.14399171,0.00655505231923025,0.000292842874014089,2.75549287777778,0.250435649340997,0.46006037435185,2.3407813662443,0.137484224444967,0.666418060298269,0.304017546471442,0.03315039060373,3.36904560986991e-09,0,0,0.226241758888889,0.000165648543921094,0.0484089202791109,0.00058426730688595,0,0.0182952633333333,0.263648206506443,0,0,0,0,0,0,0,0.00575771871303409,0,6.07886446925611e-05,0.00390708711118907,2.24700133155302,0.893296116974668,0.0275090112443968,0,0.426095300248962,0,0,0,0,0,0.0550670170477333,9.97733815652946,0.197344442155947,0.179134014707381,0,0,0,0.0012967034172619,2.64200762247646e-07,2.78238170579924,0.00142657349282064,0.470027693501693,1.42811435855176,0.0199289015287227,0,0,53.0057573652747,6.86507877901964e-18,3.47729606304251e-06,0,0.00222681568972209,0.0319546477553716,0.00100661813026028,5.25090817427944e-05,0.270963866493019,0.0389709338228411,0.214416930862176,10.06190524909,5.84201880112171e-05,0,0.91817784994039,7.35303331795617e-12,0.0166949346081912,0.0024268024904867,0.380740434440893,0.00040064799402288,0.317591786295883,0,0.55473415891471,0.31018955616712,0.144351540607804,0.00017377878434487,5.26308075445019e-07,0,0
1,0,0.149666623661287,0.862188702201697,1.13991162197998,0.992943617453047,0.0273186238961322,5.09218037142596e-08,0.00113219570881226,0.000567801954022988,0.000668858559501453,0.117111962922808,4.50130651340996e-05,1.16556756800733e-05,2.51584107208965e-05,1.72129862861964e-08,0.0311856845744077,0,1958.84844444444,5.63224658535225e-11,0.000849726513409962,0.00235811297848187,0.003477740280674,0.000106337509578544,0.00019639412671287,1.09007796429216e-06,138.154888888889,4.92170110084696e-05,2.1292488450101e-06,0.00327448961700628,0.000429628278505032,0.00878363050347532,0,0.056397786183256,0.000364180171125229,0,0,0,2.47662946159417,1.2163753954023,0.00404252106959615,0.000252260887112136,2.50560067777778,0.246109876286715,0.447533935945763,2.27488308833202,0.133676762282878,0.647522828581332,0.297668461773052,0.0313053356870078,1.99698613654462e-09,0,0,0.210064360536398,9.90891017411612e-05,0.0584827027483069,0.000588113513414752,0,0.0180394481226054,0.274526235167841,0,0,0,0,0,0,0,0.00433477057860249,0,4.75244603509834e-05,0.00257407263167418,1.4991905084454,0.893467648394999,0.0265713959772786,0,0.41458381152813,0,0,0,0,0,0.0710961759070771,8.63158442388574,0.192787309072452,0.184078755993958,0,0,0,0.0012984619003185,2.02067744560106e-07,2.25050197682114,0.00156224006094099,0.456693449878643,1.42611916821018,0.0193678748918434,0,0,51.2410288473811,5.40858021368906e-18,3.10240482285456e-06,0,0.00211186468332481,0.0325933743271298,0.000783208421654035,5.65747711993588e-05,0.263352598832301,0.0233878322631345,0.235064947539862,10.084485473722,3.22492691587687e-05,0,0.935937012985259,6.77090799410239e-12,0.0167819944899142,0.00236019556124023,0.269174112320776,0.000444027599048785,0.206335560944532,0,0.642746630286749,0.355973696206566,0.167411442898644,0.000135631319364659,4.71664705389235e-07,0,0
1,0,0.14898573567902,0.844272035949187,1.07659238888889,1.01675233440334,0.0152042222222222,5.67424083597569e-08,0.00120701111111111,0.000609411149425287,0.000654661352239526,0.11196569471577,4.84580715197957e-05,1.14592603370273e-05,1.65630744895517e-05,1.06429927706265e-08,0.0311720210900457,0,1957.74355555556,7.43130425425601e-11,0.00086359245210728,0.00229937065228484,0.00339112535949252,0.000102414137931034,0.000167545580134374,1.13464001164469e-06,127.742333333333,3.48883642435877e-05,2.39693789079558e-06,0.00284432546303754,0.000546714240799309,0.00843368888888889,0,0.055090935477328,0.000433992782212736,0,0,0,2.41113803333333,1.33905113735632,0.00252958067719517,0.000218049053063592,2.33575178888889,0.242573946265816,0.436736971973438,2.21800677654756,0.13037909163534,0.631213040853321,0.291510076380185,0.0297954962098696,1.29451876000568e-09,0,0,0.203771658467433,6.84333125953444e-05,0.0675779560878296,0.000590159110281163,0,0.019007913908046,0.279304940525374,0,0,0,0,0,0,0,0.00327497445167119,0,3.82190128647072e-05,0.00164993666619356,1.03818586666667,0.882764207735458,0.0257257195304317,0,0.404663319184201,0,0,0,0,0,0.0829283280083282,8.38154301111111,0.188774611404653,0.189074806543237,0,0,0,0.00109322314241714,1.54399311808867e-07,1.7994956098416,0.00162855569189676,0.445184024304282,1.40681818148066,0.0188836570483019,0,0,49.750628095372,4.53541266225509e-18,2.8421713832365e-06,0,0.00201071469008084,0.0331437455860846,0.000606925782374473,7.07146982902065e-05,0.256782553700263,0.0131805436495205,0.248817314183622,10.0584739724429,1.7991407804225e-05,0,0.945535994616205,6.20383206453955e-12,0.0169205412180036,0.00230276930090224,0.206393755555556,0.000485488675314855,0.197659566666667,0,0.707147095771703,0.388495609535595,0.184742703247329,0.000105500227437478,4.31257828894873e-07,0,0
1,0,0.147203997655036,0.827157576896996,1.41059817777778,1.06617389849455,0.0396195555555555,5.57423079869345e-08,0.00122908183908046,0.000617429003831418,0.000642863663993385,0.113608667157839,5.19030779054917e-05,1.24161648435156e-05,9.95495913068373e-06,3.18845029081591e-09,0.0311807624595679,0,1961.08666666667,4.30823883663494e-11,0.000966991034482759,0.00224313260390216,0.00330857651401491,0.000137169042145594,0.000145239155355887,6.11923264750406e-07,137.853444444444,2.09290604560416e-05,2.03877494187655e-06,0.00226366134732245,0.000349483913046497,0.00735861111111111,0,0.0538370122198863,0.00049445051908376,0,0,0,3.68333508888889,1.48410528816092,0.00160483615439647,0.000188573887811209,2.27616298888889,0.239167885689579,0.426425590232369,2.16393613927514,0.127266881868127,0.615719331842747,0.285142389793863,0.0270799776166168,8.93050399969299e-10,0,0,0.203062428045977,4.8900715880715e-05,0.0763268678968991,0.000590176362277855,0,0.031130247816092,0.280279736752246,0,0,0,0,0,0,0,0.00247663571707024,0,3.08789569986388e-05,0.00114207825669829,0.806629322222222,0.874952563476361,0.0249270537708389,0,0.395196426819986,0,0,0,0,0,0.0899296133737088,8.30186061111111,0.184796985949237,0.193703829331262,0,0,0,0.00318934899216576,3.98435333342007e-07,2.98164090962959,0.00290444348761997,0.43426207518832,1.43032807280713,0.0184233239403907,0,0,48.256990848238,3.66592807244039e-18,2.55390616473517e-06,0,0.00191607558285873,0.0336515754519571,0.000400407994133475,4.39064304242103e-05,0.250529118001114,0.00979434843051046,0.261242585760163,10.0232223430817,2.09990747146221e-05,0,0.948904577141326,5.53501464901743e-12,0.0173592369144024,0.00224807934900507,0.198754144444444,0.000543308896530041,0.2505988,0,0.823065002313074,0.450446390733785,0.218053464726744,7.13048165260073e-05,3.85907825534839e-07,0,0
1,0,0.144920939208271,0.809807117962622,1.80568266610489,1.16851633317905,0.0862014318094202,5.25392648043565e-08,0.00119183141762452,0.000671130383141762,0.000633626625589969,0.12632462666551,5.53480842911877e-05,1.51618575779678e-05,6.75911759710736e-06,1.60801568754518e-09,0.0311711387999629,0,1966.89622222222,2.14408314635863e-11,0.00114275908045977,0.00218665970357097,0.00322586127652419,0.000288466704980843,0.000126410101791912,3.13883824969807e-07,166.050777777778,1.67318432082839e-05,1.26402650161845e-06,0.00163319111341876,0.000215877540264561,0.00421330798869093,0,0.0525721401419015,0.000548800439832907,0,0,0,4.83224638720325,1.60570680931034,0.00104326318544918,0.000163007973557975,2.4371506,0.235585601320432,0.416069089720584,2.10983705999997,0.124198097959226,0.600228054906013,0.278418369696799,0.0220215817489895,7.31419697105879e-10,0,0,0.214443783831418,3.74998505639e-05,0.085994143514424,0.000588494134797408,0,0.0635609927586207,0.279397532994659,0,0,0,0,0,0,0,0.00187197313380389,0,2.52189586289003e-05,0.000965408290370837,0.722772052890702,0.87241472840473,0.024141674366104,0,0.385692253592362,0,0,0,0,0,0.0947910542665331,10.7245496943934,0.180675781129209,0.197764780844198,0,0,0,0.00809825771837985,8.26612777240601e-07,5.13738201027611,0.00429257624200902,0.42336671821788,1.52416682761092,0.0179627473490055,0,0,46.6250523804749,3.2735710102655e-18,2.41348073946345e-06,0,0.0018249847776403,0.0340350441534022,0.000226430380529248,2.5830784876463e-05,0.244268833026101,0.00954357078356932,0.275537964917037,10.0204014301662,2.7640383785816e-05,0,0.949985630850838,5.22246561157662e-12,0.0176436283925725,0.00219327597050841,0.244045525838779,0.000630566689785067,0.35053256906876,0,1.03409521854259,0.557179637609401,0.28137070582535,4.13086561309478e-05,3.64552284096428e-07,0,0
