AOD,APAN_CIMS,Acetaldehyde_PTR,Acetone_Propanal_PTR,Acetone_WAS,Acetonitrile_PTR,Acrolein_PTR,Acrolein_WAS,Aerosol_conc_POPS,Alpha_Pinene_WAS,Altitude_m,Benzaldehyde_PTR,Benzene_PTR,Benzene_WAS,Beta_Pinene_WAS,Br2_CIMS,BrCl_CIMS,BrO_CIMS,C10H17NO4_CIMS,C2Cl4_WAS,C2HCl3_WAS,C4H7NO5_CIMS,C5H10O3_CIMS,C5H9NO5_CIMS,C7H4ClF3_PTR,C8Aromatics_PTR,C9Aromatics_PTR,CCl4_WAS,CF2Cl2_WAS,CFCl3_WAS,CH2Cl2_WAS,CH3Br_WAS,CH4_CRDS,CH4_Piccaro,CO2_Piccaro,CO_Piccaro,Cl2_CIMS,ClNO2_CIMS,Course_deg,CycloPentane_WAS,D5_siloxane_PTR,DMS_PTR,Effective_radius_POPS,Ethane_WAS,Ethanol_PTR,Ethene_WAS,Ethyl_WAS,Ethyne_WAS,Extinction_POPS,File_Index,Furan_WAS,GndSpd_ms,H2O_CRDS,H2O_Piccaro,HCHO_CRDS,HCOOH_CIMS,HNO3_CIMS,HONO_CIMS,Heading_deg,ISOPN_CIMS,Isoprene_PTR,Isoprene_WAS,Lat,Limonene_WAS,Lon,MACR_WAS,MVK_MACR_PTR,Methanethiol_PTR,Methanol_PTR,MethylCycloHexane_WAS,MethylCycloPentane_WAS,Monoterpenes_PTR,N2O5_CIMS,NCl3_CIMS,NO2_LIF,NO_LIF,NOy_LIF,Naphthalene_PTR,Nonanal_PTR,O3_ppbv,Octanal_PTR,PAN_CIMS,PPN_CIMS,Particle_conc_bin01_POPS,Particle_conc_bin02_POPS,Particle_conc_bin03_POPS,Particle_conc_bin04_POPS,Particle_conc_bin05_POPS,Particle_conc_bin06_POPS,Particle_conc_bin07_POPS,Particle_conc_bin08_POPS,Particle_conc_bin09_POPS,Particle_conc_bin10_POPS,Particle_conc_bin11_POPS,Particle_conc_bin12_POPS,Particle_conc_bin13_POPS,Particle_conc_bin14_POPS,Particle_conc_bin15_POPS,Particle_conc_bin16_POPS,Particle_conc_bin17_POPS,Particle_conc_bin18_POPS,Particle_conc_bin19_POPS,Particle_conc_bin20_POPS,Particle_conc_bin21_POPS,Particle_conc_bin22_POPS,Particle_conc_bin23_POPS,Particle_conc_bin24_POPS,Particle_conc_bin25_POPS,Particle_conc_bin26_POPS,Particle_conc_bin27_POPS,Particle_conc_bin28_POPS,Particle_conc_bin29_POPS,Particle_conc_bin30_POPS,Particle_conc_bin31_POPS,Particle_conc_bin32_POPS,Particle_conc_bin33_POPS,Particle_conc_bin34_POPS,Particle_conc_bin35_POPS,Particle_conc_bin36_POPS,Press_mb_POPS,Pressure_mb,Propane_WAS,Propene_WAS,RH_percent,Styrene_PTR,Surface_area_conc_POPS,Temp_C_POPS,Temp_K,Time_Start_POPS,Time_Stop_POPS,Toluene_PTR,Toluene_WAS,Volume_density_POPS,WindDir_deg,WindSpd_ms,c2Butene_WAS,c2Pentene_WAS,iButane_WAS,iPentane_WAS,iPropylBenzene_WAS,iPropylONO2_WAS,jBr2,jBrCl,jCCl4,jCH2Oa,jCH2Ob,jCl2,jClNO2,jClOa,jClOb,jHNO2,jHNO3,jI2,jN2O5,jNO2,jNO2_adj_ratio,jNO2_meas,jNO2_ratio,jNO3a,jNO3b,jO3,m_p_Xylene_WAS,nButane_WAS,nDecane_WAS,nHeptane_WAS,nHexane_WAS,nNonane_WAS,nOctane_WAS,nPentane_WAS,nPropylBenzene_WAS,nPropylONO2_WAS,o_Xylene_WAS,t2Butene_WAS,t2Pentene_WAS,time_MST,time_UTC,time_local,x123_TriMethylBenzene_WAS,x124_TriMethylBenzene_WAS,x135_TriMethylBenzene_WAS,x13_Butadiene_WAS,x1_Butene_WAS,x1_Pentene_WAS,x224_TriMethylPentane_WAS,x22_DiMethylButane_WAS,x2_EthylToluene_WAS,x2_MethylPentane_WAS,x3_MethylPentane_WAS,x3_x4_EthylToluene_WAS,timehr_output
0.086,NaN,0.905392328643079,3.41953581870899,NaN,0.214826632628068,0.180633066424414,NaN,259.45355,NaN,1308.88944444444,NaN,0.0504170669686431,NaN,NaN,0.000706148544061303,0.000152248352490421,3.79368883787153e-05,0.000878162835249042,NaN,NaN,0.00276392655172414,0.0507430408812261,0.00778991865900383,0.00288308329418737,0.056697456835475,0.0235518994940944,NaN,NaN,NaN,NaN,NaN,1906.15755555556,1958.07866666667,433197.577777778,122.651111111111,0.000280115785440613,0.00019830061302682,1.85026666666667,NaN,0.000583432469936614,0.00587496165717486,0.198768888888889,NaN,1.16243304021743,NaN,NaN,NaN,0.0113666666666667,1,NaN,0.0453111111111111,13644235.6666667,13832229.4158889,1.65711967777778,1.34085255176245,0.141049608275862,0.092537795440613,1.85026666666667,0.00574916375478927,0.228213848279741,NaN,40.7343304111111,NaN,-111.872103733333,NaN,0.378607342898143,0.00170153792403523,8.62124137517135,NaN,NaN,0.11475830204585,0.00427354816091954,0.000562777203065134,1.08772735555556,0.174267884444444,2.03455077777778,0.00107020285501351,0.0381940729464848,43.4151111111111,0.034711007110496,0.2,0.01,27.7034104844444,25.3082946177778,22.8902975433333,21.27327804,19.4691851888889,17.3753509933333,15.2989501622222,13.6849065422222,11.9219125477778,10.7591513722222,9.80468105777778,9.42848509666667,8.91852006222222,8.25249098444444,6.75271282555556,20.8540649477778,6.64079437888889,1.66038055888889,0.700257604444445,0.13456246,0.0988988988888889,0.0514680711111111,0.0424520977777778,0.0484723244444445,0.0353326488888889,0.03278363,0.0288803788888889,0.0280792033333333,0.0266168933333333,0.0381148577777778,0.0490863955555556,0.0382717177777778,0.0295009533333333,0.0200770677777778,0.0208016544444444,0.0330890566666667,873.340873333333,878.602333333333,NaN,NaN,31.6023333333333,0.0118311006235127,40.3301655555556,33.2843633333333,297.465111111111,43200,43259,0.107379812089486,NaN,2.75648666666667,104.757633333333,4.11577777777778,NaN,NaN,NaN,NaN,NaN,NaN,3.571824806e-05,1.12593132672222e-05,5.98314967728313e-28,8.09369086199222e-09,2.55371460367222e-08,1.75409684593333e-06,2.79625405929333e-07,2.38295407433969e-28,3.24565958695526e-09,1.31423278486e-06,9.59706637325556e-11,0.00011344895277,2.12913688667667e-08,8.5537126335e-06,0.743545852827847,6.36007755492009e-06,0.743545852827847,1.70400596866667e-05,0.000153526956811111,2.32848710453922e-09,NaN,NaN,NaN,NaN,NaN,NaN,NaN,NaN,NaN,NaN,NaN,NaN,NaN,06-Aug-2024 06:00:00,06-Aug-2024 12:00:00,1.722924e+18,NaN,NaN,NaN,NaN,NaN,NaN,NaN,NaN,NaN,NaN,NaN,NaN,6
0.086,NaN,0.848050988888889,3.41801608888889,NaN,0.216871944444444,0.1722226,NaN,264.316565555556,NaN,1309.163,NaN,0.0520351777777778,NaN,NaN,0.000662508888888889,0.000129305555555556,2.11663608560243e-05,0.000859062222222222,NaN,NaN,0.00236612555555556,0.0449233,0.00610189444444444,0.00270491111111111,0.0611405111111111,0.0260810555555556,NaN,NaN,NaN,NaN,NaN,1906.31763333333,1958.24688888889,433224.977777778,123.564555555556,0.000311074444444444,0.00019784,1.38071111111111,NaN,0.000500188888888889,0.00692896666666667,0.194395555555556,NaN,1.14378926666667,NaN,NaN,NaN,0.0119133333333333,1,NaN,0.0465333333333333,13640976.6666667,13827704.9787778,1.50582937777778,1.25100367444444,0.143511585555556,0.0794622044444444,1.38071111111111,0.00467397333333333,0.206853933333333,NaN,40.7343306444444,NaN,-111.872106777778,NaN,0.330362866666667,0.00100048888888889,8.24462874444444,NaN,NaN,0.117061588888889,0.00340774777777778,0.000559221111111111,1.06457743333333,0.174271466666667,1.94907544444444,0.00157255555555556,0.0369254111111111,43.1313333333333,0.0368551555555556,0.2,0.01,26.95316125,24.7902283566667,22.64963663,21.3284726644444,19.4894004233333,17.5409532566667,15.5008052344444,14.0330978711111,12.3382071622222,11.2072047,10.2438774911111,9.95854661444445,9.43744718555556,8.80997750111111,7.22940557222222,22.3587492877778,7.16633544444444,1.75806126888889,0.733815564444445,0.148859835555556,0.102469855555556,0.0586492555555556,0.0503292533333333,0.0426100377777778,0.0380522944444444,0.0366132466666667,0.0319393222222222,0.0327509555555556,0.0307454644444444,0.0378378966666667,0.0522976833333333,0.0323495244444444,0.0267876577777778,0.0172357377777778,0.0177575188888889,0.0319387444444444,873.449821111111,878.721,NaN,NaN,31.7496666666667,0.0120408777777778,41.6752888888889,33.3010422222222,297.351444444444,45000,45059,0.124713233333333,NaN,2.77633111111111,104.943922222222,3.794,NaN,NaN,NaN,NaN,NaN,NaN,0.000950576035555556,0.000263024336666667,8.19584756666667e-27,1.71154331111111e-07,5.24758653333333e-07,3.65274528888889e-05,5.71370093333333e-06,3.12236354444444e-27,5.32448114444444e-08,2.67168013333333e-05,1.89542191111111e-09,0.00403723692222222,4.35507377777778e-07,0.000178107267777778,0.632880403041442,0.00011272059941581,0.632880403041442,0.000951449293333333,0.00655273601111111,3.95354406666667e-08,NaN,NaN,NaN,NaN,NaN,NaN,NaN,NaN,NaN,NaN,NaN,NaN,NaN,06-Aug-2024 06:30:00,06-Aug-2024 12:30:00,1.7229258e+18,NaN,NaN,NaN,NaN,NaN,NaN,NaN,NaN,NaN,NaN,NaN,NaN,6.5
0.086,0.00290226173191887,0.854586892720306,3.36656384750958,NaN,0.216081504214559,0.168894871264368,NaN,256.435778888889,NaN,1308.942,NaN,0.0613489440613027,NaN,NaN,0.00059734,0.00012553,4.39583333333333e-06,0.000839132222222222,NaN,NaN,0.00239653888888889,0.0426867633333333,0.00582361111111111,0.0021122632183908,0.0665330421455939,0.0287106168582375,NaN,NaN,NaN,NaN,NaN,1906.48803333333,1957.87122222222,433664.411111111,129.220111111111,0.000407072222222222,0.000205674444444444,1.5525,NaN,0.000782472413793103,0.0051793,0.192496666666667,NaN,1.22780719616858,NaN,NaN,NaN,0.0114522222222222,1,NaN,0.0489,13534780,13718291.8774444,1.4639554,1.23725740888889,0.188975082222222,0.0752339266666667,1.5525,0.00443023666666667,0.218768055172414,NaN,40.7343356888889,NaN,-111.872109988889,NaN,0.311847088505747,0.00152028084291188,9.28322543793104,NaN,NaN,0.116620177394636,0.00291663096301345,0.000439417777777778,1.51924098108911,0.465122001440803,2.6931665175168,-0.000481732183908046,0.0359371490421456,42.941,0.0344002639846743,0.198778811112499,0.0159969954563294,26.1943806377778,24.1812340844444,22.0599249844444,20.8015209444444,18.92534906,16.8790936966667,15.04832384,13.5748857944444,11.9477777466667,10.8325180277778,9.94556714555556,9.62128743333333,9.18794085444444,8.44805123222222,6.98372313444444,21.6637798911111,6.96173877333333,1.71032349444444,0.728847933333333,0.129587616666667,0.0990763744444444,0.0625816311111111,0.0519541688888889,0.0408113288888889,0.0351018177777778,0.0326211233333333,0.0308602122222222,0.0289268133333333,0.0282020644444444,0.0308430433333333,0.0474034044444444,0.0294216022222222,0.02469339,0.0163506877777778,0.0204022188888889,0.0306720055555556,873.667982222222,878.955666666667,NaN,NaN,31.4224444444444,0.0106384367816092,40.3108977777778,33.3608088888889,297.491666666667,46800,46859,0.122392043678161,NaN,2.66364222222222,110.809511111111,3.59388888888889,NaN,NaN,NaN,NaN,NaN,NaN,0.00533550477777778,0.00137540622222222,2.35881266666667e-26,9.38069555555556e-07,2.527044e-06,0.000175095633333333,2.72624166666667e-05,8.92046555555556e-27,2.95913344444444e-07,0.000123919877777778,1.02652688888889e-08,0.0246524288888889,2.10599888888889e-06,0.000850562333333333,0.659868834487407,0.000561259575555556,0.659868834487407,0.00587290655555556,0.0409560733333333,2.06387777777778e-07,NaN,NaN,NaN,NaN,NaN,NaN,NaN,NaN,NaN,NaN,NaN,NaN,NaN,06-Aug-2024 07:00:00,06-Aug-2024 13:00:00,1.7229276e+18,NaN,NaN,NaN,NaN,NaN,NaN,NaN,NaN,NaN,NaN,NaN,NaN,7
0.086,0.00310264184959399,0.872212026086129,3.3249556712216,NaN,0.214867660911848,0.167338385772326,NaN,246.863143333333,NaN,1308.769,NaN,0.0630230388913467,NaN,NaN,0.000584606168582375,0.000126924636015326,9.4047656021536e-06,0.000627210344827586,NaN,NaN,0.00243130521072797,0.038416525440613,0.00504097363984674,0.00264835731241904,0.0740443378248563,0.0332238242174902,NaN,NaN,NaN,NaN,NaN,1905.97202222222,1957.34155555556,433065.4,135.043222222222,0.000417477624521073,0.000174050881226054,15.6582,NaN,0.00136218615995634,0.00535766868001695,0.192205555555556,NaN,1.2633287050157,NaN,NaN,NaN,0.01097,1,NaN,0.0502444444444444,13481785.5555556,13667722.442,1.51701857777778,1.09954301877395,0.178241570574713,0.0673406437931034,15.6582,0.00388642268199234,0.313811745304667,NaN,40.7343361444444,NaN,-111.872109611111,NaN,0.291982184449564,0.00150154615301895,13.3612601754616,NaN,NaN,0.127795084807338,0.00282087706768444,0.00039380183908046,1.89711065787679,0.769252257469468,3.17301308702256,-0.000466915846884654,0.0339367078088261,43.1264444444444,0.0314201840436151,0.205606304134464,0.0160172995134164,25.8305062377778,23.6794087955556,21.3995631711111,20.08765224,18.24777682,16.2454316544444,14.3684896777778,12.9051742477778,11.41275379,10.2558629288889,9.40455592111111,9.11138774888889,8.77989213333333,8.11455657666667,6.64745456222222,20.68753293,6.64168348,1.62967654222222,0.703988031111111,0.1293361,0.0983691166666667,0.0550018022222222,0.04826007,0.0417158077777778,0.0341256944444444,0.0309001366666667,0.02578196,0.0276223311111111,0.0254052622222222,0.0303824155555556,0.04388534,0.0323739966666667,0.0253076111111111,0.0151840466666667,0.02075526,0.0254046833333333,873.871076666667,879.177666666667,NaN,NaN,30.3161111111111,0.00997099302267597,38.6071311111111,33.2636644444444,298.449666666667,48600,48659,0.132865125007184,NaN,2.54973,112.2023,3.05344444444444,NaN,NaN,NaN,NaN,NaN,NaN,0.0119302111111111,0.00322285333333333,4.26567111111111e-26,2.76329033333333e-06,6.5989e-06,0.000437123666666667,7.03767111111111e-05,1.58813733333333e-26,1.07430966666667e-06,0.000308535,3.15895022222222e-08,0.0511975666666667,5.52017555555555e-06,0.00210934288888889,0.792014706423053,0.00167063058888889,0.792014706423053,0.0111858244444444,0.0827706,6.89305555555556e-07,NaN,NaN,NaN,NaN,NaN,NaN,NaN,NaN,NaN,NaN,NaN,NaN,NaN,06-Aug-2024 07:30:00,06-Aug-2024 13:30:00,1.7229294e+18,NaN,NaN,NaN,NaN,NaN,NaN,NaN,NaN,NaN,NaN,NaN,NaN,7.5
0.086,0.003050980651341,0.972549035542115,3.22722957009613,NaN,0.214700129342237,0.17941941885303,NaN,241.287147777778,NaN,1309.815,NaN,0.0620202541544839,NaN,NaN,0.000504717662835249,0.000110609655172414,2.10062873964666e-05,0.000612190842911877,NaN,NaN,0.0026842101532567,0.0366757269731801,0.00481106471264368,0.00287072631121897,0.0862210605186792,0.0384537944736406,NaN,NaN,NaN,NaN,NaN,1906.09576666667,1957.61944444444,432899.477777778,146.609333333333,0.000402453295019157,0.000179848505747126,11.6570777777778,NaN,0.00210591576388941,0.00507927781142324,0.189067777777778,NaN,1.33359060355152,NaN,NaN,NaN,0.0103566666666667,1,NaN,0.0538555555555556,13551210.7777778,13744419.106,1.6856077,1.07292019862069,0.163897494061303,0.0809038995785441,11.6570777777778,0.00493550421455939,0.509400107888883,NaN,40.7343393222222,NaN,-111.872108722222,NaN,0.312066884529914,0.00124468159935463,13.7064419504123,NaN,NaN,0.163864590764064,0.00272512317235543,0.00027390724137931,4.09155133333333,2.92041134444444,7.80774855555556,-0.000388599514840536,0.0320492526450407,42.7825555555556,0.0282388467458089,0.218274675670498,0.0171804164750958,26.8018606855556,24.1425256111111,21.6728731188889,19.9981736333333,18.0341403622222,15.9188856155556,13.9378502788889,12.4030000311111,10.9505182033333,9.79682004444444,8.93210248,8.60197137333333,8.15171319,7.48265908111111,6.17951419888889,19.1740457444444,6.19887345,1.56467389222222,0.6654019,0.132278503333333,0.0916046722222222,0.0535964744444444,0.0463270355555555,0.0375737988888889,0.0308187,0.0281760633333333,0.0278956466666667,0.02556055,0.0258963555555556,0.0301312311111111,0.0424492011111111,0.0298112177777778,0.0247817022222222,0.0139139077777778,0.0165097477777778,0.02221468,874.166516666667,879.429555555556,NaN,NaN,28.328,0.00983230297548095,36.9375888888889,33.0484011111111,300.556222222222,50400,50459,0.150865161709405,NaN,2.39378111111111,116.3087,2.814,NaN,NaN,NaN,NaN,NaN,NaN,0.0173865444444444,0.00499010555555556,6.86216e-26,5.78505222222222e-06,1.24193888888889e-05,0.000760395444444445,0.000129054266666667,2.51147888888889e-26,2.89850444444444e-06,0.000534057222222222,7.06588222222222e-08,0.0698448,1.03259277777778e-05,0.00354967333333333,0.906585582523087,0.00321808266666667,0.906585582523087,0.0145133333333333,0.110988366666667,1.78667244444444e-06,NaN,NaN,NaN,NaN,NaN,NaN,NaN,NaN,NaN,NaN,NaN,NaN,NaN,06-Aug-2024 08:00:00,06-Aug-2024 14:00:00,1.7229312e+18,NaN,NaN,NaN,NaN,NaN,NaN,NaN,NaN,NaN,NaN,NaN,NaN,8
0.086,0.00295056888888889,1.06859541111111,3.23170186666667,NaN,0.209093955555556,0.187141455555556,NaN,228.966105555556,NaN,1309.165,NaN,0.0935795222222222,NaN,NaN,0.000721572222222222,8.34206513409962e-05,1.42183673469388e-05,0.00066598785440613,NaN,NaN,0.00312146072796935,0.0386557401149425,0.00474158605363985,0.00427258888888889,0.118494477777778,0.0549633888888889,NaN,NaN,NaN,NaN,NaN,1907.21777777778,1958.95388888889,434272.322222222,167.094222222222,0.000369876819923372,0.000181071609195402,1.97575555555556,NaN,0.00268706666666667,0.00573305555555556,0.194033333333333,NaN,1.78498594444444,NaN,NaN,NaN,0.0098,1,NaN,0.0536,13608436.1111111,13803325.1152222,1.85949453333333,1.09244091796935,0.1890624248659,0.0833556151340996,1.97575555555556,0.0079585514559387,0.678135788888889,NaN,40.7343387,NaN,-111.87211,NaN,0.359088044444444,0.00171168888888889,15.4322028333333,NaN,NaN,0.186579455555556,0.00262936927702643,0.000172063563218391,4.919325,3.12194054444444,8.690214,-0.00244963333333333,0.0309738777777778,43.4892222222222,0.0295115888888889,0.230713491417625,0.0204456634099617,26.0909742511111,23.3569339411111,20.7526303233333,19.1523233777778,17.1827303911111,15.1632854455556,13.2816266588889,11.6997971666667,10.2912520922222,9.15301599,8.32074802444444,8.03825659555556,7.47702711222222,6.80297681111111,5.65994086555556,17.9263466488889,5.81532480111111,1.48146009555556,0.644784451111111,0.121175787777778,0.0907406644444444,0.0534340033333333,0.04494442,0.0400224966666667,0.0299878288888889,0.03018392,0.0316206233333333,0.0225761555555556,0.0246319122222222,0.0321541966666667,0.0407814522222222,0.02970059,0.02467339,0.0152532266666667,0.0174509822222222,0.0253223433333333,874.352463333333,879.673333333333,NaN,NaN,26.5305555555556,0.0151710666666667,35.08088,32.7961933333333,302.191888888889,52200,52259,0.218796888888889,NaN,2.34196666666667,120.2792,2.86488888888889,NaN,NaN,NaN,NaN,NaN,NaN,0.0213188,0.00640017333333333,1.08220066666667e-25,9.59223222222222e-06,1.88187222222222e-05,0.00107581644444444,0.000191314888888889,3.89746777777778e-26,6.09268333333333e-06,0.000746335333333333,1.25874666666667e-07,0.0820863222222222,1.56388888888889e-05,0.00483791888888889,0.926306720038253,0.00448139677777778,0.926306720038253,0.0165855333333333,0.129166111111111,3.73811222222222e-06,NaN,NaN,NaN,NaN,NaN,NaN,NaN,NaN,NaN,NaN,NaN,NaN,NaN,06-Aug-2024 08:30:00,06-Aug-2024 14:30:00,1.722933e+18,NaN,NaN,NaN,NaN,NaN,NaN,NaN,NaN,NaN,NaN,NaN,NaN,8.5
0.086,0.00342657735632184,1.22347826015326,3.322842748659,NaN,0.208440246743295,0.212452951340996,NaN,236.447008888889,NaN,1309.46433333333,NaN,0.0941340804597701,NaN,NaN,0.000694362567049808,3.11606130268199e-05,7.49999999999994e-07,0.000765836360153257,NaN,NaN,0.00364988701149425,0.0431303716858238,0.0049908953256705,0.00389113754789272,0.120605137164751,0.0557127708812261,NaN,NaN,NaN,NaN,NaN,1906.15546666667,1958.70488888889,434392.388888889,165.920555555556,0.000384420536398467,0.000164170038314176,1.77936666666667,NaN,0.00275991762452107,0.00597604406130268,0.192786666666667,NaN,1.8134403045977,NaN,NaN,NaN,0.00999444444444444,1,NaN,0.0477666666666667,13966430.7777778,14171406.6892222,2.20819623333333,1.14844857279693,0.216945109616858,0.123577683295019,1.77936666666667,0.0135321384291188,0.95190893908046,NaN,40.73434,NaN,-111.87211,NaN,0.486767559770115,0.00193416513409962,12.3131948984674,NaN,NaN,0.239008059003831,0.00253361538169742,0.000141591800766284,8.61737288888889,8.00755096666667,16.4400076666667,-0.00306989923371648,0.0361072356321839,41.8297777777778,0.0316318697318008,0.250074558467433,0.0220928568582376,27.7146529744444,24.6272150855556,21.9196643977778,19.97284316,17.8716333266667,15.7004600411111,13.6378856588889,12.0416885833333,10.4923244033333,9.35692781777778,8.41386434888889,8.08811766888889,7.47703520777778,6.9049607,5.69835621111111,17.8659728422222,5.81560546111111,1.51447308222222,0.652386772222222,0.121097091111111,0.0923925944444444,0.0571196388888889,0.0495255955555556,0.0407233355555556,0.03312318,0.0273113966666667,0.0269245322222222,0.0229098766666667,0.0241762755555556,0.0282932633333333,0.0404399311111111,0.02964715,0.0252755966666667,0.0167087022222222,0.0189548944444444,0.0262706066666667,874.414512222222,879.751555555555,NaN,NaN,25.6216666666667,0.0192453674329502,35.7862288888889,32.4201422222222,303.256333333333,54000,54059,0.200234419923372,NaN,2.37743555555556,123.658577777778,3.01033333333333,NaN,NaN,NaN,NaN,NaN,NaN,0.0241372222222222,0.00747921777777778,1.76192888888889e-25,1.36473222222222e-05,2.49154555555556e-05,0.00135354222222222,0.000249782111111111,6.25036333333333e-26,1.06151611111111e-05,0.000926116555555556,1.91731e-07,0.0903893,2.08314111111111e-05,0.00589566888888889,0.935831369242431,0.00551735188888889,0.935831369242431,0.0179501111111111,0.141345888888889,6.58087333333333e-06,NaN,NaN,NaN,NaN,NaN,NaN,NaN,NaN,NaN,NaN,NaN,NaN,NaN,06-Aug-2024 09:00:00,06-Aug-2024 15:00:00,1.7229348e+18,NaN,NaN,NaN,NaN,NaN,NaN,NaN,NaN,NaN,NaN,NaN,NaN,9
0.086,0.00389968114942529,1.26970831343289,3.4160580662599,NaN,0.208568958667391,0.219522514755235,NaN,237.123798888889,NaN,1309.269,NaN,0.0851106501551749,NaN,NaN,0.000673836513409962,5.69333716475096e-05,1.64053631813502e-05,0.000890141992337165,NaN,NaN,0.00478720785440613,0.0507048116091954,0.00530061842911877,0.0044747541608614,0.123129541243054,0.0516122185294834,NaN,NaN,NaN,NaN,NaN,1905.57051111111,1958.62022222222,433613.711111111,165.642555555556,0.00040336214559387,0.000143748429118774,1.62046666666667,NaN,0.00283728323854707,0.00742533905042219,0.192494444444444,NaN,2.61483308126824,NaN,NaN,NaN,0.00989111111111111,1,NaN,0.0437888888888889,14018057.1111111,14223174.8022222,2.58841621111111,1.15779886137931,0.228515242413793,0.116860537049808,1.62046666666667,0.0222541573180077,1.01968034304839,NaN,40.73434,NaN,-111.872106666667,NaN,0.648177621537879,0.00256133334476249,11.6162964249838,NaN,NaN,0.248911580664895,0.00243786148636841,0.000177153601532567,7.13270990942394,5.68114070948542,12.8567406610361,-0.00192565403765795,0.0334814270831291,43.6773333333333,0.0309183350048377,0.272792740344828,0.0242075469731801,28.7418799111111,25.4010895966667,22.3956867777778,20.2531245111111,18.0653825855556,15.7054875,13.6091342766667,11.9202262533333,10.3123163055556,9.19122038777778,8.3054226,7.85489299111111,7.30941659666667,6.65774597444444,5.50867525,17.3061959033333,5.72548841,1.51142685333333,0.657460431111111,0.123609561111111,0.100066057777778,0.0562920344444444,0.0434913722222222,0.0414948744444444,0.033501,0.0320858055555556,0.0246735211111111,0.0240850377777778,0.0237881266666667,0.0313791322222222,0.0408899766666667,0.0290307877777778,0.0237142866666667,0.0157580066666667,0.0201824622222222,0.0274570388888889,874.320456666667,879.643444444444,NaN,NaN,24.7623333333333,0.0191333432773181,35.5835444444444,31.9975811111111,304.336777777778,55800,55859,0.207557961835906,NaN,2.37333333333333,133.366811111111,3.016,NaN,NaN,NaN,NaN,NaN,NaN,0.0261791222222222,0.00829800333333333,3.12751666666667e-25,1.75794777777778e-05,3.03237666666667e-05,0.00158672,0.000301463666666667,1.09815311111111e-25,1.61611555555556e-05,0.00107206488888889,2.62387888888889e-07,0.0961867111111111,2.55917888888889e-05,0.00673800555555556,0.937670890083696,0.00631803166666667,0.937670890083696,0.0188835444444444,0.149777111111111,1.01572055555556e-05,NaN,NaN,NaN,NaN,NaN,NaN,NaN,NaN,NaN,NaN,NaN,NaN,NaN,06-Aug-2024 09:30:00,06-Aug-2024 15:30:00,1.7229366e+18,NaN,NaN,NaN,NaN,NaN,NaN,NaN,NaN,NaN,NaN,NaN,NaN,9.5
0.086,0.0042195461368366,1.56554772660207,3.672373738549,NaN,0.212055257480833,0.234897023748815,NaN,253.737712222222,NaN,1308.977,NaN,0.0861270174498656,NaN,NaN,0.000681735845921787,6.82948152805882e-05,1.14836903391935e-05,0.00599757299879693,NaN,NaN,0.00987502949630021,0.0545571776068574,0.00744325642471476,0.0052754490296585,0.135303798321276,0.0549005885858784,NaN,NaN,NaN,NaN,NaN,1907.23353333333,1960.91633333333,433724.811111111,179.830777777778,0.000450604666650931,0.000141249276541281,1.96762222222222,NaN,0.00408699080282737,0.00875182089862724,0.19397,NaN,2.37611601753683,NaN,NaN,NaN,0.0102355555555556,1,NaN,0.0441888888888889,14094786.1111111,14290298.797,3.35360171111111,1.29629245213828,0.332183218696269,0.11431161942307,1.96762222222222,0.0357343990601175,0.727401510758543,NaN,40.7343399888889,NaN,-111.872100166667,NaN,0.851939675273618,0.00188336919785854,10.9339443919254,NaN,NaN,0.374492800129998,0.0023421075910394,0.00014194031216873,6.94573237460633,3.68920100132493,10.5876284623512,-0.00441898810962777,0.0363779584234408,47.6968888888889,0.0316124946438128,0.363916226076621,0.0355100437437199,32.0383355766667,28.0492644244444,24.5826578955556,22.0506672022222,19.43534661,16.86494066,14.4776429077778,12.6126026922222,10.8877460711111,9.66164081111111,8.60561179,8.10504868888889,7.50772917888889,6.80739795444444,5.58218491444444,17.6898121744444,5.81000523111111,1.55692672555556,0.670455157777778,0.126906607777778,0.104806093333333,0.0645833488888889,0.0494994511111111,0.0423777633333333,0.0360887488888889,0.0335843255555556,0.0304852122222222,0.0264657133333333,0.0257910644444444,0.03466306,0.0419745855555556,0.0298537844444444,0.02745943,0.0158494433333333,0.0198855188888889,0.0314134144444444,874.29225,879.675,NaN,NaN,22.9021111111111,0.012896850447106,37.5063388888889,32.9578355555556,306.417777777778,57600,57659,0.212661783368893,NaN,2.50569777777778,147.627722222222,2.26577777777778,NaN,NaN,NaN,NaN,NaN,NaN,0.0276679222222222,0.00891710666666667,6.48416333333333e-25,2.11749777777778e-05,3.49301e-05,0.00177751666666667,0.000345562111111111,2.30372666666667e-25,2.23035666666667e-05,0.00118810777777778,3.32963222222222e-07,0.100297333333333,2.97856111111111e-05,0.00739878666666667,0.944572052955229,0.00698868711111111,0.944572052955229,0.0195329777777778,0.155710333333333,1.41976444444444e-05,NaN,NaN,NaN,NaN,NaN,NaN,NaN,NaN,NaN,NaN,NaN,NaN,NaN,06-Aug-2024 10:00:00,06-Aug-2024 16:00:00,1.7229384e+18,NaN,NaN,NaN,NaN,NaN,NaN,NaN,NaN,NaN,NaN,NaN,NaN,10
0.086,0.00552582766213419,1.47274924444444,3.79999544444444,NaN,0.210582877777778,0.225580211111111,NaN,262.225763333333,NaN,1308.21255555556,NaN,0.0614567222222222,NaN,NaN,0.00116307227918094,0.000850232562561564,6.56201749703684e-06,0.00680145940252458,NaN,NaN,0.0185398598459438,0.0703285619713537,0.00968999561226227,0.00781833333333333,0.117316,0.0443970333333333,NaN,NaN,NaN,NaN,NaN,1908.62977777778,1961.46377777778,433343.933333333,181.758666666667,0.000550523547312537,0.000151333375824382,1.54367777777778,NaN,0.00418067777777778,0.00858008888888889,0.197921111111111,NaN,2.37340083333333,NaN,NaN,NaN,0.0110622222222222,1,NaN,0.0474333333333333,13855111.4444444,14050280.232,3.96800077777778,1.67643576170839,0.483491712019981,0.116609659228442,1.54367777777778,0.055700241183235,0.446949233333333,NaN,40.7343353777778,NaN,-111.872102811111,NaN,0.992964333333333,0.00184872222222222,10.3058052666667,NaN,NaN,0.228318333333333,0.0022463536957104,0.000364234259577139,4.46603033333333,1.50031011111111,6.44185822222222,-0.00516416666666667,0.0306272777777778,53.2783728221067,0.0284483,0.511911359580932,0.0522318807520641,33.8145314277778,29.47393158,25.6972307022222,22.9811829433333,20.1710001311111,17.3097646711111,14.8305030455556,12.8886145466667,11.1119702711111,9.75497895111111,8.76555361777778,8.24447915333333,7.58660653555556,6.91648492333333,5.59375469333333,17.1598864522222,6.05815395222222,2.15391025222222,0.871592778888889,0.135255152222222,0.110121066666667,0.06716801,0.0580228677777778,0.04823558,0.03680108,0.0340601844444444,0.0303603544444444,0.0314509444444444,0.0280203377777778,0.0353024011111111,0.0483322422222222,0.0281510855555556,0.0318635322222222,0.01786187,0.0204870155555556,0.0371108044444445,874.281536666667,879.67,NaN,NaN,20.6766666666667,0.0102499555555556,39.1805888888889,33.4325166666667,308.690222222222,59400,59459,0.193299266666667,NaN,2.68161,154.152222222222,1.86811111111111,NaN,NaN,NaN,NaN,NaN,NaN,0.0287524555555556,0.00938213666666667,1.69454511111111e-24,2.43267555555556e-05,3.87385777777778e-05,0.00193034555555556,0.000382190222222222,6.40491888888889e-25,2.85926222222222e-05,0.00127894444444444,3.99635555555556e-07,0.103206222222222,3.33700777777778e-05,0.00791063222222222,0.955527125307726,0.00755882366666667,0.955527125307726,0.0199868333333333,0.159886888888889,1.83944333333333e-05,NaN,NaN,NaN,NaN,NaN,NaN,NaN,NaN,NaN,NaN,NaN,NaN,NaN,06-Aug-2024 10:30:00,06-Aug-2024 16:30:00,1.7229402e+18,NaN,NaN,NaN,NaN,NaN,NaN,NaN,NaN,NaN,NaN,NaN,NaN,10.5
0.086,0.0040708058586525,1.65461533333333,4.04207928888889,NaN,0.206464788888889,0.229932088888889,NaN,280.548346666667,NaN,1308.607,NaN,0.0734142777777778,NaN,NaN,0.0013180469960462,0.000591209848248129,8.16211128154947e-06,0.00142945930293171,NaN,NaN,0.022063514546024,0.06399482156335,0.0096842259161607,0.0143799888888889,0.156009055555556,0.0431125888888889,NaN,NaN,NaN,NaN,NaN,1928.17157777778,1983.046,435330.488888889,192.083444444444,0.00051561499537224,0.00014909142740688,1.36205555555556,NaN,0.00487335555555556,0.00770908888888889,0.205345555555556,NaN,2.72525443333333,NaN,NaN,NaN,0.0163555555555556,1,NaN,0.0487555555555556,14083974.6666667,14290188.5497778,4.44283525555556,1.54310768019886,0.581959572919018,0.104018191571493,1.36205555555556,0.0503573673005046,0.372888822222222,NaN,40.7343383,NaN,-111.872109377778,NaN,1.01207003333333,0.00220448888888889,11.0151562,NaN,NaN,0.134584788888889,0.00215059980038139,0.000266499894079887,4.85205922222222,1.48490167777778,7.05635366666667,-0.00612184444444444,0.0266449,57.585477399792,0.0301406555555556,0.640049949779161,0.0659016964395142,37.0359636222222,31.8971333866667,27.44505038,24.24300749,21.0725799044444,17.8015406988889,15.1247549166667,13.1502801144444,11.2081414788889,9.82715146444444,8.95069260666667,8.52273253777778,8.11788827444444,7.25754557,5.57948455111111,15.6844532255556,8.14876895888889,5.80026246666667,2.36335952111111,0.209845067777778,0.170441511111111,0.10248733,0.0881155,0.0704102755555556,0.0571892144444444,0.0499773333333333,0.0432559511111111,0.03715185,0.03787294,0.0422378433333333,0.0548391344444444,0.0381762611111111,0.0280294488888889,0.02344597,0.02125574,0.0380741777777778,874.183934444445,879.424333333333,NaN,NaN,19.9452222222222,0.0116826111111111,46.1864544444444,34.2409444444444,309.180888888889,61200,61259,0.216663855555556,NaN,3.37043,139.844744444444,1.95777777777778,NaN,NaN,NaN,NaN,NaN,NaN,0.0295278555555556,0.00972469666666667,6.06186333333333e-24,2.69674444444444e-05,4.17818666666667e-05,0.00204941777777778,0.000411613888888889,2.55003988888889e-24,3.45726777777778e-05,0.00134825111111111,4.5915e-07,0.105238,3.63210555555556e-05,0.00829792444444444,0.90757344674679,0.00753097588888889,0.90757344674679,0.0202980222222222,0.162780222222222,2.24264777777778e-05,NaN,NaN,NaN,NaN,NaN,NaN,NaN,NaN,NaN,NaN,NaN,NaN,NaN,06-Aug-2024 11:00:00,06-Aug-2024 17:00:00,1.722942e+18,NaN,NaN,NaN,NaN,NaN,NaN,NaN,NaN,NaN,NaN,NaN,NaN,11
0.086,0.00292619222222222,1.86781974382684,4.34955703111958,NaN,0.202252800263837,0.238195871553841,NaN,309.618931111111,NaN,1308.90922222222,NaN,0.0942460069550673,NaN,NaN,0.000795455555555556,0.000171331111111111,9.76220506606209e-06,0.000887388888888889,NaN,NaN,0.0227429211111111,0.0419296988888889,0.00993447,0.0183409247162679,0.169372590439321,0.0462341771031049,NaN,NaN,NaN,NaN,NaN,1986.66905555556,2041.45544444444,437076.722222222,195.558444444444,0.000605253333333333,0.000167627777777778,1.44595555555556,NaN,0.00602710510254373,0.0107076949967129,0.192502222222222,NaN,3.36881150965474,NaN,NaN,NaN,0.0105211111111111,1,NaN,0.0476777777777778,14538545.4444444,14765740.6954444,4.78576144444444,1.38846050333333,0.811692991111111,0.100174562222222,1.44595555555556,0.0361635166666667,0.2637293730175,NaN,40.73434,NaN,-111.872106711111,NaN,0.786268012678389,0.00197602597945302,10.8511955086805,NaN,NaN,0.0958288621427089,0.00205484590505238,0.000108985555555556,4.83397051806656,1.11461364242142,6.92761261547287,-0.00625071379318472,0.034419168908346,61.2971111111111,0.033746561861907,0.710652137777778,0.0823791288888889,45.4379299866667,39.0774792244444,33.2112130588889,29.0143259344444,24.9591448222222,20.8629762777778,17.5066239477778,14.8458604588889,12.3214662811111,10.6410818988889,9.31982195,8.53880554111111,7.78652526666667,6.95521676444444,5.38792017555556,15.6580011588889,5.11500801444444,1.46348008333333,0.688942391111111,0.134351998888889,0.110164822222222,0.0612247777777778,0.05465397,0.04568605,0.0436435833333333,0.0381434166666667,0.0344742877777778,0.0329229444444444,0.0330517488888889,0.0404948455555556,0.0523321311111111,0.0338301333333333,0.0319461122222222,0.0239860988888889,0.02288114,0.0333130711111111,874.050035555556,879.331777777778,NaN,NaN,19.7651111111111,0.0113759781709862,42.0380733333333,35.2818222222222,309.540333333333,63000,63059,0.28418581561352,NaN,2.76899666666667,124.126377777778,1.84933333333333,NaN,NaN,NaN,NaN,NaN,NaN,0.0300798888888889,0.00997505333333333,2.86095244444444e-23,2.91198444444444e-05,4.41685444444444e-05,0.00214092444444444,0.000434807333333333,1.30956877777778e-23,3.99624555555556e-05,0.00140063444444444,5.10225333333333e-07,0.106645,3.86963444444444e-05,0.00858824222222222,0.910475083635016,0.00781938055555556,0.910475083635016,0.0205082222222222,0.164767111111111,2.60897666666667e-05,NaN,NaN,NaN,NaN,NaN,NaN,NaN,NaN,NaN,NaN,NaN,NaN,NaN,06-Aug-2024 11:30:00,06-Aug-2024 17:30:00,1.7229438e+18,NaN,NaN,NaN,NaN,NaN,NaN,NaN,NaN,NaN,NaN,NaN,NaN,11.5
0.086,0.00150225398467433,1.49160630638724,3.66155945672028,NaN,0.193412511994759,0.192562848520283,NaN,273.888082222222,NaN,1308.81944444444,NaN,0.0711088394480738,NaN,NaN,0.000790574827586207,0.00011984153256705,1.13622988505747e-05,0.000491474061302682,NaN,NaN,0.0159571094636015,0.0385053869731801,0.00735960272030651,0.0316640331612998,0.114271423724257,0.0393383103100288,NaN,NaN,NaN,NaN,NaN,1973.18247777778,2021.67266666667,433182.966666667,170.548222222222,0.000649013218390805,0.000140167471264368,1.48534444444444,NaN,0.00369178362019872,0.00479263827475124,0.192227777777778,NaN,2.45833480474767,NaN,NaN,NaN,0.0095,1,NaN,0.0451666666666667,13307090.1111111,13421700.9746667,3.94170438888889,1.22276449938697,0.961919758850575,0.078523251532567,1.48534444444444,0.0268770502681992,0.336638567513134,NaN,40.73434,NaN,-111.872109766667,NaN,0.565668226169269,0.00120589981718163,8.03240211100745,NaN,NaN,0.102060477924293,0.00195909200972338,0.000116960881226054,3.49088679128021,0.826479201997634,5.05040225675939,-0.0039511938543092,0.0313309981429065,59.6625555555555,0.0312041803699312,0.48112113651341,0.059351037816092,39.5869383777778,34.1262919488889,29.1456961111111,25.5684914444444,21.9823571411111,18.3949083188889,15.4100065888889,13.0701473066667,10.9224149322222,9.52760444222222,8.39977023666667,7.77768272,7.14021495888889,6.34832805555556,4.93922463,14.2587075944444,4.57944522222222,1.33256807111111,0.621411491111111,0.123576916666667,0.0985933944444444,0.0627839144444444,0.0504529077777778,0.04320143,0.03631768,0.0353111344444444,0.0301613522222222,0.0313377288888889,0.0309260555555556,0.0328336555555556,0.0504690222222222,0.0284898033333333,0.0289506922222222,0.0201864077777778,0.0212940233333333,0.0309867955555556,873.839177777778,879.232888888889,NaN,NaN,17.5301111111111,0.0122371784061575,37.5524544444445,35.7162333333333,310.769,64800,64859,0.23087743283603,NaN,2.48723444444444,133.553422222222,1.90266666666667,NaN,NaN,NaN,NaN,NaN,NaN,0.0304649222222222,0.0101543166666667,1.23097055555556e-22,3.08018222222222e-05,4.59756333333333e-05,0.00220906888888889,0.000452460333333333,5.83279777777778e-23,4.44955555555556e-05,0.00143901333333333,5.51763888888889e-07,0.107599888888889,4.05355555555555e-05,0.00880036333333333,0.916031888582378,0.00806141344444444,0.916031888582378,0.0206491666666667,0.166101222222222,2.91861444444444e-05,NaN,NaN,NaN,NaN,NaN,NaN,NaN,NaN,NaN,NaN,NaN,NaN,NaN,06-Aug-2024 12:00:00,06-Aug-2024 18:00:00,1.7229456e+18,NaN,NaN,NaN,NaN,NaN,NaN,NaN,NaN,NaN,NaN,NaN,NaN,12
0.086,-0.000333283754789272,0.993263988888889,2.90171991111111,NaN,0.184891788888889,0.140962422222222,NaN,213.550204444444,NaN,1309.63811111111,NaN,0.0447464777777778,NaN,NaN,0.000892986206896552,2.55426053639847e-05,2.14683141762452e-05,0.000141031417624521,NaN,NaN,0.00687891586206897,0.0337439782375479,0.00377035019157088,0.0216677222222222,0.0801944333333333,0.0259643,NaN,NaN,NaN,NaN,NaN,1904.87761111111,1951.04988888889,428969.344444444,134.928555555556,0.000576669961685824,9.15645210727969e-05,1.49831111111111,NaN,0.00192634444444444,0.00102576666666667,0.186932222222222,NaN,1.76527673333333,NaN,NaN,NaN,0.0077,1,NaN,0.0473222222222222,11229833.8888889,11335465.6455556,2.59273628888889,0.990319160536399,0.656972538582375,0.0542421140996169,1.49831111111111,0.0163850264750958,0.432050355555556,NaN,40.7343403333333,NaN,-111.872107022222,NaN,0.409558333333333,0.00106243333333333,5.68699716666667,NaN,NaN,0.115199533333333,0.00186333811439437,6.29092720306513e-05,1.88385866666667,0.4940361,2.96237033333333,-0.000614655555555556,0.0259893555555556,55.6495555555556,0.0265073555555556,0.209852172950192,0.0233784747126437,29.4204919122222,25.6450733222222,21.9204924044444,19.4535725411111,16.7380289422222,14.1836579644444,11.9746740066667,10.2069155177778,8.65861107333333,7.67738903444444,6.85540313444444,6.58192219222222,6.13154321555556,5.49140009888889,4.23082153333333,12.2315999211111,3.94378292888889,1.10409759888889,0.502573406666667,0.0970069622222222,0.0836305788888889,0.0483406766666667,0.04161775,0.0364404944444444,0.0316453733333333,0.0288972855555556,0.0246355211111111,0.0247596855555556,0.0255261344444444,0.0281119633333333,0.0368080666666667,0.0242734022222222,0.0213134722222222,0.0122818777777778,0.0116903466666667,0.0211931633333333,873.626678888889,879.097555555556,NaN,NaN,14.959,0.0101520666666667,29.9101133333333,35.7714688888889,311.975888888889,66600,66659,0.217862577777778,NaN,1.93562,162.227488888889,2.05388888888889,NaN,NaN,NaN,NaN,NaN,NaN,0.0307076888888889,0.0102707111111111,3.63782444444444e-22,3.19725666666667e-05,4.72063111111111e-05,0.00225490111111111,0.000464517444444444,1.74900277777778e-22,4.78479444444444e-05,0.00146446,5.81637e-07,0.108187444444444,4.18088888888889e-05,0.00894024111111111,0.915786350281132,0.00818735077777778,0.915786350281132,0.0207342777777778,0.166920666666667,3.14847777777778e-05,NaN,NaN,NaN,NaN,NaN,NaN,NaN,NaN,NaN,NaN,NaN,NaN,NaN,06-Aug-2024 12:30:00,06-Aug-2024 18:30:00,1.7229474e+18,NaN,NaN,NaN,NaN,NaN,NaN,NaN,NaN,NaN,NaN,NaN,NaN,12.5
0.086,-0.000188076704980843,1.04491443333333,2.90171737777778,NaN,0.184524966666667,0.146828277777778,NaN,218.487711111111,NaN,1309.16166666667,NaN,0.0530545111111111,NaN,NaN,0.00110544111263151,8.19939463601533e-05,1.61853256704981e-05,9.38923754789272e-05,NaN,NaN,0.007323920651341,0.0375890028735632,0.00363738337164751,0.0207152444444444,0.0756661333333333,0.0273389777777778,NaN,NaN,NaN,NaN,NaN,1903.90323333333,1949.85488888889,429152.333333333,141.892666666667,0.000614329233716475,7.28704214559387e-05,1.34006666666667,NaN,0.00206938888888889,0.00183242222222222,0.184128888888889,NaN,1.80472641111111,NaN,NaN,NaN,0.00762333333333333,1,NaN,0.0468,11216676.4444444,11337148.5086667,2.79680037777778,0.938660231877395,0.669030158007663,0.0544879584291188,1.34006666666667,0.0157944619923372,0.452513477777778,NaN,40.7343446,NaN,-111.872104155556,NaN,0.420940877777778,0.00151084444444444,5.5879314,NaN,NaN,0.141659644444444,0.00176758421906536,6.25321455938697e-05,2.25562033333333,0.639292188888889,3.55750555555556,-0.00119795555555556,0.0290539111111111,56.3607777777778,0.0281658777777778,0.231757015249042,0.0231575623371648,30.6204182644444,26.4826160888889,22.6008586922222,20.1251441111111,17.2922105288889,14.5048483733333,12.1972297366667,10.3971426333333,8.85927753888889,7.76427086666667,6.97366345777778,6.64477380222222,6.2291632,5.58798012555556,4.22403157888889,12.0037270644444,3.79349335111111,1.09565463222222,0.505313275555556,0.0965945411111111,0.0802935011111111,0.0433140711111111,0.0391070888888889,0.03639016,0.03364236,0.0259524322222222,0.02890699,0.0240139577777778,0.0227208833333333,0.0276681844444444,0.0388257522222222,0.0235539666666667,0.0190965611111111,0.0124306088888889,0.0121302033333333,0.0212569833333333,873.376461111111,878.854666666667,NaN,NaN,14.4715555555556,0.00974064444444444,30.2007988888889,36.2318244444444,312.842555555556,68400,68459,0.162002466666667,NaN,1.93052333333333,160.919511111111,2.03466666666667,NaN,NaN,NaN,NaN,NaN,NaN,0.0308426111111111,0.0103360333333333,6.98633111111111e-22,3.26666444444444e-05,4.79244222222222e-05,0.00228134444444444,0.000471567222222222,3.38005666666667e-22,4.99115666666667e-05,0.00147910555555556,5.99709e-07,0.108506333333333,4.25600555555556e-05,0.00902022777777778,0.925466885844839,0.00834792211111111,0.925466885844839,0.0207790444444444,0.167360666666667,3.29041333333333e-05,NaN,NaN,NaN,NaN,NaN,NaN,NaN,NaN,NaN,NaN,NaN,NaN,NaN,06-Aug-2024 13:00:00,06-Aug-2024 19:00:00,1.7229492e+18,NaN,NaN,NaN,NaN,NaN,NaN,NaN,NaN,NaN,NaN,NaN,NaN,13
0.086,0.000819137126436782,1.11897751936493,2.9134902626465,NaN,0.183285235113125,0.148153848023351,NaN,237.940743333333,NaN,1308.40088888889,NaN,0.0457171717779414,NaN,NaN,0.000843145767585705,8.341312899106e-05,6.53467432950191e-06,8.10428735632184e-05,NaN,NaN,0.00843642704980843,0.0378687017241379,0.00371176766283525,0.015637299274429,0.0672078554712296,0.0213084174591769,NaN,NaN,NaN,NaN,NaN,1905.00956666667,1951.25,428975.911111111,140.925222222222,0.00104630567049808,8.54104214559387e-05,1.33451111111111,NaN,0.00171370721611892,0.00261403651715068,0.182062222222222,NaN,1.77489314573797,NaN,NaN,NaN,0.00789333333333333,1,NaN,0.0476444444444444,11266671,11377073.0156667,3.1024913,0.919447412681992,0.757412297088123,0.0461205894636015,1.33451111111111,0.0140422876628352,0.373591698005213,NaN,40.7343421222222,NaN,-111.872106044444,NaN,0.401018785197127,0.00121100619428669,6.01615202276029,NaN,NaN,0.11240390337922,0.00167183032373635,2.11111111111111e-07,2.06306837608709,0.531827534193882,3.45275246728091,-0.00146013736585429,0.0297279978275357,59.3133333333333,0.0255309034650175,0.282940019463602,0.0266526255172414,33.7510219322222,29.1508779711111,25.0509818722222,22.09669615,18.9413796144444,16.0085208511111,13.3302352733333,11.4089181911111,9.62786487333333,8.42831577,7.53145665111111,7.12849103777778,6.62015259555556,5.95765376555556,4.43562237111111,12.4143256755556,3.83945102777778,1.10259112888889,0.514329944444444,0.104395263333333,0.0777757255555556,0.0492308511111111,0.0431718311111111,0.0393716655555556,0.0306709033333333,0.0298541977777778,0.0239637622222222,0.0208139044444444,0.0238682977777778,0.0269178366666667,0.0355437633333333,0.0236900977777778,0.0196193844444444,0.0143559522222222,0.0147005166666667,0.0239340544444444,873.136667777778,878.599888888889,NaN,NaN,14.0738888888889,0.00871940365206395,32.2962022222222,36.8991155555556,313.687222222222,70200,70259,0.145388268489951,NaN,2.03263222222222,157.765822222222,1.61444444444444,NaN,NaN,NaN,NaN,NaN,NaN,0.0308848111111111,0.0103572777777778,8.65631777777778e-22,3.28939222222222e-05,4.81591111111111e-05,0.00228985666666667,0.000473869222222222,4.19562666666667e-22,5.06009222222222e-05,0.00148385555555556,6.05695444444445e-07,0.108597777777778,4.28064666666667e-05,0.00904600444444444,0.928422186148728,0.00839851122222222,0.928422186148728,0.0207926444444444,0.167492,3.33792222222222e-05,NaN,NaN,NaN,NaN,NaN,NaN,NaN,NaN,NaN,NaN,NaN,NaN,NaN,06-Aug-2024 13:30:00,06-Aug-2024 19:30:00,1.722951e+18,NaN,NaN,NaN,NaN,NaN,NaN,NaN,NaN,NaN,NaN,NaN,NaN,13.5
0.086,0.000807215363984674,1.01817547227408,2.89325381059376,NaN,0.184033227387104,0.143517450570317,NaN,248.521531111111,NaN,1308.58177777778,NaN,0.0596449799562487,NaN,NaN,0.000940677340581098,8.48323116219668e-05,9.46490421455939e-06,6.55403448275862e-05,NaN,NaN,0.00889072061302682,0.0350112388888889,0.00340667961685824,0.0134589385855461,0.0758659670739947,0.0264774541497734,NaN,NaN,NaN,NaN,NaN,1903.99073333333,1949.50511111111,427798.044444444,134.036777777778,0.000952377432950192,8.67221455938697e-05,1.37176666666667,NaN,0.00145111204035849,0.00226455986084381,0.177996666666667,NaN,1.69479816010764,NaN,NaN,NaN,0.00799888888888889,1,NaN,0.0479555555555556,10947801.1111111,11063570.4533333,3.05128262222222,0.889814636436782,0.830472123678161,0.0419814510727969,1.37176666666667,0.0103234906130268,0.272416812498368,NaN,40.7343416111111,NaN,-111.872109944444,NaN,0.301186817368368,0.00100822800133823,5.96194212410241,NaN,NaN,0.121503621979755,0.00157607642840735,1.10252873563218e-05,1.64268948115942,0.356881735315868,3.02243323734671,0.00233022824875894,0.0350009079671246,61.6236666666667,0.0311386875076349,0.303797494904215,0.0275726026819923,35.2561760233333,30.6664707811111,26.3415471955556,23.2307579577778,20.0666356977778,16.8031041077778,14.0514886455556,11.9706661011111,10.1133760222222,8.83573187444444,7.84624983333333,7.32093097444444,6.78117585333333,6.04761539,4.54728382555556,12.6211470122222,3.84669971222222,1.09860980444444,0.499708465555556,0.0912100144444444,0.0740774744444444,0.0496327244444444,0.0408693044444444,0.03869571,0.0285732,0.0280494844444444,0.0222260566666667,0.0227030088888889,0.0237358011111111,0.0253422166666667,0.0364863911111111,0.0253419933333333,0.0205585733333333,0.0134451577777778,0.0134876777777778,0.0217394855555556,872.779091111111,878.244666666667,NaN,NaN,13.173,0.0110035448992921,33.2465466666667,37.4724744444444,314.817111111111,72000,72059,0.150978074706732,NaN,2.04329333333333,127.129733333333,1.08555555555556,NaN,NaN,NaN,NaN,NaN,NaN,0.0308409333333333,0.0103352111111111,6.92831888888889e-22,3.26576444444444e-05,4.79170444444444e-05,0.00228110666666667,0.000471486,3.35168555555556e-22,4.98856333333333e-05,0.00147892555555556,5.99483888888889e-07,0.108504777777778,4.25510444444444e-05,0.00901935111111111,0.903692086250107,0.00815071622222222,0.903692086250107,0.0207788222222222,0.167358666666667,3.28865666666667e-05,NaN,NaN,NaN,NaN,NaN,NaN,NaN,NaN,NaN,NaN,NaN,NaN,NaN,06-Aug-2024 14:00:00,06-Aug-2024 20:00:00,1.7229528e+18,NaN,NaN,NaN,NaN,NaN,NaN,NaN,NaN,NaN,NaN,NaN,NaN,14
0.086,0.000486551570881226,0.9741105,2.9616428,NaN,0.1799075,0.143685744444444,NaN,270.456206666667,NaN,1309.03922222222,NaN,0.0485237111111111,NaN,NaN,0.00103820891357649,8.62514942528736e-05,2.10283908045977e-05,6.8793754789272e-05,NaN,NaN,0.0118095600766284,0.0316721399616858,0.00400060850574713,0.0136796222222222,0.0748550111111111,0.0250058111111111,NaN,NaN,NaN,NaN,NaN,1903.20981111111,1949.56322222222,427423.955555556,135.936111111111,0.00066423785440613,6.37940996168582e-05,1.417,NaN,0.00113238888888889,0.00330103333333333,0.175575555555556,NaN,1.49493078888889,NaN,NaN,NaN,0.00826777777777778,1,NaN,0.0433888888888889,11260582.4444444,11388899.5891111,3.2861704,0.874906601532567,1.03860447927203,0.0439965198467433,1.417,0.0102095404980843,0.210334888888889,NaN,40.7343412444444,NaN,-111.872109811111,NaN,0.269200155555556,0.00126245555555556,5.89318241111111,NaN,NaN,0.110822166666667,0.00148032253307834,3.14191954022989e-05,2.09831009913033,0.482223031943684,3.9520116532263,-0.000987455555555556,0.0321467666666667,65.4561111111111,0.0282468111111111,0.41606090210728,0.0365893085057471,38.9545651033333,33.9932768355556,29.0504135488889,25.5803169488889,21.9843972044444,18.3884293611111,15.3887483022222,13.0295633577778,10.9972564522222,9.464795,8.35341013333333,7.77445564222222,7.21532336555556,6.33621850222222,4.75245198111111,13.0315924811111,3.89725613111111,1.13196557,0.527574574444444,0.100657833333333,0.0806954533333333,0.0481802377777778,0.0437612033333333,0.0357297566666667,0.0287974722222222,0.0274168722222222,0.0288197644444444,0.0215811488888889,0.0236100755555556,0.0300227466666667,0.03664079,0.02525281,0.0200645855555556,0.01440015,0.0158835477777778,0.0226558022222222,872.408731111111,877.887111111111,NaN,NaN,13.0288888888889,0.0100255,35.6064877777778,37.5779822222222,315.542555555556,73800,73859,0.1434356,NaN,2.15578666666667,118.1708,1.19288888888889,NaN,NaN,NaN,NaN,NaN,NaN,0.0307044111111111,0.0102687333333333,3.57718555555556e-22,3.19553888888889e-05,4.71898333333333e-05,0.00225432777777778,0.000464344222222222,1.71954155555556e-22,4.77955222222222e-05,0.00146418,5.81178888888889e-07,0.108179444444444,4.17905666666667e-05,0.00893828666666667,0.892791994190286,0.00798003077777778,0.892791994190286,0.0207333666666667,0.166911777777778,3.14504222222222e-05,NaN,NaN,NaN,NaN,NaN,NaN,NaN,NaN,NaN,NaN,NaN,NaN,NaN,06-Aug-2024 14:30:00,06-Aug-2024 20:30:00,1.7229546e+18,NaN,NaN,NaN,NaN,NaN,NaN,NaN,NaN,NaN,NaN,NaN,NaN,14.5
0.086,0.000159960536398467,0.920748711111111,2.97201262222222,NaN,0.174730711111111,0.143556844444444,NaN,283.650052222222,NaN,1309.25522222222,NaN,0.0453764333333333,NaN,NaN,0.00113574048657188,3.37771264367816e-05,2.39554406130268e-05,4.69368965517241e-05,NaN,NaN,0.012520339348659,0.0438077604214559,0.00438340938697318,0.0133497222222222,0.0679307888888889,0.0213810888888889,NaN,NaN,NaN,NaN,NaN,1904.18146666667,1950.13466666667,427470.166666667,137.834222222222,0.000611637471264368,3.01066283524904e-05,1.91714444444444,NaN,0.001039,0.00287695555555556,0.174646666666667,NaN,1.34595748888889,NaN,NaN,NaN,0.00835,1,NaN,0.0447777777777778,11206902.4444444,11335955.4403333,3.41821497777778,0.781267728927203,1.09651574731801,0.0332465283908046,1.91714444444444,0.0102410828735632,0.1334592,NaN,40.7343400888889,NaN,-111.872106144444,NaN,0.265426333333333,0.00108192222222222,5.55010276666667,NaN,NaN,0.0668798222222222,0.00138456863774933,-1.22433716475096e-05,1.55543788888889,0.291359022222222,3.23131955555556,-0.000163166666666667,0.0276419222222222,68.702,0.0249347,0.471863766628352,0.0447235425670498,41.6609975933333,36.1008349477778,30.8996071177778,27.1028703122222,23.2063583766667,19.3422824733333,16.0153234622222,13.49936431,11.3893305777778,9.78492608222222,8.68360431444444,8.06642698,7.47696,6.57430215555556,4.83878305333333,12.9187118755556,3.83982660333333,1.10669542777778,0.538316676666667,0.0982009066666667,0.0687529744444444,0.0464875611111111,0.0435772366666667,0.0386007022222222,0.0323753944444444,0.0277564844444444,0.0282138322222222,0.0233651355555556,0.0250485666666667,0.0308661055555556,0.0412940866666667,0.0248803044444444,0.0225016855555556,0.01405584,0.0149126766666667,0.0236239888888889,872.049252222222,877.576777777778,NaN,NaN,12.7304444444444,0.00639321111111111,36.8477433333333,37.2710188888889,316.018888888889,75600,75659,0.129388222222222,NaN,2.21203444444444,108.249888888889,0.948222222222222,NaN,NaN,NaN,NaN,NaN,NaN,0.0304597555555556,0.0101520611111111,1.20040688888889e-22,3.07747777777778e-05,4.59487777777778e-05,0.00220809888888889,0.000452196,5.68559777777778e-23,4.44199111111111e-05,0.00143850777777778,5.51089666666667e-07,0.107585777777778,4.05064777777778e-05,0.00879722444444444,0.938591237488794,0.00825699777777778,0.938591237488794,0.0206483111111111,0.166091666666667,2.91353666666667e-05,NaN,NaN,NaN,NaN,NaN,NaN,NaN,NaN,NaN,NaN,NaN,NaN,NaN,06-Aug-2024 15:00:00,06-Aug-2024 21:00:00,1.7229564e+18,NaN,NaN,NaN,NaN,NaN,NaN,NaN,NaN,NaN,NaN,NaN,NaN,15
0.086,-0.000690601647509579,1.11859734157128,3.3842939062285,NaN,0.172694355801584,0.158769344857056,NaN,303.108577777778,NaN,1308.593,NaN,0.0666484314350866,NaN,NaN,0.00112256770685529,0.000123972681992337,2.66422222222222e-05,4.91818390804598e-05,NaN,NaN,0.0118893078544061,0.0386881544444444,0.004701619348659,0.0149563492596795,0.0846141868216075,0.0244693862100652,NaN,NaN,NaN,NaN,NaN,1905.46167777778,1952.64188888889,428014.1,141.790111111111,0.00074237938697318,5.4723601532567e-05,1.90022222222222,NaN,0.00111686218657414,0.00243915762293419,0.173482222222222,NaN,1.67490206463524,NaN,NaN,NaN,0.00868777777777778,1,NaN,0.0472777777777778,11627019.5555556,11772904.656,3.7460945,0.705447118390805,1.12316085252874,0.0279594876628353,1.90022222222222,0.00922159885057471,0.123800746849723,NaN,40.73434,NaN,-111.872107022222,NaN,0.243214984946326,0.00107560851502043,6.11003314705927,NaN,NaN,0.0991172459631652,0.00128881474242032,0.000114866206896552,1.67811177777778,0.274088411111111,3.41395733333333,-0.00114148764741413,0.0334639714315765,72.4177777777778,0.0279330704672215,0.513193757969349,0.0635002062835249,45.0379713922222,39.1483936044444,33.3416420811111,29.2208711488889,24.9637141155556,20.7335651688889,17.1736175644444,14.3903919333333,12.0790958222222,10.37278109,9.18859555333333,8.52418158777778,7.88415113333333,6.85390095,5.01633523444444,13.0801839833333,3.79999066222222,1.13121914111111,0.54399497,0.101924867777778,0.07731853,0.0428656522222222,0.0422614711111111,0.0372056066666667,0.0337122466666667,0.0294582522222222,0.0283472444444444,0.0250834911111111,0.02602731,0.0328589666666667,0.0398453022222222,0.0269823944444444,0.0238913555555556,0.0169216088888889,0.0150703144444444,0.02422527,871.637526666667,877.189777777778,NaN,NaN,12.8081111111111,0.00885755761836235,38.8480177777778,37.6824155555556,316.370222222222,77400,77459,0.169170527574276,NaN,2.31326777777778,92.4389,1.15911111111111,NaN,NaN,NaN,NaN,NaN,NaN,0.0300719,0.00997143111111111,2.77091944444444e-23,2.90825888888889e-05,4.41277555555556e-05,0.00213942333333333,0.000434416333333333,1.26677822222222e-23,3.98638444444444e-05,0.00139979555555556,5.09318888888889e-07,0.106624888888889,3.86555111111111e-05,0.00858365,0.932720087349528,0.00800614277777778,0.932720087349528,0.0205059444444444,0.164739,2.60232333333333e-05,NaN,NaN,NaN,NaN,NaN,NaN,NaN,NaN,NaN,NaN,NaN,NaN,NaN,06-Aug-2024 15:30:00,06-Aug-2024 21:30:00,1.7229582e+18,NaN,NaN,NaN,NaN,NaN,NaN,NaN,NaN,NaN,NaN,NaN,NaN,15.5
0.086,-0.00135542,1.59840781363702,4.0909999797068,NaN,0.176364189405589,0.203577955534614,NaN,330.077921111111,NaN,1309.02177777778,NaN,0.108166838403051,NaN,NaN,0.00110209222222222,0.000173483333333333,3.60377777777778e-05,5.72966666666667e-05,NaN,NaN,0.0120977366666667,0.03077554,0.00562393666666667,0.0177202308691235,0.136453889027604,0.0340558149658904,NaN,NaN,NaN,NaN,NaN,1915.94511111111,1965.53666666667,429383.111111111,148.032444444444,0.000900828888888889,8.64222222222222e-05,21.4242444444444,NaN,0.00179197757860044,0.00283075272708264,0.17615,NaN,2.11802271614723,NaN,NaN,NaN,0.00921444444444444,1,NaN,0.0496777777777778,12405727.2222222,12583149.5044444,4.24421281111111,0.667273082222222,1.30395580111111,0.0246073622222222,21.4242444444444,0.0100213888888889,0.271559480889683,NaN,40.73434,NaN,-111.872106366667,NaN,0.270305765578195,0.00127978287466924,6.9033033740034,NaN,NaN,0.16996828552745,0.00119306084709132,9.21788888888889e-05,2.06912175510657,0.294569200895839,4.05948599620605,2.96083013795205e-05,0.0386471750003625,79.3267777777778,0.0313488439410427,0.58953472,0.0902428277777778,49.9707371111111,43.2191886055556,36.76399284,32.0294809511111,27.21176885,22.6613247833333,18.5859848266667,15.5810039011111,12.98311801,11.1600845144444,9.83031908888889,9.15207119555556,8.46799601555555,7.28010694888889,5.25664689,13.5862336155556,3.88809930333333,1.16815563222222,0.572428087777778,0.113314314444444,0.0833529177777778,0.0557328911111111,0.05105165,0.0440805455555556,0.0380433711111111,0.0330995022222222,0.02965502,0.0296685244444444,0.02887907,0.0370737,0.0451221133333333,0.0306470477777778,0.0230839133333333,0.0200408866666667,0.0160461277777778,0.0303339588888889,871.334321111111,876.894222222222,NaN,NaN,13.2534444444444,0.0122546456100926,42.0236333333333,38.1924055555556,316.224666666667,79200,79259,0.194722252495845,NaN,2.53968444444444,78.0995888888889,1.04222222222222,NaN,NaN,NaN,NaN,NaN,NaN,0.0295164,0.00971930444444444,5.88888222222222e-24,2.69202444444444e-05,4.17293111111111e-05,0.00204741111111111,0.000411117111111111,2.47198255555556e-24,3.44577777777778e-05,0.00134704666666667,4.58047777777778e-07,0.10521,3.62697e-05,0.00829159777777778,0.936996595482602,0.00776919888888889,0.936996595482602,0.0202932444444444,0.162741,2.23489777777778e-05,NaN,NaN,NaN,NaN,NaN,NaN,NaN,NaN,NaN,NaN,NaN,NaN,NaN,06-Aug-2024 16:00:00,06-Aug-2024 22:00:00,1.72296e+18,NaN,NaN,NaN,NaN,NaN,NaN,NaN,NaN,NaN,NaN,NaN,NaN,16
0.086,-0.000966065555555556,1.41850827777778,3.83225626666667,NaN,0.170197211111111,0.195370588888889,NaN,312.093164444444,NaN,1309.89,NaN,0.0827581555555556,NaN,NaN,0.000918124444444445,0.000208172222222222,3.19877777777778e-05,5.56055555555556e-05,NaN,NaN,0.0112319133333333,0.0367484766666667,0.00508276444444444,0.0131697222222222,0.134359188888889,0.0419693222222222,NaN,NaN,NaN,NaN,NaN,1923.16647777778,1973.99444444444,429328.9,145.109777777778,0.000956463333333333,8.54955555555556e-05,4.48805555555556,NaN,0.00239075555555556,0.00483607777777778,0.180491111111111,NaN,2.132693,NaN,NaN,NaN,0.00891111111111111,1,NaN,0.0496555555555556,12833520.6666667,13008383.0442222,3.9996555,0.633943234444444,1.17166066555556,0.0236882633333333,4.48805555555556,0.01057574,0.411992511111111,NaN,40.73434,NaN,-111.872109744444,NaN,0.299800211111111,0.00178874444444444,7.03212192222222,NaN,NaN,0.229899144444444,0.00109730695176231,3.71966666666667e-05,1.98308763503264,0.265828810657483,3.73771583516104,-0.00265864444444444,0.0374496444444444,77.1814444444444,0.0309312888888889,0.504715961111111,0.0628629755555555,47.1086242166667,40.6418298388889,34.5047195455556,30.19289512,25.7169750922222,21.3084472755556,17.5524562833333,14.7313660855556,12.2825772422222,10.56636352,9.35181920333333,8.83183228444444,8.19638743666667,7.03312596777778,5.00375438,12.9866597688889,3.71369416888889,1.11728476111111,0.562482878888889,0.0995541133333333,0.0815088711111111,0.0578615888888889,0.04572876,0.0419918811111111,0.0369432888888889,0.0299998555555556,0.0351000977777778,0.03063566,0.0269951011111111,0.0347183811111111,0.0419412811111111,0.0328377622222222,0.02520147,0.0210495277777778,0.0197493611111111,0.0279895088888889,871.058336666667,876.601777777778,NaN,NaN,13.9074444444444,0.0115725555555556,40.0741688888889,38.3103122222222,315.359888888889,81000,81059,0.187832922222222,NaN,2.48492222222222,68.5869333333333,0.903555555555556,NaN,NaN,NaN,NaN,NaN,NaN,0.0287347555555556,0.00937442111111111,1.65616988888889e-24,2.42669555555556e-05,3.86699777777778e-05,0.00192756111111111,0.000381523333333333,6.24833e-25,2.84652222222222e-05,0.00127743444444444,3.98332666666667e-07,0.103166444444444,3.33041e-05,0.00790181777777778,0.917958722859269,0.00725354255555556,0.917958722859269,0.0199798,0.159825333333333,1.83084777777778e-05,NaN,NaN,NaN,NaN,NaN,NaN,NaN,NaN,NaN,NaN,NaN,NaN,NaN,06-Aug-2024 16:30:00,06-Aug-2024 22:30:00,1.7229618e+18,NaN,NaN,NaN,NaN,NaN,NaN,NaN,NaN,NaN,NaN,NaN,NaN,16.5
0.086,0.000154843524904215,1.20596281111111,3.27611297777778,NaN,0.166536044444444,0.172360555555556,NaN,284.509921111111,NaN,1309.78488888889,NaN,0.0653158888888889,NaN,NaN,0.000868586053639847,0.000114692796934866,2.20027586206897e-05,3.58347509578544e-05,NaN,NaN,0.00898449666666667,0.0336971267816092,0.00432779708812261,0.00875391111111111,0.0790889111111111,0.0426182444444444,NaN,NaN,NaN,NaN,NaN,1920.76856666667,1969.70366666667,428939.177777778,136.381888888889,0.000749909846743295,7.52803448275862e-05,1.61497777777778,NaN,0.00170798888888889,0.00777735555555556,0.175155555555556,NaN,1.87578944444444,NaN,NaN,NaN,0.00823333333333333,1,NaN,0.0487666666666667,12445675.7777778,12592100.5486667,3.51500188888889,0.593625034521073,0.998988995747126,0.0216144962068966,1.61497777777778,0.00891632057471264,0.332767844444444,NaN,40.7343396888889,NaN,-111.872106711111,NaN,0.270603188888889,0.0021314,6.74566061111111,NaN,NaN,0.252371644444444,0.0010015530564333,7.57739463601533e-06,1.80952322222222,0.248260255555556,3.30580055555556,-0.00154576666666667,0.0332383111111111,72.014,0.0273212777777778,0.382825121072797,0.0458345642528736,42.2323626777778,36.4670387111111,31.2127807255556,27.1761701966667,23.3764731211111,19.45851437,15.9817193144444,13.4976693255556,11.3293877055556,9.80080320111111,8.69219196555556,8.25362220111111,7.68094403555556,6.65545587888889,4.74119535333333,12.2766355011111,3.51357651,1.03507262444444,0.513887035555556,0.0943888666666667,0.0734564377777778,0.0497017455555556,0.04309529,0.0402681855555556,0.0303557277777778,0.0293123655555556,0.0293692822222222,0.0265409588888889,0.0262540888888889,0.0297000455555556,0.0405402133333333,0.0271773622222222,0.0213758144444444,0.0138741155555556,0.01362973,0.0253514022222222,870.894792222222,876.429333333333,NaN,NaN,14.0425555555556,0.00821688888888889,36.6419455555556,38.1537033333333,314.249444444444,82800,82859,0.1839006,NaN,2.20905888888889,66.9531777777778,1.02233333333333,NaN,NaN,NaN,NaN,NaN,NaN,0.0276430666666667,0.00890622666666667,6.36996888888889e-25,2.11027888888889e-05,3.48428222222222e-05,0.00177389444444444,0.000344717555555556,2.26162555555556e-25,2.21687333333333e-05,0.00118608666666667,3.31494222222222e-07,0.100228555555556,2.97039666666667e-05,0.00738680666666667,0.920818618660356,0.00680190911111111,0.920818618660356,0.0195231222222222,0.155619111111111,1.41086111111111e-05,NaN,NaN,NaN,NaN,NaN,NaN,NaN,NaN,NaN,NaN,NaN,NaN,NaN,06-Aug-2024 17:00:00,06-Aug-2024 23:00:00,1.7229636e+18,NaN,NaN,NaN,NaN,NaN,NaN,NaN,NaN,NaN,NaN,NaN,NaN,17
0.086,0.00115806218390805,0.931055693495924,2.89285278495814,NaN,0.165797069988876,0.145877438467351,NaN,276.642974444444,NaN,1309.12877777778,NaN,0.0560015720613493,NaN,NaN,0.000891389846743295,7.66965900383142e-05,3.27288122605364e-05,3.86726819923372e-05,NaN,NaN,0.00742576969348659,0.0330394263601533,0.00375286950191571,0.00902128430694937,0.0796431909436957,0.0404359835805262,NaN,NaN,NaN,NaN,NaN,1917.63268927203,1965.56766666667,428323.866666667,138.285444444444,0.000683850459770115,6.56811877394636e-05,1.93644444444444,NaN,0.0018840050865162,0.00865956134879955,0.177821111111111,NaN,1.6808053330666,NaN,NaN,NaN,0.00816111111111111,1,NaN,0.0477555555555556,11972312.2835249,12118557.4694444,3.01807410191571,0.584067045440613,0.899620184597701,0.0211030178927203,1.93644444444444,0.00818313440613027,0.332546712578207,NaN,40.7343349222222,NaN,-111.8721018,NaN,0.247878868994839,0.00175903340995124,7.48334021899424,NaN,NaN,0.236103887230049,0.000905799161104296,4.71544827586207e-05,1.71080233333333,0.255095533333333,3.03312255555556,8.97950259725096e-05,0.03154934952933,68.1553333333333,0.0230047449441188,0.290810909386973,0.0347067850957854,41.6119182133333,35.5508928722222,30.2587376955556,26.2553422177778,22.3544496233333,18.5907738344444,15.4434125633333,13.0475248266667,10.9575407611111,9.54653279444444,8.46976046,8.04637881333333,7.46870318333333,6.51915312555556,4.65147888444444,12.2003933866667,3.50608043333333,1.03794138555556,0.514430496666667,0.0976382544444444,0.07971439,0.0477971377777778,0.0436846355555556,0.0345535911111111,0.0320491988888889,0.0266558288888889,0.0258531633333333,0.0251106033333333,0.0256002144444444,0.0286967266666667,0.03657744,0.0289277277777778,0.0228491288888889,0.0161673411111111,0.0143777533333333,0.0253099355555556,870.78165,876.327444444444,NaN,NaN,13.9856666666667,0.00889674880014631,35.8300144444444,37.6665855555556,313.637888888889,84600,84659,0.162253835535067,NaN,2.19427222222222,71.3495333333333,0.997,NaN,NaN,NaN,NaN,NaN,NaN,0.0261428444444444,0.00828264,3.08332333333333e-25,1.74946777777778e-05,3.02138444444444e-05,0.0015821,0.000300397444444444,1.08275055555556e-25,1.60289111111111e-05,0.00106926477777778,2.60808666666667e-07,0.0960859666666667,2.54921555555556e-05,0.00672174111111111,0.928509709868491,0.00624120188888889,0.928509709868491,0.0188677333333333,0.149633444444444,1.007141e-05,NaN,NaN,NaN,NaN,NaN,NaN,NaN,NaN,NaN,NaN,NaN,NaN,NaN,06-Aug-2024 17:30:00,06-Aug-2024 23:30:00,1.7229654e+18,NaN,NaN,NaN,NaN,NaN,NaN,NaN,NaN,NaN,NaN,NaN,NaN,17.5
0.276,0.00332168078720183,0.84303804265514,2.6414744658308,NaN,0.16455071552112,0.127878495902001,NaN,239.021771163217,NaN,1308.80150271841,NaN,0.0319951813530114,NaN,NaN,0.00113442695143486,0.000206372804095029,0.000195218616814422,9.01264420879044e-05,NaN,NaN,0.0044687111362772,0.0326331367831244,0.00292992464100687,0.00659841099595238,0.0858715824592428,0.0398975637566105,NaN,NaN,NaN,NaN,NaN,1913.35517414526,1960.42494366901,428270.343355571,124.24770554892,0.000705356559793872,5.30501502750522e-05,1.9090512954449,NaN,0.00185060318343483,0.00808633562640786,0.183097994670074,NaN,1.71569998256168,NaN,NaN,NaN,0.00760736267728559,1,NaN,0.0470996880298168,11609764.4328052,11733379.218206,2.50833018443862,0.648440514184765,0.662254310503826,0.00934753878438429,1.9090512954449,0.00603286328215439,0.336133076853237,NaN,40.73434,NaN,-111.87211,NaN,0.221099550481313,0.00197370815703644,7.02089822383212,NaN,NaN,0.217367258409804,0.000810045265775289,2.63547127195793e-05,1.36933645509262,0.194591450474538,2.31676389229358,0.00260935836717233,0.0323050105147866,61.141929913856,0.0366882806548498,0.163073562173946,0.0127339718876458,33.9605088436981,29.4135579226714,25.3503031850118,22.2381218135516,19.2917336378163,16.0545911211587,13.5145998554807,11.507122541871,9.77454844597868,8.47507009565861,7.59675493672277,7.22687277541837,6.91968525912685,6.10567533895636,4.45507873158075,11.7025553052442,3.3552483996673,0.985491541621873,0.495855460476687,0.0902914999747342,0.0793942266393664,0.0468259929845637,0.0455247998566591,0.0339295828633124,0.0284542592850784,0.0262274667861269,0.0315564150778803,0.0259569088118591,0.0275343257777626,0.0273438877240131,0.0359549820423731,0.0267969300241647,0.0209565836061508,0.0150166095041911,0.015011663492742,0.0216381996984689,870.564667337011,876.10639784024,NaN,NaN,13.8472423901173,0.00839394357827215,32.07471181606,36.9129767661408,313.533051185248,435,494,0.174039123687595,NaN,2.03087600227512,79.9409092150165,0.984057642248707,NaN,NaN,NaN,NaN,NaN,NaN,0.0232824886245635,0.00714717790935937,1.48514764018965e-25,1.23724071920853e-05,2.30188330943896e-05,0.00126737000905961,0.000231522070175607,5.29288261741533e-26,9.08831887151323e-06,0.000870274399699379,1.70425234120302e-07,0.0879386560649957,1.92024804943922e-05,0.00556779421621575,0.97481490832554,0.00542756880845583,0.97481490832554,0.0175652352848059,0.137803105602834,5.60998639345659e-06,NaN,NaN,NaN,NaN,NaN,NaN,NaN,NaN,NaN,NaN,NaN,NaN,NaN,06-Aug-2024 18:00:00,07-Aug-2024 00:00:00,1.7229672e+18,NaN,NaN,NaN,NaN,NaN,NaN,NaN,NaN,NaN,NaN,NaN,NaN,18
0.276,0.00334327963505226,0.678176566666667,2.48803271111111,NaN,0.1650779,0.112877877777778,NaN,235.165695555556,NaN,1308.42277777778,NaN,0.0294992111111111,NaN,NaN,0.0010673370196807,0.000143064430024705,0.000241354060136193,8.83612622330766e-05,NaN,NaN,0.00460898501440681,0.0374095212322335,0.0029458128679786,0.00734651111111111,0.0696988333333333,0.0302787777777778,NaN,NaN,NaN,NaN,NaN,1910.29401111111,1956.60111111111,427306.477777778,122.699111111111,0.000580665983386654,5.34820608996556e-05,1.37504444444444,NaN,0.00199316666666667,0.00857344444444444,0.182407777777778,NaN,1.74090385555556,NaN,NaN,NaN,0.00756,1,NaN,0.0497777777777778,11221411.6666667,11332039.6404444,2.26530445555556,0.670370788215148,0.654463342715789,0.00815728145366348,1.37504444444444,0.00592098741082758,0.333042,NaN,40.7343386555556,NaN,-111.87211,NaN,0.197774655555556,0.00129624444444444,6.81653343333333,NaN,NaN,0.172381,0.000714291370446281,-4.50976489653744e-05,1.37717928744298,0.179791366971305,2.26180445820494,0.000155122222222222,0.0302641111111111,60.3184444444444,0.0251064555555556,0.162231987516494,0.0100499691048194,32.9628649622222,28.70992254,24.7406381744444,21.8290374711111,18.9113678211111,15.8962475788889,13.3180108688889,11.3809087966667,9.6323661,8.38818393111111,7.52224802,7.20974195888889,6.83524751,6.01421945,4.42236716333333,11.8458452433333,3.45865787111111,1.01388061888889,0.49484124,0.0908145288888889,0.0739109177777778,0.0438363044444444,0.0456220066666667,0.0312692066666667,0.0287609866666667,0.02818476,0.0282232566666667,0.0257998,0.0241383944444444,0.02878259,0.0319543044444444,0.0278102944444444,0.02077097,0.0124925544444444,0.0145014566666667,0.0222043133333333,870.38336,875.913333333333,NaN,NaN,13.7472222222222,0.00839665555555556,31.7192888888889,36.2025177777778,313.294888888889,1800,1859,0.143596144444444,NaN,2.00453222222222,86.9578,0.981888888888889,NaN,NaN,NaN,NaN,NaN,NaN,0.0208928111111111,0.00625552,1.05072511111111e-25,9.31190555555556e-06,1.82933222222222e-05,0.00104760288888889,0.000186061,3.78556777777778e-26,5.89216111111111e-06,0.000726609111111111,1.22037355555556e-07,0.0807138111111111,1.52042444444444e-05,0.00471447888888889,0.997340203265072,0.00470193933333333,0.997340203265072,0.016358,0.127152222222222,3.61485555555556e-06,NaN,NaN,NaN,NaN,NaN,NaN,NaN,NaN,NaN,NaN,NaN,NaN,NaN,06-Aug-2024 18:30:00,07-Aug-2024 00:30:00,1.722969e+18,NaN,NaN,NaN,NaN,NaN,NaN,NaN,NaN,NaN,NaN,NaN,NaN,18.5
