time_local,UDAQ O3,8hr_rolling_avg_UDAQ O3,MDA8_O3_UDAQ O3,Exceedance_day_UDAQ O3,Mobile Lab O3,time_UTC,8hr_rolling_avg_ML O3,MDA8_O3_ML O3,Exceedance_day_ML O3
2024-07-16 12:00:00,73.0,,66.5,False,75.76636111111111,2024-07-16 18:00:00,,74.15400462962963,True
2024-07-16 13:00:00,75.0,,66.5,False,83.4276388888889,2024-07-16 19:00:00,,74.15400462962963,True
2024-07-16 14:00:00,66.0,,66.5,False,76.63572222222223,2024-07-16 20:00:00,,74.15400462962963,True
2024-07-16 15:00:00,62.0,,66.5,False,71.46733333333333,2024-07-16 21:00:00,,74.15400462962963,True
2024-07-16 16:00:00,61.0,,66.5,False,68.03025,2024-07-16 22:00:00,,74.15400462962963,True
2024-07-16 17:00:00,62.0,66.5,66.5,False,69.59672222222223,2024-07-16 23:00:00,74.15400462962963,74.15400462962963,True
2024-07-16 18:00:00,60.0,65.57142857142857,66.5,False,68.4271727490666,2024-07-17 00:00:00,73.33588578954921,74.15400462962963,True
2024-07-16 19:00:00,54.0,64.125,66.5,False,65.53444444444445,2024-07-17 01:00:00,72.3607056214111,74.15400462962963,True
2024-07-16 20:00:00,45.0,60.625,66.5,False,56.76380555555556,2024-07-17 02:00:00,69.98538617696666,74.15400462962963,True
2024-07-16 21:00:00,48.0,57.25,66.5,False,52.45275,2024-07-17 03:00:00,66.11352506585554,74.15400462962963,True
2024-07-16 22:00:00,52.0,55.5,66.5,False,54.69336111111111,2024-07-17 04:00:00,63.37072992696665,74.15400462962963,True
2024-07-16 23:00:00,53.0,54.375,66.5,False,57.63152777777778,2024-07-17 05:00:00,61.641254232522215,74.15400462962963,True
2024-07-17 00:00:00,54.0,53.5,72.75,True,58.24055555555556,2024-07-17 06:00:00,60.41754242696666,78.0764651825584,True
2024-07-17 01:00:00,53.0,52.375,72.75,True,58.17444444444445,2024-07-17 07:00:00,58.989757704744434,78.0764651825584,True
2024-07-17 02:00:00,50.0,51.125,72.75,True,54.11547222222222,2024-07-17 08:00:00,57.20079513888889,78.0764651825584,True
2024-07-17 03:00:00,49.0,50.5,72.75,True,53.57275,2024-07-17 09:00:00,55.70558333333333,78.0764651825584,True
2024-07-17 04:00:00,49.0,51.0,72.75,True,52.097166666666666,2024-07-17 10:00:00,55.122253472222226,78.0764651825584,True
2024-07-17 05:00:00,,51.42857142857143,72.75,True,52.72408333333333,2024-07-17 11:00:00,55.15617013888889,78.0764651825584,True
2024-07-17 06:00:00,48.0,50.857142857142854,72.75,True,52.49130555555556,2024-07-17 12:00:00,54.880913194444446,78.0764651825584,True
2024-07-17 07:00:00,46.0,49.857142857142854,72.75,True,50.94641666666666,2024-07-17 13:00:00,54.04527430555555,78.0764651825584,True
2024-07-17 08:00:00,46.0,48.714285714285715,72.75,True,49.17733333333333,2024-07-17 14:00:00,52.91237152777778,78.0764651825584,True
2024-07-17 09:00:00,48.0,48.0,72.75,True,51.08129823511428,2024-07-17 15:00:00,52.02572825161151,78.0764651825584,True
2024-07-17 10:00:00,51.0,48.142857142857146,72.75,True,53.86847409312192,2024-07-17 16:00:00,51.99485348547397,78.0764651825584,True
2024-07-17 11:00:00,58.0,49.42857142857143,72.75,True,58.75180555555555,2024-07-17 17:00:00,52.642235429918415,78.0764651825584,True
2024-07-17 12:00:00,69.0,52.285714285714285,72.75,True,69.31147222222222,2024-07-17 18:00:00,54.79402362436286,78.0764651825584,True
2024-07-17 13:00:00,69.0,54.375,72.75,True,74.30566666666667,2024-07-17 19:00:00,57.49172154102952,78.0764651825584,True
2024-07-17 14:00:00,75.0,57.75,72.75,True,77.10686111111112,2024-07-17 20:00:00,60.56866598547397,78.0764651825584,True
2024-07-17 15:00:00,77.0,61.625,72.75,True,80.366508361787,2024-07-17 21:00:00,64.246177447364,78.0764651825584,True
2024-07-17 16:00:00,75.0,65.25,72.75,True,82.10088087999563,2024-07-17 22:00:00,68.3616208906968,78.0764651825584,True
2024-07-17 17:00:00,76.0,68.75,72.75,True,81.12069444444445,2024-07-17 23:00:00,72.11654541686306,78.0764651825584,True
2024-07-17 18:00:00,74.0,71.625,72.75,True,82.89663777424003,2024-07-18 00:00:00,75.74506587700283,78.0764651825584,True
2024-07-17 19:00:00,67.0,72.75,72.75,True,77.403,2024-07-18 01:00:00,78.0764651825584,78.0764651825584,True
2024-07-17 20:00:00,59.0,71.5,72.75,True,68.8155,2024-07-18 02:00:00,78.01446865478061,78.0764651825584,True
2024-07-17 21:00:00,54.0,69.625,72.75,True,60.128416666666666,2024-07-18 03:00:00,76.24231240478062,78.0764651825584,True
2024-07-17 22:00:00,53.0,66.875,72.75,True,59.98225,2024-07-18 04:00:00,74.10173601589172,78.0764651825584,True
2024-07-17 23:00:00,55.0,64.125,72.75,True,56.983222222222224,2024-07-18 05:00:00,71.17882524844613,78.0764651825584,True
2024-07-18 00:00:00,58.0,62.0,70.25,True,61.150277777777774,2024-07-18 06:00:00,68.5599998606689,68.5599998606689,False
2024-07-18 01:00:00,55.0,59.375,70.25,True,59.95633333333333,2024-07-18 07:00:00,65.91445472178,68.5599998606689,False
2024-07-18 02:00:00,54.0,56.875,70.25,True,57.23636111111112,2024-07-18 08:00:00,62.70692013888889,68.5599998606689,False
2024-07-18 03:00:00,53.0,55.125,70.25,True,56.44438888888889,2024-07-18 09:00:00,60.08709375,68.5599998606689,False
2024-07-18 04:00:00,53.0,54.375,70.25,True,55.80111111111111,2024-07-18 10:00:00,58.460295138888895,68.5599998606689,False
2024-07-18 05:00:00,46.0,53.375,70.25,True,53.049166666666665,2024-07-18 11:00:00,57.575388888888895,68.5599998606689,False
2024-07-18 06:00:00,37.0,51.375,70.25,True,42.35819444444444,2024-07-18 12:00:00,55.37238194444444,68.5599998606689,False
2024-07-18 07:00:00,38.0,49.25,70.25,True,40.40302777777778,2024-07-18 13:00:00,53.299857638888895,68.5599998606689,False
2024-07-18 08:00:00,38.0,46.75,70.25,True,42.596944444444446,2024-07-18 14:00:00,50.98069097222223,68.5599998606689,False
2024-07-18 09:00:00,44.0,45.375,70.25,True,44.36258333333333,2024-07-18 15:00:00,49.03147222222222,68.5599998606689,False
2024-07-18 10:00:00,55.0,45.5,70.25,True,53.63858945723658,2024-07-18 16:00:00,48.581750765487904,68.5599998606689,False
2024-07-18 11:00:00,65.0,47.0,70.25,True,64.41234681438034,2024-07-18 17:00:00,49.57774550617434,68.5599998606689,False
2024-07-18 12:00:00,72.0,49.375,70.25,True,75.06847645189809,2024-07-18 18:00:00,51.98616617377271,68.5599998606689,False
2024-07-18 13:00:00,75.0,53.0,70.25,True,78.9101571778112,2024-07-18 19:00:00,55.21878998766578,68.5599998606689,False
2024-07-18 14:00:00,76.0,57.875,70.25,True,,2024-07-18 20:00:00,57.056017922411684,68.5599998606689,False
2024-07-18 15:00:00,74.0,62.375,70.25,True,,2024-07-18 21:00:00,59.83151627985066,68.5599998606689,False
2024-07-18 16:00:00,75.0,67.0,70.25,True,,2024-07-18 22:00:00,,68.5599998606689,False
2024-07-18 17:00:00,69.0,70.125,70.25,True,,2024-07-18 23:00:00,,68.5599998606689,False
2024-07-18 18:00:00,56.0,70.25,70.25,True,59.00098642805069,2024-07-19 00:00:00,,68.5599998606689,False
2024-07-18 19:00:00,51.0,68.5,70.25,True,57.1780873965057,2024-07-19 01:00:00,,68.5599998606689,False
2024-07-18 20:00:00,50.0,65.75,70.25,True,54.80766666666667,2024-07-19 02:00:00,,68.5599998606689,False
2024-07-18 21:00:00,46.0,62.125,70.25,True,52.73330555555556,2024-07-19 03:00:00,,68.5599998606689,False
2024-07-18 22:00:00,42.0,57.875,70.25,True,46.24405555555556,2024-07-19 04:00:00,,68.5599998606689,False
2024-07-18 23:00:00,49.0,54.75,70.25,True,48.66761111111112,2024-07-19 05:00:00,53.105285452240885,68.5599998606689,False
2024-07-19 00:00:00,51.0,51.75,63.375,False,53.52558333333333,2024-07-19 06:00:00,53.165328006682664,69.22325764724894,False
2024-07-19 01:00:00,49.0,49.25,63.375,False,52.69605555555555,2024-07-19 07:00:00,53.10666895029178,69.22325764724894,False
2024-07-19 02:00:00,44.0,47.75,63.375,False,49.57561111111112,2024-07-19 08:00:00,51.928497035674326,69.22325764724894,False
2024-07-19 03:00:00,38.0,46.125,63.375,False,43.88841666666666,2024-07-19 09:00:00,50.26728819444445,69.22325764724894,False
2024-07-19 04:00:00,38.0,44.625,63.375,False,40.840555555555554,2024-07-19 10:00:00,48.521399305555555,69.22325764724894,False
2024-07-19 05:00:00,36.0,43.375,63.375,False,39.775416666666665,2024-07-19 11:00:00,46.901663194444446,69.22325764724894,False
2024-07-19 06:00:00,34.0,42.375,63.375,False,38.47313888888889,2024-07-19 12:00:00,45.930298611111105,69.22325764724894,False
2024-07-19 07:00:00,30.0,40.0,63.375,False,36.367305555555554,2024-07-19 13:00:00,44.39276041666666,69.22325764724894,False
2024-07-19 08:00:00,30.0,37.375,63.375,False,29.87483333333333,2024-07-19 14:00:00,41.436416666666666,69.22325764724894,False
2024-07-19 09:00:00,41.0,36.375,63.375,False,39.10838888888888,2024-07-19 15:00:00,39.737958333333324,69.22325764724894,False
2024-07-19 10:00:00,51.0,37.25,63.375,False,49.81975,2024-07-19 16:00:00,39.76847569444445,69.22325764724894,False
2024-07-19 11:00:00,55.0,39.375,63.375,False,57.43230555555556,2024-07-19 17:00:00,41.46146180555556,69.22325764724894,False
2024-07-19 12:00:00,63.0,42.5,63.375,False,61.508,2024-07-19 18:00:00,44.04489236111111,69.22325764724894,False
2024-07-19 13:00:00,70.0,46.75,63.375,False,74.08055624954389,2024-07-19 19:00:00,48.333034808970766,69.22325764724894,False
2024-07-19 14:00:00,71.0,51.375,63.375,False,77.49402214739442,2024-07-19 20:00:00,53.21064521628396,69.22325764724894,False
2024-07-19 15:00:00,68.0,56.125,63.375,False,75.49675,2024-07-19 21:00:00,58.101825771839515,69.22325764724894,False
2024-07-19 16:00:00,62.0,60.125,63.375,False,70.56297222222223,2024-07-19 22:00:00,63.18784313295062,69.22325764724894,False
2024-07-19 17:00:00,58.0,62.25,63.375,False,66.07033333333332,2024-07-19 23:00:00,66.55808618850618,69.22325764724894,False
2024-07-19 18:00:00,58.0,63.125,63.375,False,65.27153833660877,2024-07-20 00:00:00,68.48955973058227,69.22325764724894,False
2024-07-19 19:00:00,57.0,63.375,63.375,False,63.30188888888889,2024-07-20 01:00:00,69.22325764724894,69.22325764724894,False
2024-07-19 20:00:00,52.0,62.0,63.375,False,59.60358333333333,2024-07-20 02:00:00,68.98520556391561,69.22325764724894,False
2024-07-19 21:00:00,47.0,59.125,63.375,False,51.838388888888886,2024-07-20 03:00:00,66.20493464383374,69.22325764724894,False
2024-07-19 22:00:00,48.0,56.25,63.375,False,50.60352777777778,2024-07-20 04:00:00,62.84362284763165,69.22325764724894,False
2024-07-19 23:00:00,46.0,53.5,63.375,False,49.99019444444445,2024-07-20 05:00:00,59.655303403187204,69.22325764724894,False
2024-07-20 00:00:00,47.0,51.625,63.25,False,50.16858333333334,2024-07-20 06:00:00,57.10600479207609,67.16528895317136,False
2024-07-20 01:00:00,46.0,50.125,63.25,False,50.088388888888886,2024-07-20 07:00:00,55.10826173652055,67.16528895317136,False
2024-07-20 02:00:00,44.0,48.375,63.25,False,48.24388888888889,2024-07-20 08:00:00,52.97980555555556,67.16528895317136,False
2024-07-20 03:00:00,40.0,46.25,63.25,False,45.111694444444446,2024-07-20 09:00:00,50.70603125,67.16528895317136,False
2024-07-20 04:00:00,42.0,45.0,63.25,False,42.72497222222223,2024-07-20 10:00:00,48.59620486111111,67.16528895317136,False
2024-07-20 05:00:00,37.0,43.75,63.25,False,43.67855555555556,2024-07-20 11:00:00,47.576225694444446,67.16528895317136,False
2024-07-20 06:00:00,36.0,42.25,63.25,False,39.40455555555556,2024-07-20 12:00:00,46.17635416666667,67.16528895317136,False
2024-07-20 07:00:00,31.0,40.375,63.25,False,37.29819444444445,2024-07-20 13:00:00,44.58985416666667,67.16528895317136,False
2024-07-20 08:00:00,38.0,39.25,63.25,False,36.84933333333333,2024-07-20 14:00:00,42.92494791666667,67.16528895317136,False
2024-07-20 09:00:00,41.0,38.625,63.25,False,43.86236111111111,2024-07-20 15:00:00,42.14669444444445,67.16528895317136,False
2024-07-20 10:00:00,43.0,38.5,63.25,False,45.50491666666667,2024-07-20 16:00:00,41.80432291666666,67.16528895317136,False
2024-07-20 11:00:00,57.0,40.625,63.25,False,52.87647222222222,2024-07-20 17:00:00,42.77492013888889,67.16528895317136,False
2024-07-20 12:00:00,68.0,43.875,63.25,False,66.71430555555555,2024-07-20 18:00:00,45.77358680555556,67.16528895317136,False
2024-07-20 13:00:00,69.0,47.875,63.25,False,75.43411111111111,2024-07-20 19:00:00,49.74303125,67.16528895317136,False
2024-07-20 14:00:00,65.0,51.5,63.25,False,71.18694444444444,2024-07-20 20:00:00,53.71582986111111,67.16528895317136,False
2024-07-20 15:00:00,65.0,55.75,63.25,False,69.20691666666667,2024-07-20 21:00:00,57.70442013888889,67.16528895317136,False
2024-07-20 16:00:00,65.0,59.125,63.25,False,69.92069444444445,2024-07-20 22:00:00,61.838340277777775,67.16528895317136,False
2024-07-20 17:00:00,63.0,61.875,63.25,False,68.91377777777778,2024-07-20 23:00:00,64.96976736111111,67.16528895317136,False
2024-07-20 18:00:00,54.0,63.25,63.25,False,62.12628384759301,2024-07-21 00:00:00,67.04743825872691,67.16528895317136,False
2024-07-20 19:00:00,49.0,62.25,63.25,False,53.81927777777778,2024-07-21 01:00:00,67.16528895317136,67.16528895317136,False
2024-07-20 20:00:00,46.0,59.5,63.25,False,50.5865,2024-07-21 02:00:00,65.1493132587269,67.16528895317136,False
2024-07-20 21:00:00,48.0,56.875,63.25,False,50.58555555555555,2024-07-21 03:00:00,62.04324381428246,67.16528895317136,False
2024-07-20 22:00:00,47.0,54.625,63.25,False,50.56891666666666,2024-07-21 04:00:00,59.46599034206024,67.16528895317136,False
2024-07-20 23:00:00,49.0,52.625,63.25,False,50.69980555555556,2024-07-21 05:00:00,57.15260145317135,67.16528895317136,False
2024-07-21 00:00:00,49.0,50.625,60.25,False,51.51158333333333,2024-07-21 06:00:00,54.851462564282464,65.27074276720083,False
2024-07-21 01:00:00,48.0,48.75,60.25,False,51.22352777777778,2024-07-21 07:00:00,52.64018131428246,65.27074276720083,False
2024-07-21 02:00:00,46.0,47.75,60.25,False,49.21783333333334,2024-07-21 08:00:00,51.026625,65.27074276720083,False
2024-07-21 03:00:00,44.0,47.125,60.25,False,47.89102777777778,2024-07-21 09:00:00,50.28559375,65.27074276720083,False
2024-07-21 04:00:00,43.0,46.75,60.25,False,46.58261111111111,2024-07-21 10:00:00,49.78510763888889,65.27074276720083,False
2024-07-21 05:00:00,43.0,46.125,60.25,False,45.84786111111111,2024-07-21 11:00:00,49.19289583333333,65.27074276720083,False
2024-07-21 06:00:00,43.0,45.625,60.25,False,45.81072222222223,2024-07-21 12:00:00,48.59812152777778,65.27074276720083,False
2024-07-21 07:00:00,42.0,44.75,60.25,False,44.98983333333333,2024-07-21 13:00:00,47.884375000000006,65.27074276720083,False
2024-07-21 08:00:00,42.0,43.875,60.25,False,44.87980555555556,2024-07-21 14:00:00,47.05540277777778,65.27074276720083,False
2024-07-21 09:00:00,43.0,43.25,60.25,False,45.501333333333335,2024-07-21 15:00:00,46.340128472222226,65.27074276720083,False
2024-07-21 10:00:00,45.0,43.125,60.25,False,47.11675,2024-07-21 16:00:00,46.07749305555556,65.27074276720083,False
2024-07-21 11:00:00,47.0,43.5,60.25,False,49.39725,2024-07-21 17:00:00,46.265770833333335,65.27074276720083,False
2024-07-21 12:00:00,48.0,44.125,60.25,False,51.18427777777778,2024-07-21 18:00:00,46.84097916666667,65.27074276720083,False
2024-07-21 13:00:00,52.0,45.25,60.25,False,54.41036111111111,2024-07-21 19:00:00,47.91129166666667,65.27074276720083,False
2024-07-21 14:00:00,62.0,47.625,60.25,False,60.49944444444444,2024-07-21 20:00:00,49.74738194444445,65.27074276720083,False
2024-07-21 15:00:00,68.0,50.875,60.25,False,72.7493654317122,2024-07-21 21:00:00,53.2173234567418,65.27074276720083,False
2024-07-21 16:00:00,62.0,53.375,60.25,False,69.56295375775967,2024-07-21 22:00:00,56.302716982017316,65.27074276720083,False
2024-07-21 17:00:00,62.0,55.75,60.25,False,66.69050800376648,2024-07-21 23:00:00,58.951363815821466,65.27074276720083,False
2024-07-21 18:00:00,65.0,58.25,60.25,False,69.74189272214606,2024-07-22 00:00:00,61.779506656089715,65.27074276720083,False
2024-07-21 19:00:00,58.0,59.625,60.25,False,66.66563888888888,2024-07-22 01:00:00,63.93805526720083,65.27074276720083,False
2024-07-21 20:00:00,53.0,60.25,60.25,False,60.22841666666667,2024-07-22 02:00:00,65.06857262831194,65.27074276720083,False
2024-07-21 21:00:00,52.0,60.25,60.25,False,56.02772222222222,2024-07-22 03:00:00,65.27074276720083,65.27074276720083,False
2024-07-21 22:00:00,53.0,59.125,60.25,False,56.63075,2024-07-22 04:00:00,64.78715596164527,65.27074276720083,False
2024-07-21 23:00:00,56.0,57.625,60.25,False,58.64763888888889,2024-07-22 05:00:00,63.02444014379236,65.27074276720083,False
2024-07-22 00:00:00,53.0,56.5,64.25,False,58.93872222222222,2024-07-22 06:00:00,61.69641120185018,62.13627165715885,False
2024-07-22 01:00:00,52.0,55.25,64.25,False,54.59147222222222,2024-07-22 07:00:00,60.18403172915715,62.13627165715885,False
2024-07-22 02:00:00,55.0,54.0,64.25,False,57.84497222222222,2024-07-22 08:00:00,58.69691666666667,62.13627165715885,False
2024-07-22 03:00:00,54.0,53.5,64.25,False,57.19775,2024-07-22 09:00:00,57.51343055555555,62.13627165715885,False
2024-07-22 04:00:00,54.0,53.625,64.25,False,56.774388888888886,2024-07-22 10:00:00,57.08167708333333,62.13627165715885,False
2024-07-22 05:00:00,56.0,54.125,64.25,False,58.19994444444444,2024-07-22 11:00:00,57.35320486111111,62.13627165715885,False
2024-07-22 06:00:00,56.0,54.5,64.25,False,59.422222222222224,2024-07-22 12:00:00,57.70213888888888,62.13627165715885,False
2024-07-22 07:00:00,54.0,54.25,64.25,False,58.75227777777778,2024-07-22 13:00:00,57.71521875,62.13627165715885,False
2024-07-22 08:00:00,54.0,54.375,64.25,False,57.71513888888889,2024-07-22 14:00:00,57.56227083333333,62.13627165715885,False
2024-07-22 09:00:00,53.0,54.5,64.25,False,57.293083333333335,2024-07-22 15:00:00,57.899972222222225,62.13627165715885,False
2024-07-22 10:00:00,53.0,54.25,64.25,False,56.46080450264724,2024-07-22 16:00:00,57.726951257275346,62.13627165715885,False
2024-07-22 11:00:00,55.0,54.375,64.25,False,57.4881152827934,2024-07-22 17:00:00,57.76324691762453,62.13627165715885,False
2024-07-22 12:00:00,61.0,55.25,64.25,False,57.56128571428569,2024-07-22 18:00:00,57.86160902079912,62.13627165715885,False
2024-07-22 13:00:00,61.0,55.875,64.25,False,,2024-07-22 19:00:00,57.81327538884979,62.13627165715885,False
2024-07-22 14:00:00,63.0,56.75,64.25,False,,2024-07-22 20:00:00,57.54511758328772,62.13627165715885,False
2024-07-22 15:00:00,69.0,58.625,64.25,False,,2024-07-22 21:00:00,,62.13627165715885,False
2024-07-22 16:00:00,67.0,60.25,64.25,False,,2024-07-22 22:00:00,,62.13627165715885,False
2024-07-22 17:00:00,68.0,62.125,64.25,False,,2024-07-22 23:00:00,,62.13627165715885,False
2024-07-22 18:00:00,65.0,63.625,64.25,False,67.70800796808574,2024-07-23 00:00:00,,62.13627165715885,False
2024-07-22 19:00:00,60.0,64.25,64.25,False,67.0300036644649,2024-07-23 01:00:00,,62.13627165715885,False
2024-07-22 20:00:00,58.0,63.875,64.25,False,64.56664608818025,2024-07-23 02:00:00,,62.13627165715885,False
2024-07-22 21:00:00,50.0,62.5,64.25,False,58.87566666666667,2024-07-23 03:00:00,,62.13627165715885,False
2024-07-22 22:00:00,54.0,61.375,64.25,False,55.37205555555556,2024-07-23 04:00:00,,62.13627165715885,False
2024-07-22 23:00:00,53.0,59.375,64.25,False,59.26525,2024-07-23 05:00:00,62.13627165715885,62.13627165715885,False
2024-07-23 00:00:00,60.0,58.5,75.25,True,60.91466666666667,2024-07-23 06:00:00,61.96175665851711,72.50634989157568,True
2024-07-23 01:00:00,63.0,57.875,75.25,True,65.73233333333333,2024-07-23 07:00:00,62.43307874286914,72.50634989157568,True
2024-07-23 02:00:00,62.0,57.5,75.25,True,65.76908333333333,2024-07-23 08:00:00,62.19071316352509,72.50634989157568,True
2024-07-23 03:00:00,61.0,57.625,75.25,True,65.62961111111112,2024-07-23 09:00:00,62.01566409435586,72.50634989157568,True
2024-07-23 04:00:00,61.0,58.0,75.25,True,65.42722222222223,2024-07-23 10:00:00,62.12323611111111,72.50634989157568,True
2024-07-23 05:00:00,57.0,58.875,75.25,True,65.32747222222223,2024-07-23 11:00:00,62.929711805555556,72.50634989157568,True
2024-07-23 06:00:00,42.0,57.375,75.25,True,52.91194444444445,2024-07-23 12:00:00,62.62219791666667,72.50634989157568,True
2024-07-23 07:00:00,40.0,55.75,75.25,True,43.63836111111111,2024-07-23 13:00:00,60.66883680555556,72.50634989157568,True
2024-07-23 08:00:00,35.0,52.625,75.25,True,42.71730555555556,2024-07-23 14:00:00,58.39416666666667,72.50634989157568,True
2024-07-23 09:00:00,37.0,49.375,75.25,True,38.91325,2024-07-23 15:00:00,55.04178125000001,72.50634989157568,True
2024-07-23 10:00:00,48.0,47.625,75.25,True,46.665221102005816,2024-07-23 16:00:00,52.653798471084066,72.50634989157568,True
2024-07-23 11:00:00,64.0,48.0,75.25,True,53.13407776220944,2024-07-23 17:00:00,51.091856802471355,72.50634989157568,True
2024-07-23 12:00:00,72.0,49.375,75.25,True,66.41428571428578,2024-07-23 18:00:00,51.2152397389793,72.50634989157568,True
2024-07-23 13:00:00,80.0,52.25,75.25,True,,2024-07-23 19:00:00,49.19920652708745,72.50634989157568,True
2024-07-23 14:00:00,79.0,56.875,75.25,True,,2024-07-23 20:00:00,48.58041687419461,72.50634989157568,True
2024-07-23 15:00:00,80.0,61.875,75.25,True,,2024-07-23 21:00:00,,72.50634989157568,True
2024-07-23 16:00:00,82.0,67.75,75.25,True,83.50617664742664,2024-07-23 22:00:00,,72.50634989157568,True
2024-07-23 17:00:00,76.0,72.625,75.25,True,82.93049012213946,2024-07-23 23:00:00,,72.50634989157568,True
2024-07-23 18:00:00,69.0,75.25,75.25,True,76.90821035766571,2024-07-24 00:00:00,,72.50634989157568,True
2024-07-23 19:00:00,62.0,75.0,75.25,True,71.0856111111111,2024-07-24 01:00:00,,72.50634989157568,True
2024-07-23 20:00:00,54.0,72.75,75.25,True,62.99044444444444,2024-07-24 02:00:00,,72.50634989157568,True
2024-07-23 21:00:00,54.0,69.5,75.25,True,57.61716666666667,2024-07-24 03:00:00,72.50634989157568,72.50634989157568,True
2024-07-23 22:00:00,53.0,66.25,75.25,True,58.67502777777778,2024-07-24 04:00:00,70.53044673246168,72.50634989157568,True
2024-07-23 23:00:00,53.0,62.875,75.25,True,55.6415,2024-07-24 05:00:00,68.66932839090398,72.50634989157568,True
2024-07-24 00:00:00,56.0,59.625,76.5,True,60.40255555555555,2024-07-24 06:00:00,65.7813757544201,82.42553376368404,True
2024-07-24 01:00:00,58.0,57.375,76.5,True,60.75919444444445,2024-07-24 07:00:00,63.00996379470821,82.42553376368404,True
2024-07-24 02:00:00,58.0,56.0,76.5,True,63.40122222222222,2024-07-24 08:00:00,61.32159027777778,82.42553376368404,True
2024-07-24 03:00:00,53.0,54.875,76.5,True,60.512277777777776,2024-07-24 09:00:00,59.99992361111111,82.42553376368404,True
2024-07-24 04:00:00,40.0,53.125,76.5,True,46.856027777777776,2024-07-24 10:00:00,57.983121527777776,82.42553376368404,True
2024-07-24 05:00:00,,53.0,76.5,True,52.416388888888896,2024-07-24 11:00:00,57.333024305555554,82.42553376368404,True
2024-07-24 06:00:00,37.0,50.714285714285715,76.5,True,45.60205555555556,2024-07-24 12:00:00,55.69890277777778,82.42553376368404,True
2024-07-24 07:00:00,40.0,48.857142857142854,76.5,True,43.67052777777778,2024-07-24 13:00:00,54.20253125,82.42553376368404,True
2024-07-24 08:00:00,40.0,46.57142857142857,76.5,True,43.08822222222222,2024-07-24 14:00:00,52.03823958333333,82.42553376368404,True
2024-07-24 09:00:00,46.0,44.857142857142854,76.5,True,46.13536111111111,2024-07-24 15:00:00,50.21026041666667,82.42553376368404,True
2024-07-24 10:00:00,60.0,45.142857142857146,76.5,True,57.55430555555555,2024-07-24 16:00:00,49.47939583333333,82.42553376368404,True
2024-07-24 11:00:00,71.0,47.714285714285715,76.5,True,71.15788888888889,2024-07-24 17:00:00,50.810097222222225,82.42553376368404,True
2024-07-24 12:00:00,75.0,52.714285714285715,76.5,True,79.31180555555555,2024-07-24 18:00:00,54.867069444444446,82.42553376368404,True
2024-07-24 13:00:00,79.0,56.0,76.5,True,84.18919444444444,2024-07-24 19:00:00,58.83867013888889,82.42553376368404,True
2024-07-24 14:00:00,78.0,61.125,76.5,True,84.32458333333334,2024-07-24 20:00:00,63.67898611111111,82.42553376368404,True
2024-07-24 15:00:00,81.0,66.25,76.5,True,86.65594444444444,2024-07-24 21:00:00,69.05216319444445,82.42553376368404,True
2024-07-24 16:00:00,79.0,71.125,76.5,True,86.91280555555555,2024-07-24 22:00:00,74.53023611111111,82.42553376368404,True
2024-07-24 17:00:00,78.0,75.125,76.5,True,85.72141666666667,2024-07-24 23:00:00,79.47849305555556,82.42553376368404,True
2024-07-24 18:00:00,71.0,76.5,76.5,True,79.08449233169459,2024-07-25 00:00:00,82.16976640257293,82.42553376368404,True
2024-07-24 19:00:00,63.0,75.5,76.5,True,73.20402777777778,2024-07-25 01:00:00,82.42553376368404,82.42553376368404,True
2024-07-24 20:00:00,53.0,72.75,76.5,True,61.84864824146688,2024-07-25 02:00:00,80.24263909942296,82.42553376368404,True
2024-07-24 21:00:00,49.0,69.0,76.5,True,57.16585556663564,2024-07-25 03:00:00,76.86472173969686,82.42553376368404,True
2024-07-24 22:00:00,44.0,64.75,76.5,True,53.23161111111111,2024-07-25 04:00:00,72.97810021191907,82.42553376368404,True
2024-07-24 23:00:00,37.0,59.25,76.5,True,44.03294444444444,2024-07-25 05:00:00,67.65022521191908,82.42553376368404,True
2024-07-25 00:00:00,40.0,54.375,61.125,False,42.13091666666666,2024-07-25 06:00:00,62.05248910080797,63.676835037498286,False
2024-07-25 01:00:00,45.0,50.25,61.125,False,47.83980555555556,2024-07-25 07:00:00,57.31728771191908,63.676835037498286,False
2024-07-25 02:00:00,42.0,46.625,61.125,False,48.10952777777778,2024-07-25 08:00:00,53.44541714267948,63.676835037498286,False
2024-07-25 03:00:00,42.0,44.0,61.125,False,44.43972222222222,2024-07-25 09:00:00,49.84987894823504,63.676835037498286,False
2024-07-25 04:00:00,47.0,43.25,61.125,False,49.343694444444445,2024-07-25 10:00:00,48.28675972360723,63.676835037498286,False
2024-07-25 05:00:00,41.0,42.25,61.125,False,46.46308333333333,2024-07-25 11:00:00,46.948913194444444,63.676835037498286,False
2024-07-25 06:00:00,43.0,42.125,61.125,False,45.50977777777778,2024-07-25 12:00:00,45.98368402777778,63.676835037498286,False
2024-07-25 07:00:00,37.0,42.125,61.125,False,40.497,2024-07-25 13:00:00,45.54169097222223,63.676835037498286,False
2024-07-25 08:00:00,29.0,40.75,61.125,False,32.698972222222224,2024-07-25 14:00:00,44.36269791666667,63.676835037498286,False
2024-07-25 09:00:00,31.0,39.0,61.125,False,33.498194444444444,2024-07-25 15:00:00,42.56999652777778,63.676835037498286,False
2024-07-25 10:00:00,36.0,38.25,61.125,False,36.65025,2024-07-25 16:00:00,41.13758680555555,63.676835037498286,False
2024-07-25 11:00:00,50.0,39.25,61.125,False,45.94488888888888,2024-07-25 17:00:00,41.32573263888889,63.676835037498286,False
2024-07-25 12:00:00,59.0,40.75,61.125,False,59.56513888888889,2024-07-25 18:00:00,42.60341319444444,63.676835037498286,False
2024-07-25 13:00:00,63.0,43.5,61.125,False,64.49394444444445,2024-07-25 19:00:00,44.85727083333333,63.676835037498286,False
2024-07-25 14:00:00,71.0,47.0,61.125,False,70.68697222222222,2024-07-25 20:00:00,48.00442013888889,63.676835037498286,False
2024-07-25 15:00:00,62.0,50.125,61.125,False,71.1153611111111,2024-07-25 21:00:00,51.83171527777778,63.676835037498286,False
2024-07-25 16:00:00,58.0,53.75,61.125,False,61.12097222222222,2024-07-25 22:00:00,55.38446527777778,63.676835037498286,False
2024-07-25 17:00:00,59.0,57.25,61.125,False,60.50286111111111,2024-07-25 23:00:00,58.76004861111111,63.676835037498286,False
2024-07-25 18:00:00,59.0,60.125,61.125,False,61.18098585554184,2024-07-26 00:00:00,61.826390593053844,63.676835037498286,False
2024-07-25 19:00:00,58.0,61.125,61.125,False,60.748444444444445,2024-07-26 01:00:00,63.676835037498286,63.676835037498286,False
2024-07-25 20:00:00,48.0,59.75,61.125,False,56.60211691239597,2024-07-26 02:00:00,63.30645729043667,63.676835037498286,False
2024-07-25 21:00:00,47.0,57.75,61.125,False,46.80151140649813,2024-07-26 03:00:00,61.094903160693384,63.676835037498286,False
2024-07-25 22:00:00,52.0,55.375,61.125,False,52.77536111111111,2024-07-26 04:00:00,58.85595177180449,63.676835037498286,False
2024-07-25 23:00:00,49.0,53.75,61.125,False,52.92688888888889,2024-07-26 05:00:00,56.58239274402671,63.676835037498286,False
2024-07-26 00:00:00,45.0,52.125,71.375,True,50.61411111111112,2024-07-26 06:00:00,55.26903510513783,75.1205923604337,True
2024-07-26 01:00:00,38.0,49.5,71.375,True,42.212916666666665,2024-07-26 07:00:00,52.98279204958227,75.1205923604337,True
2024-07-26 02:00:00,42.0,47.375,71.375,True,44.10991666666666,2024-07-26 08:00:00,50.848908400972874,75.1205923604337,True
2024-07-26 03:00:00,43.0,45.5,71.375,True,44.41230555555556,2024-07-26 09:00:00,48.80689103986177,75.1205923604337,True
2024-07-26 04:00:00,40.0,44.5,71.375,True,44.49166666666667,2024-07-26 10:00:00,47.2930847591456,75.1205923604337,True
2024-07-26 05:00:00,43.0,44.0,71.375,True,43.75827777777777,2024-07-26 11:00:00,46.91268055555555,75.1205923604337,True
2024-07-26 06:00:00,36.0,42.0,71.375,True,41.90833333333333,2024-07-26 12:00:00,45.55430208333333,75.1205923604337,True
2024-07-26 07:00:00,34.0,40.125,71.375,True,36.827666666666666,2024-07-26 13:00:00,43.54189930555555,75.1205923604337,True
2024-07-26 08:00:00,38.0,39.25,71.375,True,35.768452690309346,2024-07-26 14:00:00,41.68619200295533,75.1205923604337,True
2024-07-26 09:00:00,45.0,40.125,71.375,True,42.26490803942026,2024-07-26 15:00:00,41.69269092454953,75.1205923604337,True
2024-07-26 10:00:00,50.0,41.125,71.375,True,45.50544217687076,2024-07-26 16:00:00,41.86713161332504,75.1205923604337,True
2024-07-26 11:00:00,60.0,43.25,71.375,True,,2024-07-26 17:00:00,41.50353533586354,75.1205923604337,True
2024-07-26 12:00:00,67.0,46.625,71.375,True,,2024-07-26 18:00:00,41.00551344739635,75.1205923604337,True
2024-07-26 13:00:00,68.0,49.75,71.375,True,,2024-07-26 19:00:00,,75.1205923604337,True
2024-07-26 14:00:00,70.0,54.0,71.375,True,,2024-07-26 20:00:00,,75.1205923604337,True
2024-07-26 15:00:00,69.0,58.375,71.375,True,70.96541029368059,2024-07-26 21:00:00,,75.1205923604337,True
2024-07-26 16:00:00,73.0,62.75,71.375,True,72.96510645731973,2024-07-26 22:00:00,,75.1205923604337,True
2024-07-26 17:00:00,75.0,66.5,71.375,True,77.16732128823892,2024-07-26 23:00:00,,75.1205923604337,True
2024-07-26 18:00:00,75.0,69.625,71.375,True,77.71863279002964,2024-07-27 00:00:00,,75.1205923604337,True
2024-07-26 19:00:00,74.0,71.375,71.375,True,78.14772222222223,2024-07-27 01:00:00,,75.1205923604337,True
2024-07-26 20:00:00,65.0,71.125,71.375,True,73.7593611111111,2024-07-27 02:00:00,75.1205923604337,75.1205923604337,True
2024-07-26 21:00:00,57.0,69.75,71.375,True,61.9565,2024-07-27 03:00:00,73.2400077375146,75.1205923604337,True
2024-07-26 22:00:00,60.0,68.5,71.375,True,61.82508333333333,2024-07-27 04:00:00,71.81314218699194,75.1205923604337,True
2024-07-26 23:00:00,60.0,67.375,71.375,True,62.72558333333333,2024-07-27 05:00:00,70.78316381694853,75.1205923604337,True
2024-07-27 00:00:00,53.0,64.875,64.875,False,60.87116666666667,2024-07-27 06:00:00,69.2714213431169,69.2714213431169,False
2024-07-27 01:00:00,47.0,61.375,64.875,False,51.04902777777777,2024-07-27 07:00:00,66.00663465430927,69.2714213431169,False
2024-07-27 02:00:00,57.0,59.125,64.875,False,59.54080555555556,2024-07-27 08:00:00,63.73440625,69.2714213431169,False
2024-07-27 03:00:00,46.0,55.625,64.875,False,52.76627777777777,2024-07-27 09:00:00,60.56172569444445,69.2714213431169,False
2024-07-27 04:00:00,45.0,53.125,64.875,False,47.06733333333333,2024-07-27 10:00:00,57.22522222222222,69.2714213431169,False
2024-07-27 05:00:00,42.0,51.25,64.875,False,45.50841666666667,2024-07-27 11:00:00,55.169211805555555,69.2714213431169,False
2024-07-27 06:00:00,39.0,48.625,64.875,False,41.30155555555555,2024-07-27 12:00:00,52.60377083333333,69.2714213431169,False
2024-07-27 07:00:00,45.0,46.75,64.875,False,44.42519444444444,2024-07-27 13:00:00,50.316222222222216,69.2714213431169,False
2024-07-27 08:00:00,33.0,44.25,64.875,False,40.316833333333335,2024-07-27 14:00:00,47.74693055555556,69.2714213431169,False
2024-07-27 09:00:00,39.0,43.25,64.875,False,37.943888888888885,2024-07-27 15:00:00,46.10878819444444,69.2714213431169,False
2024-07-27 10:00:00,48.0,42.125,64.875,False,46.39011111111111,2024-07-27 16:00:00,44.46495138888889,69.2714213431169,False
2024-07-27 11:00:00,49.0,42.5,64.875,False,51.68313888888888,2024-07-27 17:00:00,44.329559027777776,69.2714213431169,False
2024-07-27 12:00:00,50.0,43.125,64.875,False,51.313472222222224,2024-07-27 18:00:00,44.860326388888886,69.2714213431169,False
2024-07-27 13:00:00,51.0,44.25,64.875,False,53.26616666666666,2024-07-27 19:00:00,45.830045138888885,69.2714213431169,False
2024-07-27 14:00:00,56.0,46.375,64.875,False,55.60261111111111,2024-07-27 20:00:00,47.61767708333333,69.2714213431169,False
2024-07-27 15:00:00,62.0,48.5,64.875,False,63.26652777777778,2024-07-27 21:00:00,49.97284375,69.2714213431169,False
2024-07-27 16:00:00,58.0,51.625,64.875,False,61.93613888888888,2024-07-27 22:00:00,52.67525694444444,69.2714213431169,False
2024-07-27 17:00:00,63.0,54.625,64.875,False,65.2538611111111,2024-07-27 23:00:00,56.08900347222222,69.2714213431169,False
2024-07-27 18:00:00,63.0,56.5,64.875,False,68.83337370915531,2024-07-28 00:00:00,58.894411296977744,69.2714213431169,False
2024-07-27 19:00:00,59.0,57.75,64.875,False,62.79547222222222,2024-07-28 01:00:00,60.283452963644415,69.2714213431169,False
2024-07-27 20:00:00,58.0,58.75,64.875,False,59.93558333333333,2024-07-28 02:00:00,61.3612168525333,69.2714213431169,False
2024-07-27 21:00:00,56.0,59.375,64.875,False,58.61588888888889,2024-07-28 03:00:00,62.02993213031108,69.2714213431169,False
2024-07-27 22:00:00,42.0,57.625,64.875,False,51.25433333333333,2024-07-28 04:00:00,61.486397408088855,69.2714213431169,False
2024-07-27 23:00:00,41.0,55.0,64.875,False,44.99908333333334,2024-07-28 05:00:00,59.2029668525333,69.2714213431169,False
2024-07-28 00:00:00,37.0,52.375,68.875,False,43.12680555555556,2024-07-28 06:00:00,56.85180018586664,71.021375545074,True
2024-07-28 01:00:00,32.0,48.5,68.875,False,34.18391666666666,2024-07-28 07:00:00,52.96805713031108,71.021375545074,True
2024-07-28 02:00:00,29.0,44.25,68.875,False,31.494805555555555,2024-07-28 08:00:00,48.30073611111111,71.021375545074,True
2024-07-28 03:00:00,29.0,40.5,68.875,False,31.91113888888889,2024-07-28 09:00:00,44.440194444444444,71.021375545074,True
2024-07-28 04:00:00,23.0,36.125,68.875,False,28.646583333333336,2024-07-28 10:00:00,40.529069444444445,71.021375545074,True
2024-07-28 05:00:00,23.0,32.0,68.875,False,25.313055555555557,2024-07-28 11:00:00,36.366215277777776,71.021375545074,True
2024-07-28 06:00:00,23.0,29.625,68.875,False,26.26305555555556,2024-07-28 12:00:00,33.24230555555556,71.021375545074,True
2024-07-28 07:00:00,28.0,28.0,68.875,False,27.76605555555556,2024-07-28 13:00:00,31.088177083333335,71.021375545074,True
2024-07-28 08:00:00,28.0,26.875,68.875,False,31.24298321341184,2024-07-28 14:00:00,29.602699290565372,71.021375545074,True
2024-07-28 09:00:00,41.0,28.0,68.875,False,34.05403613403629,2024-07-28 15:00:00,29.586464223986574,71.021375545074,True
2024-07-28 10:00:00,53.0,31.0,68.875,False,36.96783333333335,2024-07-28 16:00:00,30.270592696208798,71.021375545074,True
2024-07-28 11:00:00,60.0,34.875,68.875,False,,2024-07-28 17:00:00,30.03622895439736,71.021375545074,True
2024-07-28 12:00:00,66.0,40.25,68.875,False,,2024-07-28 18:00:00,30.267836557908026,71.021375545074,True
2024-07-28 13:00:00,71.0,46.25,68.875,False,,2024-07-28 19:00:00,,71.021375545074,True
2024-07-28 14:00:00,73.0,52.5,68.875,False,,2024-07-28 20:00:00,,71.021375545074,True
2024-07-28 15:00:00,71.0,57.875,68.875,False,72.34729421240128,2024-07-28 21:00:00,,71.021375545074,True
2024-07-28 16:00:00,70.0,63.125,68.875,False,73.77802385999092,2024-07-28 22:00:00,,71.021375545074,True
2024-07-28 17:00:00,69.0,66.625,68.875,False,73.49397222222223,2024-07-28 23:00:00,,71.021375545074,True
2024-07-28 18:00:00,67.0,68.375,68.875,False,70.93585186471843,2024-07-29 00:00:00,,71.021375545074,True
2024-07-28 19:00:00,64.0,68.875,68.875,False,69.3296111111111,2024-07-29 01:00:00,,71.021375545074,True
2024-07-28 20:00:00,60.0,68.125,68.875,False,66.2435,2024-07-29 02:00:00,71.021375545074,71.021375545074,True
2024-07-28 21:00:00,55.0,66.125,68.875,False,59.68952777777778,2024-07-29 03:00:00,69.40254014974596,71.021375545074,True
2024-07-28 22:00:00,57.0,64.125,68.875,False,59.64211111111111,2024-07-29 04:00:00,68.18248651991661,71.021375545074,True
2024-07-28 23:00:00,59.0,62.625,68.875,False,62.66805555555556,2024-07-29 05:00:00,66.9725816878109,71.021375545074,True
2024-07-29 00:00:00,49.0,60.0,61.25,False,58.852694444444445,2024-07-29 06:00:00,65.10691551086758,65.10691551086758,False
2024-07-29 01:00:00,39.0,56.25,61.25,False,46.23633333333333,2024-07-29 07:00:00,61.69971064975647,65.10691551086758,False
2024-07-29 02:00:00,52.0,54.375,61.25,False,45.80680555555556,2024-07-29 08:00:00,58.558579861111106,65.10691551086758,False
2024-07-29 03:00:00,50.0,52.625,61.25,False,55.24919444444444,2024-07-29 09:00:00,56.79852777777778,65.10691551086758,False
2024-07-29 04:00:00,49.0,51.25,61.25,False,53.68836111111112,2024-07-29 10:00:00,55.22913541666667,65.10691551086758,False
2024-07-29 05:00:00,40.0,49.375,61.25,False,48.28525,2024-07-29 11:00:00,53.80360069444444,65.10691551086758,False
2024-07-29 06:00:00,40.0,47.25,61.25,False,43.349222222222224,2024-07-29 12:00:00,51.766989583333334,65.10691551086758,False
2024-07-29 07:00:00,41.0,45.0,61.25,False,46.25261111111112,2024-07-29 13:00:00,49.715059027777784,65.10691551086758,False
2024-07-29 08:00:00,40.0,43.875,61.25,False,43.903777777777776,2024-07-29 14:00:00,47.846444444444444,65.10691551086758,False
2024-07-29 09:00:00,38.0,43.75,61.25,False,38.50911111111111,2024-07-29 15:00:00,46.880541666666666,65.10691551086758,False
2024-07-29 10:00:00,51.0,43.625,61.25,False,45.71511111111111,2024-07-29 16:00:00,46.86907986111111,65.10691551086758,False
2024-07-29 11:00:00,54.0,44.125,61.25,False,52.14641666666667,2024-07-29 17:00:00,46.48123263888889,65.10691551086758,False
2024-07-29 12:00:00,57.0,45.125,61.25,False,55.01036111111112,2024-07-29 18:00:00,46.64648263888889,65.10691551086758,False
2024-07-29 13:00:00,59.0,47.5,61.25,False,58.69480555555556,2024-07-29 19:00:00,47.94767708333334,65.10691551086758,False
2024-07-29 14:00:00,60.0,50.0,61.25,False,60.35933333333333,2024-07-29 20:00:00,50.073940972222225,65.10691551086758,False
2024-07-29 15:00:00,61.0,52.5,61.25,False,60.754527777777774,2024-07-29 21:00:00,51.88668055555556,65.10691551086758,False
2024-07-29 16:00:00,64.0,55.5,61.25,False,63.690777777777775,2024-07-29 22:00:00,54.360055555555554,65.10691551086758,False
2024-07-29 17:00:00,62.0,58.5,61.25,False,64.77430555555556,2024-07-29 23:00:00,57.643204861111116,65.10691551086758,False
2024-07-29 18:00:00,63.0,60.0,61.25,False,62.63497950826067,2024-07-30 00:00:00,59.758188410754805,65.10691551086758,False
2024-07-29 19:00:00,64.0,61.25,61.25,False,65.89758333333333,2024-07-30 01:00:00,61.47708424408814,65.10691551086758,False
2024-07-29 20:00:00,56.0,61.125,61.25,False,62.08047222222222,2024-07-30 02:00:00,62.360848132977026,65.10691551086758,False
2024-07-29 21:00:00,52.0,60.25,61.25,False,54.51122222222222,2024-07-30 03:00:00,61.83790021631036,65.10691551086758,False
2024-07-29 22:00:00,53.0,59.375,61.25,False,53.6015,2024-07-30 04:00:00,60.99317104964369,65.10691551086758,False
2024-07-29 23:00:00,52.0,58.25,61.25,False,55.3715,2024-07-30 05:00:00,60.32029257742147,65.10691551086758,False
2024-07-30 00:00:00,41.0,55.375,69.875,False,47.23011111111112,2024-07-30 06:00:00,58.262709244088136,65.28612747624858,False
2024-07-30 01:00:00,36.0,52.125,69.875,False,38.02825,2024-07-30 07:00:00,54.919452299643694,65.28612747624858,False
2024-07-30 02:00:00,38.0,49.0,69.875,False,41.51811111111111,2024-07-30 08:00:00,52.27984374999999,65.28612747624858,False
2024-07-30 03:00:00,37.0,45.625,69.875,False,37.93291666666666,2024-07-30 09:00:00,48.78426041666666,65.28612747624858,False
2024-07-30 04:00:00,34.0,42.875,69.875,False,35.948027777777774,2024-07-30 10:00:00,45.51770486111111,65.28612747624858,False
2024-07-30 05:00:00,33.0,40.5,69.875,False,34.24355555555555,2024-07-30 11:00:00,42.98424652777777,65.28612747624858,False
2024-07-30 06:00:00,28.0,37.375,69.875,False,30.077166666666667,2024-07-30 12:00:00,40.0437048611111,65.28612747624858,False
2024-07-30 07:00:00,32.0,34.875,69.875,False,31.098027777777776,2024-07-30 13:00:00,37.00952083333333,65.28612747624858,False
2024-07-30 08:00:00,33.0,33.875,69.875,False,33.27430555555556,2024-07-30 14:00:00,35.26504513888888,65.28612747624858,False
2024-07-30 09:00:00,37.0,34.0,69.875,False,34.111666666666665,2024-07-30 15:00:00,34.77547222222222,65.28612747624858,False
2024-07-30 10:00:00,47.0,35.125,69.875,False,43.05402777777778,2024-07-30 16:00:00,34.96746180555555,65.28612747624858,False
2024-07-30 11:00:00,53.0,37.125,69.875,False,48.62075,2024-07-30 17:00:00,36.30344097222222,65.28612747624858,False
2024-07-30 12:00:00,65.0,41.0,69.875,False,60.43865750065407,2024-07-30 18:00:00,39.364769687581756,65.28612747624858,False
2024-07-30 13:00:00,70.0,45.625,69.875,False,68.32945353043881,2024-07-30 19:00:00,43.625506934442164,65.28612747624858,False
2024-07-30 14:00:00,74.0,51.375,69.875,False,70.66736901986899,2024-07-30 20:00:00,48.69928222859245,65.28612747624858,False
2024-07-30 15:00:00,69.0,56.0,69.875,False,,2024-07-30 21:00:00,51.21374715013741,65.28612747624858,False
2024-07-30 16:00:00,72.0,60.875,69.875,False,,2024-07-30 22:00:00,54.203654082567716,65.28612747624858,False
2024-07-30 17:00:00,71.0,65.125,69.875,False,,2024-07-30 23:00:00,,65.28612747624858,False
2024-07-30 18:00:00,70.0,68.0,69.875,False,73.9792328835186,2024-07-31 00:00:00,,65.28612747624858,False
2024-07-30 19:00:00,68.0,69.875,69.875,False,73.67455937130013,2024-07-31 01:00:00,,65.28612747624858,False
2024-07-30 20:00:00,57.0,68.875,69.875,False,68.63572260267279,2024-07-31 02:00:00,,65.28612747624858,False
2024-07-30 21:00:00,55.0,67.0,69.875,False,60.859388888888894,2024-07-31 03:00:00,,65.28612747624858,False
2024-07-30 22:00:00,56.0,64.75,69.875,False,60.82716666666667,2024-07-31 04:00:00,,65.28612747624858,False
2024-07-30 23:00:00,39.0,61.0,69.875,False,53.74069444444444,2024-07-31 05:00:00,65.28612747624858,65.28612747624858,False
2024-07-31 00:00:00,21.0,54.625,67.25,False,32.13588888888889,2024-07-31 06:00:00,60.55037910662577,72.38623264494863,True
2024-07-31 01:00:00,23.0,48.625,67.25,False,26.649805555555552,2024-07-31 07:00:00,56.312807412741996,72.38623264494863,True
2024-07-31 02:00:00,35.0,44.25,67.25,False,36.17066666666666,2024-07-31 08:00:00,51.5867366356355,72.38623264494863,True
2024-07-31 03:00:00,43.0,41.125,67.25,False,43.567,2024-07-31 09:00:00,47.82329171422298,72.38623264494863,True
2024-07-31 04:00:00,31.0,37.875,67.25,False,44.56188888888889,2024-07-31 10:00:00,44.81406249999999,72.38623264494863,True
2024-07-31 05:00:00,,35.42857142857143,67.25,False,30.70055555555556,2024-07-31 11:00:00,41.04420833333333,72.38623264494863,True
2024-07-31 06:00:00,16.0,29.714285714285715,67.25,False,23.81838888888889,2024-07-31 12:00:00,36.4181111111111,72.38623264494863,True
2024-07-31 07:00:00,15.0,26.285714285714285,67.25,False,20.04658333333333,2024-07-31 13:00:00,32.20634722222222,72.38623264494863,True
2024-07-31 08:00:00,23.0,26.571428571428573,67.25,False,25.101388888888888,2024-07-31 14:00:00,31.32703472222222,72.38623264494863,True
2024-07-31 09:00:00,36.0,28.428571428571427,67.25,False,35.013416666666664,2024-07-31 15:00:00,32.37248611111111,72.38623264494863,True
2024-07-31 10:00:00,53.0,31.0,67.25,False,49.891333333333336,2024-07-31 16:00:00,34.08756944444444,72.38623264494863,True
2024-07-31 11:00:00,57.0,33.0,67.25,False,61.11508333333334,2024-07-31 17:00:00,36.28107986111111,72.38623264494863,True
2024-07-31 12:00:00,66.0,38.0,67.25,False,65.78158333333333,2024-07-31 18:00:00,38.93354166666666,72.38623264494863,True
2024-07-31 13:00:00,69.0,41.875,67.25,False,74.33336111111112,2024-07-31 19:00:00,44.387642361111105,72.38623264494863,True
2024-07-31 14:00:00,65.0,48.0,67.25,False,72.1463888888889,2024-07-31 20:00:00,50.42864236111111,72.38623264494863,True
2024-07-31 15:00:00,72.0,55.125,67.25,False,73.81347222222222,2024-07-31 21:00:00,57.14950347222222,72.38623264494863,True
2024-07-31 16:00:00,74.0,61.5,67.25,False,79.08361111111111,2024-07-31 22:00:00,63.89728124999999,72.38623264494863,True
2024-07-31 17:00:00,70.0,65.75,67.25,False,78.42291666666667,2024-07-31 23:00:00,69.32346874999999,72.38623264494863,True
2024-07-31 18:00:00,63.0,67.0,67.25,False,69.02622227070022,2024-08-01 00:00:00,71.71532986717085,72.38623264494863,True
2024-07-31 19:00:00,59.0,67.25,67.25,False,66.48230555555556,2024-08-01 01:00:00,72.38623264494863,72.38623264494863,True
2024-07-31 20:00:00,51.0,65.375,67.25,False,61.27166666666667,2024-08-01 02:00:00,71.8224930616153,72.38623264494863,True
2024-07-31 21:00:00,46.0,62.5,67.25,False,52.42369444444444,2024-08-01 03:00:00,69.08378472828197,72.38623264494863,True
2024-07-31 22:00:00,44.0,59.875,67.25,False,50.34544444444444,2024-08-01 04:00:00,66.35866667272641,72.38623264494863,True
2024-07-31 23:00:00,47.0,56.75,67.25,False,51.03761111111111,2024-08-01 05:00:00,63.511684033837525,72.38623264494863,True
2024-08-01 00:00:00,41.0,52.625,74.0,True,48.41916666666667,2024-08-01 06:00:00,59.678628478281965,61.50014108086077,False
2024-08-01 01:00:00,50.0,50.125,74.0,True,51.78169444444445,2024-08-01 07:00:00,56.348475700504196,61.50014108086077,False
2024-08-01 02:00:00,49.0,48.375,74.0,True,52.672555555555554,2024-08-01 08:00:00,54.3042673611111,61.50014108086077,False
2024-08-01 03:00:00,50.0,47.25,74.0,True,55.11147222222223,2024-08-01 09:00:00,52.88291319444444,61.50014108086077,False
2024-08-01 04:00:00,49.0,47.0,74.0,True,52.9835,2024-08-01 10:00:00,51.8468923611111,61.50014108086077,False
2024-08-01 05:00:00,27.0,44.625,74.0,True,43.13558333333334,2024-08-01 11:00:00,50.68587847222222,61.50014108086077,False
2024-08-01 06:00:00,11.0,40.5,74.0,True,20.349722222222223,2024-08-01 12:00:00,46.93641319444445,61.50014108086077,False
2024-08-01 07:00:00,12.0,36.125,74.0,True,15.0245,2024-08-01 13:00:00,42.43477430555556,61.50014108086077,False
2024-08-01 08:00:00,23.0,33.875,74.0,True,20.677138888888887,2024-08-01 14:00:00,38.96702083333333,61.50014108086077,False
2024-08-01 09:00:00,36.0,32.125,74.0,True,33.96230555555555,2024-08-01 15:00:00,36.739597222222216,61.50014108086077,False
2024-08-01 10:00:00,48.0,32.0,74.0,True,47.30011111111112,2024-08-01 16:00:00,36.068041666666666,61.50014108086077,False
2024-08-01 11:00:00,62.0,33.5,74.0,True,58.79113767645345,2024-08-01 17:00:00,36.52799984844557,61.50014108086077,False
2024-08-01 12:00:00,76.0,36.875,74.0,True,68.93404680183569,2024-08-01 18:00:00,38.52181819867503,61.50014108086077,False
2024-08-01 13:00:00,88.0,44.5,74.0,True,,2024-08-01 19:00:00,37.86270889372384,61.50014108086077,False
2024-08-01 14:00:00,86.0,53.875,74.0,True,,2024-08-01 20:00:00,40.78154000564078,61.50014108086077,False
2024-08-01 15:00:00,73.0,61.5,74.0,True,,2024-08-01 21:00:00,,61.50014108086077,False
2024-08-01 16:00:00,69.0,67.25,74.0,True,,2024-08-01 22:00:00,,61.50014108086077,False
2024-08-01 17:00:00,69.0,71.375,74.0,True,,2024-08-01 23:00:00,,61.50014108086077,False
2024-08-01 18:00:00,67.0,73.75,74.0,True,70.89006275378368,2024-08-02 00:00:00,,61.50014108086077,False
2024-08-01 19:00:00,64.0,74.0,74.0,True,69.02033928693658,2024-08-02 01:00:00,,61.50014108086077,False
2024-08-01 20:00:00,55.0,71.375,74.0,True,64.40594444444444,2024-08-02 02:00:00,,61.50014108086077,False
2024-08-01 21:00:00,51.0,66.75,74.0,True,54.711083333333335,2024-08-02 03:00:00,,61.50014108086077,False
2024-08-01 22:00:00,56.0,63.0,74.0,True,58.55222222222222,2024-08-02 04:00:00,,61.50014108086077,False
2024-08-01 23:00:00,44.0,59.375,74.0,True,51.421194444444446,2024-08-02 05:00:00,61.50014108086077,61.50014108086077,False
2024-08-02 00:00:00,50.0,57.0,76.25,True,51.327777777777776,2024-08-02 06:00:00,60.04694632327749,79.55007661864963,True
2024-08-02 01:00:00,39.0,53.25,76.25,True,48.681083333333326,2024-08-02 07:00:00,58.62621344953447,79.55007661864963,True
2024-08-02 02:00:00,34.0,49.125,76.25,True,39.55275,2024-08-02 08:00:00,54.70904935531151,79.55007661864963,True
2024-08-02 03:00:00,29.0,44.75,76.25,True,34.14752777777778,2024-08-02 09:00:00,50.34994791666666,79.55007661864963,True
2024-08-02 04:00:00,26.0,41.125,76.25,True,30.582833333333333,2024-08-02 10:00:00,46.12205902777777,79.55007661864963,True
2024-08-02 05:00:00,34.0,39.0,76.25,True,33.78986111111111,2024-08-02 11:00:00,43.50690624999999,79.55007661864963,True
2024-08-02 06:00:00,32.0,36.0,76.25,True,35.64363888888889,2024-08-02 12:00:00,40.64333333333333,79.55007661864963,True
2024-08-02 07:00:00,24.0,33.5,76.25,True,30.317555555555558,2024-08-02 13:00:00,38.00537847222222,79.55007661864963,True
2024-08-02 08:00:00,25.0,30.375,76.25,True,27.331027777777777,2024-08-02 14:00:00,35.00578472222222,79.55007661864963,True
2024-08-02 09:00:00,36.0,30.0,76.25,True,32.81361111111111,2024-08-02 15:00:00,33.02235069444444,79.55007661864963,True
2024-08-02 10:00:00,47.0,31.625,76.25,True,45.04658333333334,2024-08-02 16:00:00,33.70907986111111,79.55007661864963,True
2024-08-02 11:00:00,70.0,36.75,76.25,True,60.43966666666667,2024-08-02 17:00:00,36.995597222222216,79.55007661864963,True
2024-08-02 12:00:00,86.0,44.25,76.25,True,86.29522222222222,2024-08-02 18:00:00,43.959645833333326,79.55007661864963,True
2024-08-02 13:00:00,74.0,49.25,76.25,True,81.56758333333333,2024-08-02 19:00:00,49.931861111111104,79.55007661864963,True
2024-08-02 14:00:00,80.0,55.25,76.25,True,80.93727777777778,2024-08-02 20:00:00,55.59356597222222,79.55007661864963,True
2024-08-02 15:00:00,78.0,62.0,76.25,True,81.59675,2024-08-02 21:00:00,62.00346527777777,79.55007661864963,True
2024-08-02 16:00:00,77.0,68.5,76.25,True,79.87080555555555,2024-08-02 22:00:00,68.5709375,79.55007661864963,True
2024-08-02 17:00:00,74.0,73.25,76.25,True,78.68241666666667,2024-08-02 23:00:00,74.30453819444445,79.55007661864963,True
2024-08-02 18:00:00,71.0,76.25,76.25,True,75.66969628253037,2024-08-03 00:00:00,78.13242731309407,79.55007661864963,True
2024-08-02 19:00:00,65.0,75.625,76.25,True,71.78086111111111,2024-08-03 01:00:00,79.55007661864963,79.55007661864963,True
2024-08-02 20:00:00,52.0,71.375,76.25,True,60.58141666666667,2024-08-03 02:00:00,76.33585092420518,79.55007661864963,True
2024-08-02 21:00:00,55.0,69.0,76.25,True,55.64894444444444,2024-08-03 03:00:00,73.09602106309407,79.55007661864963,True
2024-08-02 22:00:00,55.0,65.875,76.25,True,59.579166666666666,2024-08-03 04:00:00,70.42625717420518,79.55007661864963,True
2024-08-02 23:00:00,52.0,62.625,76.25,True,56.45013888888889,2024-08-03 05:00:00,67.28293078531628,79.55007661864963,True
2024-08-03 00:00:00,56.0,60.0,60.0,False,57.09172222222222,2024-08-03 06:00:00,64.43554536864963,64.43554536864963,False
2024-08-03 01:00:00,56.0,57.75,60.0,False,59.35627777777778,2024-08-03 07:00:00,62.01977800753851,64.43554536864963,False
2024-08-03 02:00:00,46.0,54.625,60.0,False,51.46358333333333,2024-08-03 08:00:00,58.99401388888889,64.43554536864963,False
2024-08-03 03:00:00,40.0,51.5,60.0,False,44.62838888888889,2024-08-03 09:00:00,55.59995486111111,64.43554536864963,False
2024-08-03 04:00:00,48.0,51.0,60.0,False,47.14619444444444,2024-08-03 10:00:00,53.92055208333333,64.43554536864963,False
2024-08-03 05:00:00,37.0,48.75,60.0,False,45.19280555555555,2024-08-03 11:00:00,52.61353472222222,64.43554536864963,False
2024-08-03 06:00:00,34.0,46.125,60.0,False,34.89197222222222,2024-08-03 12:00:00,49.52763541666666,64.43554536864963,False
2024-08-03 07:00:00,42.0,44.875,60.0,False,43.92260497650405,2024-08-03 13:00:00,47.961693677618555,64.43554536864963,False
2024-08-03 08:00:00,41.0,43.0,60.0,False,42.96249848602595,2024-08-03 14:00:00,46.195540710594024,64.43554536864963,False
2024-08-03 09:00:00,49.0,42.125,60.0,False,41.70739046307227,2024-08-03 15:00:00,43.98942979625584,64.43554536864963,False
2024-08-03 10:00:00,61.0,44.0,60.0,False,,2024-08-03 16:00:00,42.92169357667334,64.43554536864963,False
2024-08-03 11:00:00,62.0,46.75,60.0,False,,2024-08-03 17:00:00,42.63724435797075,64.43554536864963,False
2024-08-03 12:00:00,56.0,47.75,60.0,False,,2024-08-03 18:00:00,,64.43554536864963,False
2024-08-03 13:00:00,53.0,49.75,60.0,False,53.21818609961468,2024-08-03 19:00:00,,64.43554536864963,False
2024-08-03 14:00:00,54.0,52.25,60.0,False,54.25818256877241,2024-08-03 20:00:00,,64.43554536864963,False
2024-08-03 15:00:00,55.0,53.875,60.0,False,57.46569222884615,2024-08-03 21:00:00,,64.43554536864963,False
2024-08-03 16:00:00,60.0,56.25,60.0,False,61.14997222222223,2024-08-03 22:00:00,,64.43554536864963,False
2024-08-03 17:00:00,61.0,57.75,60.0,False,64.28808333333333,2024-08-03 23:00:00,,64.43554536864963,False
2024-08-03 18:00:00,60.0,57.625,60.0,False,65.03000948071102,2024-08-04 00:00:00,59.23502098891663,64.43554536864963,False
2024-08-03 19:00:00,50.0,56.125,60.0,False,55.60963888888889,2024-08-04 01:00:00,58.717109260341246,64.43554536864963,False
2024-08-03 20:00:00,50.0,55.375,60.0,False,51.07780555555556,2024-08-04 02:00:00,57.76219629724303,64.43554536864963,False
2024-08-03 21:00:00,50.0,55.0,60.0,False,51.97133333333333,2024-08-04 03:00:00,57.60633970145786,64.43554536864963,False
2024-08-03 22:00:00,47.0,54.125,60.0,False,49.88355555555555,2024-08-04 04:00:00,57.059511324805754,64.43554536864963,False
2024-08-03 23:00:00,47.0,53.125,60.0,False,47.79788888888889,2024-08-04 05:00:00,55.85103590731109,64.43554536864963,False
2024-08-04 00:00:00,42.0,50.875,58.5,False,45.72363888888889,2024-08-04 06:00:00,53.92274424064443,60.52483357035409,False
2024-08-04 01:00:00,40.0,48.25,58.5,False,42.05275,2024-08-04 07:00:00,51.143327573977764,60.52483357035409,False
2024-08-04 02:00:00,41.0,45.875,58.5,False,39.14494444444445,2024-08-04 08:00:00,47.90769444444444,60.52483357035409,False
2024-08-04 03:00:00,39.0,44.5,58.5,False,41.51105555555556,2024-08-04 09:00:00,46.145371527777776,60.52483357035409,False
2024-08-04 04:00:00,36.0,42.75,58.5,False,40.02075,2024-08-04 10:00:00,44.76323958333333,60.52483357035409,False
2024-08-04 05:00:00,28.0,40.0,58.5,False,31.74136111111111,2024-08-04 11:00:00,42.234493055555554,60.52483357035409,False
2024-08-04 06:00:00,27.0,37.5,58.5,False,30.024555555555555,2024-08-04 12:00:00,39.752118055555556,60.52483357035409,False
2024-08-04 07:00:00,28.0,35.125,58.5,False,28.474194444444443,2024-08-04 13:00:00,37.33665625,60.52483357035409,False
2024-08-04 08:00:00,31.0,33.75,58.5,False,30.566916666666664,2024-08-04 14:00:00,35.44206597222222,60.52483357035409,False
2024-08-04 09:00:00,43.0,34.125,58.5,False,40.15383333333333,2024-08-04 15:00:00,35.204701388888886,60.52483357035409,False
2024-08-04 10:00:00,49.0,35.125,58.5,False,47.63286111111111,2024-08-04 16:00:00,36.26569097222222,60.52483357035409,False
2024-08-04 11:00:00,54.0,37.0,58.5,False,53.45091666666666,2024-08-04 17:00:00,37.758173611111104,60.52483357035409,False
2024-08-04 12:00:00,55.0,39.375,58.5,False,55.78068519510654,2024-08-04 18:00:00,39.72816551049942,60.52483357035409,False
2024-08-04 13:00:00,58.0,43.125,58.5,False,58.01766995378501,2024-08-04 19:00:00,43.012704115833664,60.52483357035409,False
2024-08-04 14:00:00,63.0,47.625,58.5,False,62.93441760828625,2024-08-04 20:00:00,47.126436872424996,60.52483357035409,False
2024-08-04 15:00:00,65.0,52.25,58.5,False,67.18622222222221,2024-08-04 21:00:00,51.96544034464722,60.52483357035409,False
2024-08-04 16:00:00,60.0,55.875,58.5,False,64.5603611111111,2024-08-04 22:00:00,56.214620900202775,60.52483357035409,False
2024-08-04 17:00:00,58.0,57.75,58.5,False,62.18819444444444,2024-08-04 23:00:00,58.96891603909167,60.52483357035409,False
2024-08-04 18:00:00,55.0,58.5,58.5,False,58.09734025009943,2024-08-05 00:00:00,60.2769759314652,60.52483357035409,False
2024-08-04 19:00:00,52.0,58.25,58.5,False,55.43377777777778,2024-08-05 01:00:00,60.52483357035409,60.52483357035409,False
2024-08-04 20:00:00,44.0,56.875,58.5,False,49.86877777777777,2024-08-05 02:00:00,59.785845143188,60.52483357035409,False
2024-08-04 21:00:00,43.0,55.0,58.5,False,43.4325,2024-08-05 03:00:00,57.962698898964874,60.52483357035409,False
2024-08-04 22:00:00,45.0,52.75,58.5,False,45.393277777777776,2024-08-05 04:00:00,55.77005642015131,60.52483357035409,False
2024-08-04 23:00:00,45.0,50.25,58.5,False,45.71486111111111,2024-08-05 05:00:00,53.08613628126243,60.52483357035409,False
2024-08-05 00:00:00,45.0,48.375,62.5,False,45.78944444444445,2024-08-05 06:00:00,50.73977169792909,63.721292826486454,False
2024-08-05 01:00:00,44.0,46.625,62.5,False,45.71544444444445,2024-08-05 07:00:00,48.6806779479291,63.721292826486454,False
2024-08-05 02:00:00,43.0,45.125,62.5,False,45.92461111111111,2024-08-05 08:00:00,47.159086805555546,63.721292826486454,False
2024-08-05 03:00:00,33.0,42.75,62.5,False,36.70044444444444,2024-08-05 09:00:00,44.817420138888885,63.721292826486454,False
2024-08-05 04:00:00,36.0,41.75,62.5,False,36.94302777777778,2024-08-05 10:00:00,43.20170138888889,63.721292826486454,False
2024-08-05 05:00:00,44.0,41.875,62.5,False,40.29747222222223,2024-08-05 11:00:00,42.80982291666667,63.721292826486454,False
2024-08-05 06:00:00,43.0,41.625,62.5,False,45.72352777777778,2024-08-05 12:00:00,42.85110416666667,63.721292826486454,False
2024-08-05 07:00:00,13.0,37.625,62.5,False,27.074666666666666,2024-08-05 13:00:00,40.52107986111111,63.721292826486454,False
2024-08-05 08:00:00,26.0,35.25,62.5,False,19.98788888888889,2024-08-05 14:00:00,37.29588541666667,63.721292826486454,False
2024-08-05 09:00:00,36.0,34.25,62.5,False,34.98097222222222,2024-08-05 15:00:00,35.954076388888886,63.721292826486454,False
2024-08-05 10:00:00,48.0,34.875,62.5,False,42.577,2024-08-05 16:00:00,35.535624999999996,63.721292826486454,False
2024-08-05 11:00:00,60.0,38.25,62.5,False,56.78077777777778,2024-08-05 17:00:00,38.04566666666666,63.721292826486454,False
2024-08-05 12:00:00,67.0,42.125,62.5,False,64.22680555555556,2024-08-05 18:00:00,41.45613888888889,63.721292826486454,False
2024-08-05 13:00:00,62.0,44.375,62.5,False,67.03641666666667,2024-08-05 19:00:00,44.79850694444444,63.721292826486454,False
2024-08-05 14:00:00,63.0,46.875,62.5,False,64.90322222222223,2024-08-05 20:00:00,47.19596875,63.721292826486454,False
2024-08-05 15:00:00,63.0,53.125,62.5,False,63.647972222222215,2024-08-05 21:00:00,51.767631944444446,63.721292826486454,False
2024-08-05 16:00:00,62.0,57.625,62.5,False,64.8513611111111,2024-08-05 22:00:00,57.37556597222222,63.721292826486454,False
2024-08-05 17:00:00,61.0,60.75,62.5,False,61.29338888888889,2024-08-05 23:00:00,60.66461805555555,63.721292826486454,False
2024-08-05 18:00:00,62.0,62.5,62.5,False,64.30484261189169,2024-08-06 00:00:00,63.38059838204201,63.721292826486454,False
2024-08-05 19:00:00,57.0,62.125,62.5,False,59.50633333333334,2024-08-06 01:00:00,63.721292826486454,63.721292826486454,False
2024-08-05 20:00:00,53.0,60.375,62.5,False,56.69466666666666,2024-08-06 02:00:00,62.779775465375344,63.721292826486454,False
2024-08-05 21:00:00,50.0,58.875,62.5,False,52.03022222222223,2024-08-06 03:00:00,60.90400115981979,63.721292826486454,False
2024-08-05 22:00:00,50.0,57.25,62.5,False,50.456,2024-08-06 04:00:00,59.09809838204201,63.721292826486454,False
2024-08-05 23:00:00,50.0,55.625,62.5,False,50.56822222222222,2024-08-06 05:00:00,57.46312963204201,63.721292826486454,False
2024-08-06 00:00:00,50.0,54.125,63.125,False,50.21577777777778,2024-08-06 06:00:00,55.633681715375346,64.34468053678658,False
2024-08-06 01:00:00,49.0,52.625,63.125,False,49.65127777777778,2024-08-06 07:00:00,54.17841782648646,64.34468053678658,False
2024-08-06 02:00:00,43.0,50.25,63.125,False,45.83575,2024-08-06 08:00:00,51.869781249999996,64.34468053678658,False
2024-08-06 03:00:00,37.0,47.75,63.125,False,39.40622222222223,2024-08-06 09:00:00,49.357267361111106,64.34468053678658,False
2024-08-06 04:00:00,44.0,46.625,63.125,False,42.30052777777778,2024-08-06 10:00:00,47.558,64.34468053678658,False
2024-08-06 05:00:00,43.0,45.75,63.125,False,44.10769444444444,2024-08-06 11:00:00,46.56768402777778,64.34468053678658,False
2024-08-06 06:00:00,42.0,44.75,63.125,False,43.30586111111111,2024-08-06 12:00:00,45.67391666666666,64.34468053678658,False
2024-08-06 07:00:00,42.0,43.75,63.125,False,43.03494444444445,2024-08-06 13:00:00,44.732256944444444,64.34468053678658,False
2024-08-06 08:00:00,42.0,42.75,63.125,False,43.04519444444444,2024-08-06 14:00:00,43.835934027777775,64.34468053678658,False
2024-08-06 09:00:00,42.0,41.875,63.125,False,42.70652777777777,2024-08-06 15:00:00,42.967840277777775,64.34468053678658,False
2024-08-06 10:00:00,52.0,43.0,63.125,False,47.72601083462805,2024-08-06 16:00:00,43.20412288210628,64.34468053678658,False
2024-08-06 11:00:00,59.0,45.75,63.125,False,57.68541362745207,2024-08-06 17:00:00,45.48902180776001,64.34468053678658,False
2024-08-06 12:00:00,55.0,47.125,63.125,False,59.06794444444445,2024-08-06 18:00:00,47.58494889109334,64.34468053678658,False
2024-08-06 13:00:00,58.0,49.0,63.125,False,56.92111111111111,2024-08-06 19:00:00,49.186625974426676,64.34468053678658,False
2024-08-06 14:00:00,64.0,51.75,63.125,False,62.00419444444445,2024-08-06 20:00:00,51.52391764109334,64.34468053678658,False
2024-08-06 15:00:00,71.0,55.375,63.125,False,68.81947222222222,2024-08-06 21:00:00,54.746983613315564,64.34468053678658,False
2024-08-06 16:00:00,75.0,59.5,63.125,False,77.06319444444445,2024-08-06 22:00:00,58.99923361331557,64.34468053678658,False
2024-08-06 17:00:00,65.0,62.375,63.125,False,72.34119444444444,2024-08-06 23:00:00,62.703566946648905,64.34468053678658,False
2024-08-06 18:00:00,58.0,63.125,63.125,False,60.85491955572952,2024-08-07 00:00:00,64.34468053678658,64.34468053678658,False
2024-08-06 19:00:00,53.0,62.375,63.125,False,57.4,2024-08-07 01:00:00,64.30900383335508,64.34468053678658,False
2024-08-06 20:00:00,41.0,60.625,63.125,False,48.95413888888889,2024-08-07 02:00:00,63.04477813891063,64.34468053678658,False
2024-08-06 21:00:00,43.0,58.75,63.125,False,43.30175,2024-08-07 03:00:00,61.34235800002174,64.34468053678658,False
2024-08-06 22:00:00,45.0,56.375,63.125,False,45.909666666666666,2024-08-07 04:00:00,59.33054202779952,64.34468053678658,False
2024-08-06 23:00:00,41.0,52.625,63.125,False,44.85288888888888,2024-08-07 05:00:00,56.334719111132856,64.34468053678658,False
2024-08-07 00:00:00,39.0,48.125,64.125,False,41.17386111111112,2024-08-07 06:00:00,51.848552444466186,66.31297612140499,False
2024-08-07 01:00:00,34.0,44.25,64.125,False,38.39816666666666,2024-08-07 07:00:00,47.60567397224396,66.31297612140499,False
2024-08-07 02:00:00,31.0,40.875,64.125,False,34.61427777777778,2024-08-07 08:00:00,44.325593749999996,66.31297612140499,False
2024-08-07 03:00:00,36.0,38.75,64.125,False,36.66997222222222,2024-08-07 09:00:00,41.73434027777777,66.31297612140499,False
2024-08-07 04:00:00,30.0,37.375,64.125,False,33.834694444444445,2024-08-07 10:00:00,39.844409722222224,66.31297612140499,False
2024-08-07 05:00:00,,36.57142857142857,64.125,False,30.19147222222222,2024-08-07 11:00:00,38.205625,66.31297612140499,False
2024-08-07 06:00:00,25.0,33.714285714285715,64.125,False,27.577305555555554,2024-08-07 12:00:00,35.914079861111105,66.31297612140499,False
2024-08-07 07:00:00,25.0,31.428571428571427,64.125,False,27.060583333333334,2024-08-07 13:00:00,33.690041666666666,66.31297612140499,False
2024-08-07 08:00:00,25.0,29.428571428571427,64.125,False,23.330694444444443,2024-08-07 14:00:00,31.459645833333326,66.31297612140499,False
2024-08-07 09:00:00,36.0,29.714285714285715,64.125,False,33.3265,2024-08-07 15:00:00,30.825687499999997,66.31297612140499,False
2024-08-07 10:00:00,53.0,32.857142857142854,64.125,False,46.06802777777777,2024-08-07 16:00:00,32.257406249999995,66.31297612140499,False
2024-08-07 11:00:00,61.0,36.42857142857143,64.125,False,59.5465,2024-08-07 17:00:00,35.116972222222216,66.31297612140499,False
2024-08-07 12:00:00,70.0,42.142857142857146,64.125,False,68.20444444444443,2024-08-07 18:00:00,39.41319097222222,66.31297612140499,False
2024-08-07 13:00:00,72.0,45.875,64.125,False,73.75719448050997,2024-08-07 19:00:00,44.858906254508184,66.31297612140499,False
2024-08-07 14:00:00,73.0,51.875,64.125,False,75.9328027609227,2024-08-07 20:00:00,50.90334340517908,66.31297612140499,False
2024-08-07 15:00:00,65.0,56.875,64.125,False,69.16540376864724,2024-08-07 21:00:00,56.16644595959332,66.31297612140499,False
2024-08-07 16:00:00,60.0,61.25,64.125,False,64.57375005979213,2024-08-07 22:00:00,61.321827911511775,66.31297612140499,False
2024-08-07 17:00:00,58.0,64.0,64.125,False,61.87702777777778,2024-08-07 23:00:00,64.890643883734,66.31297612140499,False
2024-08-07 18:00:00,54.0,64.125,64.125,False,57.44668567914568,2024-08-08 00:00:00,66.31297612140499,66.31297612140499,False
2024-08-07 19:00:00,52.0,63.0,64.125,False,56.89377777777778,2024-08-08 01:00:00,65.98138584362721,66.31297612140499,False
2024-08-07 20:00:00,44.0,59.75,64.125,False,50.43777777777778,2024-08-08 02:00:00,63.76055251029388,66.31297612140499,False
2024-08-07 21:00:00,44.0,56.25,64.125,False,45.737,2024-08-08 03:00:00,60.25802820023013,66.31297612140499,False
2024-08-07 22:00:00,46.0,52.875,64.125,False,47.32447222222222,2024-08-08 04:00:00,56.68198688289257,66.31297612140499,False
2024-08-07 23:00:00,47.0,50.625,64.125,False,50.43519444444444,2024-08-08 05:00:00,54.34071071736722,66.31297612140499,False
2024-08-08 00:00:00,38.0,47.875,71.25,True,46.78233333333333,2024-08-08 06:00:00,52.11678362655988,76.0067215217279,True
2024-08-08 01:00:00,29.0,44.25,71.25,True,37.044777777777774,2024-08-08 07:00:00,49.012752376559874,76.0067215217279,True
2024-08-08 02:00:00,31.0,41.375,71.25,True,38.45683333333333,2024-08-08 08:00:00,46.639020833333326,76.0067215217279,True
2024-08-08 03:00:00,25.0,38.0,71.25,True,33.35897222222222,2024-08-08 09:00:00,43.697170138888886,76.0067215217279,True
2024-08-08 04:00:00,20.0,35.0,71.25,True,27.99027777777778,2024-08-08 10:00:00,40.89123263888889,76.0067215217279,True
2024-08-08 05:00:00,22.0,32.25,71.25,True,26.258166666666668,2024-08-08 11:00:00,38.45637847222221,76.0067215217279,True
2024-08-08 06:00:00,18.0,28.75,71.25,True,27.11302777777778,2024-08-08 12:00:00,35.92994791666666,76.0067215217279,True
2024-08-08 07:00:00,11.0,24.25,71.25,True,19.847472222222223,2024-08-08 13:00:00,32.106482638888885,76.0067215217279,True
2024-08-08 08:00:00,13.0,21.125,71.25,True,17.599777777777778,2024-08-08 14:00:00,28.45866319444444,76.0067215217279,True
2024-08-08 09:00:00,34.0,21.75,71.25,True,30.77938888888889,2024-08-08 15:00:00,27.67548958333333,76.0067215217279,True
2024-08-08 10:00:00,51.0,24.25,71.25,True,49.05169444444444,2024-08-08 16:00:00,28.99984722222222,76.0067215217279,True
2024-08-08 11:00:00,54.0,27.875,71.25,True,58.27594444444445,2024-08-08 17:00:00,32.11446875,76.0067215217279,True
2024-08-08 12:00:00,67.0,33.75,71.25,True,66.39955555555555,2024-08-08 18:00:00,36.915628472222224,76.0067215217279,True
2024-08-08 13:00:00,73.0,40.125,71.25,True,75.49758722211118,2024-08-08 19:00:00,43.07055604165278,76.0067215217279,True
2024-08-08 14:00:00,85.0,48.5,71.25,True,84.44787746392872,2024-08-08 20:00:00,50.23741225242165,76.0067215217279,True
2024-08-08 15:00:00,82.0,57.375,71.25,True,91.73897222222222,2024-08-08 21:00:00,59.22384975242164,76.0067215217279,True
2024-08-08 16:00:00,71.0,64.625,71.25,True,80.17722222222223,2024-08-08 22:00:00,67.0460303079772,76.0067215217279,True
2024-08-08 17:00:00,66.0,68.625,71.25,True,71.71077777777778,2024-08-08 23:00:00,72.1624539190883,76.0067215217279,True
2024-08-08 18:00:00,65.0,70.375,71.25,True,69.41483526556107,2024-08-09 00:00:00,74.7078465217279,76.0067215217279,True
2024-08-08 19:00:00,61.0,71.25,71.25,True,68.66694444444444,2024-08-09 01:00:00,76.0067215217279,76.0067215217279,True
2024-08-08 20:00:00,52.0,69.375,71.25,True,62.07575,2024-08-09 02:00:00,75.46624582728344,76.0067215217279,True
2024-08-08 21:00:00,47.0,66.125,71.25,True,52.74538888888889,2024-08-09 03:00:00,72.62222103563066,76.0067215217279,True
2024-08-08 22:00:00,46.0,61.25,71.25,True,51.31775,2024-08-09 04:00:00,68.48095510263957,76.0067215217279,True
2024-08-08 23:00:00,43.0,56.375,71.25,True,48.00083333333334,2024-08-09 05:00:00,63.013687741528464,76.0067215217279,True
2024-08-09 00:00:00,42.0,52.75,52.75,False,45.13297222222222,2024-08-09 06:00:00,58.63315649152847,58.63315649152847,False
2024-08-09 01:00:00,44.0,50.0,52.75,False,47.53755555555556,2024-08-09 07:00:00,55.61150371375068,58.63315649152847,False
2024-08-09 02:00:00,43.0,47.25,52.75,False,46.661722222222224,2024-08-09 08:00:00,52.76736458333333,58.63315649152847,False
2024-08-09 03:00:00,44.0,45.125,52.75,False,47.48661111111111,2024-08-09 09:00:00,50.119822916666664,58.63315649152847,False
2024-08-09 04:00:00,37.0,43.25,52.75,False,43.45975,2024-08-09 10:00:00,47.792822916666665,58.63315649152847,False
2024-08-09 05:00:00,32.0,41.375,52.75,False,38.05725,2024-08-09 11:00:00,45.956805555555555,58.63315649152847,False
2024-08-09 06:00:00,36.0,40.125,52.75,False,38.0215,2024-08-09 12:00:00,44.294774305555556,58.63315649152847,False
2024-08-09 07:00:00,28.0,38.25,52.75,False,36.28066666666667,2024-08-09 13:00:00,42.82975347222222,58.63315649152847,False
2024-08-09 08:00:00,34.0,37.25,52.75,False,33.719138888888885,2024-08-09 14:00:00,41.403024305555554,58.63315649152847,False
2024-08-09 09:00:00,38.0,36.5,52.75,False,37.05027777777778,2024-08-09 15:00:00,40.09211458333333,58.63315649152847,False
2024-08-09 10:00:00,45.0,36.75,52.75,False,43.78586111111111,2024-08-09 16:00:00,39.732631944444435,58.63315649152847,False
2024-08-09 11:00:00,51.0,37.625,52.75,False,50.18408333333333,2024-08-09 17:00:00,40.06981597222222,58.63315649152847,False
2024-08-09 12:00:00,54.0,39.75,52.75,False,53.811638888888886,2024-08-09 18:00:00,41.363802083333326,58.63315649152847,False
2024-08-09 13:00:00,57.0,42.875,52.75,False,56.95305555555556,2024-08-09 19:00:00,43.72577777777778,58.63315649152847,False
2024-08-09 14:00:00,57.0,45.5,52.75,False,58.759,2024-08-09 20:00:00,46.31796527777777,58.63315649152847,False
2024-08-09 15:00:00,48.0,48.0,52.75,False,54.69201449543267,2024-08-09 21:00:00,48.61938375637353,58.63315649152847,False
2024-08-09 16:00:00,43.0,49.125,52.75,False,43.42332829586277,2024-08-09 22:00:00,49.83240743224526,58.63315649152847,False
2024-08-09 17:00:00,43.0,49.75,52.75,False,43.73427777777778,2024-08-09 23:00:00,50.66790743224526,58.63315649152847,False
2024-08-09 18:00:00,41.0,49.25,52.75,False,44.280758990580885,2024-08-10 00:00:00,50.72976966717898,58.63315649152847,False
2024-08-09 19:00:00,42.0,48.125,52.75,False,42.65266666666666,2024-08-10 01:00:00,49.78834258384565,58.63315649152847,False
2024-08-09 20:00:00,44.0,46.875,52.75,False,43.83347222222222,2024-08-10 02:00:00,48.541071750512316,58.63315649152847,False
2024-08-09 21:00:00,44.0,45.25,52.75,False,44.41122222222222,2024-08-10 03:00:00,46.97334258384565,58.63315649152847,False
2024-08-09 22:00:00,43.0,43.5,52.75,False,43.63858333333334,2024-08-10 04:00:00,45.08329050051231,58.63315649152847,False
2024-08-09 23:00:00,43.0,42.875,52.75,False,43.732388888888885,2024-08-10 05:00:00,43.713337299694345,58.63315649152847,False
2024-08-10 00:00:00,40.0,42.5,49.875,False,41.50536111111112,2024-08-10 06:00:00,43.47359140160038,51.37619265199195,False
2024-08-10 01:00:00,42.0,42.375,49.875,False,41.79355555555556,2024-08-10 07:00:00,43.2310011238226,51.37619265199195,False
2024-08-10 02:00:00,35.0,41.625,49.875,False,40.16569444444444,2024-08-10 08:00:00,42.71661805555555,51.37619265199195,False
2024-08-10 03:00:00,38.0,41.125,49.875,False,36.523833333333336,2024-08-10 09:00:00,41.950513888888885,51.37619265199195,False
2024-08-10 04:00:00,38.0,40.375,49.875,False,38.94444444444444,2024-08-10 10:00:00,41.33938541666666,51.37619265199195,False
2024-08-10 05:00:00,38.0,39.625,49.875,False,39.580194444444444,2024-08-10 11:00:00,40.735506944444445,51.37619265199195,False
2024-08-10 06:00:00,38.0,39.0,49.875,False,39.5645,2024-08-10 12:00:00,40.226246527777775,51.37619265199195,False
2024-08-10 07:00:00,37.0,38.25,49.875,False,37.961055555555554,2024-08-10 13:00:00,39.504829861111105,51.37619265199195,False
2024-08-10 08:00:00,37.0,37.875,49.875,False,37.52475,2024-08-10 14:00:00,39.00725347222222,51.37619265199195,False
2024-08-10 09:00:00,40.0,37.625,49.875,False,39.29875385653496,2024-08-10 15:00:00,38.69540325984464,51.37619265199195,False
2024-08-10 10:00:00,47.0,39.125,49.875,False,45.205373175210006,2024-08-10 16:00:00,39.325363101190334,51.37619265199195,False
2024-08-10 11:00:00,53.0,41.0,49.875,False,52.12583333333334,2024-08-10 17:00:00,41.275613101190345,51.37619265199195,False
2024-08-10 12:00:00,53.0,42.875,49.875,False,54.807,2024-08-10 18:00:00,43.25843254563478,51.37619265199195,False
2024-08-10 13:00:00,52.0,44.625,49.875,False,54.05975,2024-08-10 19:00:00,45.06837699007923,51.37619265199195,False
2024-08-10 14:00:00,46.0,45.625,49.875,False,50.57105555555555,2024-08-10 20:00:00,46.444196434523676,51.37619265199195,False
2024-08-10 15:00:00,48.0,47.0,49.875,False,47.88877777777778,2024-08-10 21:00:00,47.68516171230145,51.37619265199195,False
2024-08-10 16:00:00,50.0,48.625,49.875,False,50.66719444444445,2024-08-10 22:00:00,49.32796726785701,51.37619265199195,False
2024-08-10 17:00:00,49.0,49.75,49.875,False,51.18602777777778,2024-08-10 23:00:00,50.81387650801236,51.37619265199195,False
2024-08-10 18:00:00,48.0,49.875,49.875,False,49.70390232704671,2024-08-11 00:00:00,51.37619265199195,51.37619265199195,False
2024-08-10 19:00:00,46.0,49.0,49.875,False,49.16469444444444,2024-08-11 01:00:00,51.006050290880836,51.37619265199195,False
2024-08-10 20:00:00,39.0,47.25,49.875,False,44.51291666666667,2024-08-11 02:00:00,49.71928987421417,51.37619265199195,False
2024-08-10 21:00:00,36.0,45.25,49.875,False,38.71044444444444,2024-08-11 03:00:00,47.80062667976972,51.37619265199195,False
2024-08-10 22:00:00,38.0,44.25,49.875,False,38.288,2024-08-11 04:00:00,46.26524473532528,51.37619265199195,False
2024-08-10 23:00:00,37.0,42.875,49.875,False,39.821527777777774,2024-08-11 05:00:00,45.256838485325275,51.37619265199195,False
2024-08-11 00:00:00,36.0,41.125,53.625,False,38.02325,2024-08-11 06:00:00,43.676345429769725,55.41903226114894,False
2024-08-11 01:00:00,21.0,37.625,53.625,False,29.408916666666663,2024-08-11 07:00:00,40.95420654088083,55.41903226114894,False
2024-08-11 02:00:00,30.0,35.375,53.625,False,25.918666666666663,2024-08-11 08:00:00,37.98105208333333,55.41903226114894,False
2024-08-11 03:00:00,30.0,33.375,53.625,False,32.21802777777778,2024-08-11 09:00:00,35.86271875,55.41903226114894,False
2024-08-11 04:00:00,29.0,32.125,53.625,False,31.481472222222223,2024-08-11 10:00:00,34.233788194444436,55.41903226114894,False
2024-08-11 05:00:00,29.0,31.25,53.625,False,31.247055555555555,2024-08-11 11:00:00,33.30086458333333,55.41903226114894,False
2024-08-11 06:00:00,30.0,30.25,53.625,False,31.67680555555556,2024-08-11 12:00:00,32.474465277777774,55.41903226114894,False
2024-08-11 07:00:00,24.0,28.625,53.625,False,28.70819444444444,2024-08-11 13:00:00,31.08529861111111,55.41903226114894,False
2024-08-11 08:00:00,23.0,27.0,53.625,False,24.033944444444444,2024-08-11 14:00:00,29.336635416666663,55.41903226114894,False
2024-08-11 09:00:00,35.0,28.75,53.625,False,30.45927707008773,2024-08-11 15:00:00,29.467930467094295,55.41903226114894,False
2024-08-11 10:00:00,42.0,30.25,53.625,False,40.44926487945456,2024-08-11 16:00:00,31.284255243692783,55.41903226114894,False
2024-08-11 11:00:00,48.0,32.5,53.625,False,47.118944444444445,2024-08-11 17:00:00,33.146869827026116,55.41903226114894,False
2024-08-11 12:00:00,51.0,35.25,53.625,False,51.07352777777778,2024-08-11 18:00:00,35.59587677147056,55.41903226114894,False
2024-08-11 13:00:00,54.0,38.375,53.625,False,54.349222222222224,2024-08-11 19:00:00,38.48364760480389,55.41903226114894,False
2024-08-11 14:00:00,55.0,41.5,53.625,False,58.07413888888889,2024-08-11 20:00:00,41.78331427147056,55.41903226114894,False
2024-08-11 15:00:00,52.0,45.0,53.625,False,54.90961111111111,2024-08-11 21:00:00,45.0584913548039,55.41903226114894,False
2024-08-11 16:00:00,52.0,48.625,53.625,False,53.93536111111111,2024-08-11 22:00:00,48.79616843813723,55.41903226114894,False
2024-08-11 17:00:00,55.0,51.125,53.625,False,55.087,2024-08-11 23:00:00,51.87463380437626,55.41903226114894,False
2024-08-11 18:00:00,56.0,52.875,53.625,False,58.38861920030266,2024-08-12 00:00:00,54.11705309448227,55.41903226114894,False
2024-08-11 19:00:00,54.0,53.625,53.625,False,57.53477777777778,2024-08-12 01:00:00,55.41903226114894,55.41903226114894,False
2024-08-11 20:00:00,43.0,52.625,53.625,False,50.57216666666667,2024-08-12 02:00:00,55.35636212226005,55.41903226114894,False
2024-08-11 21:00:00,42.0,51.125,53.625,False,43.83994444444444,2024-08-12 03:00:00,54.042702400037825,55.41903226114894,False
2024-08-11 22:00:00,40.0,49.25,53.625,False,41.25877777777778,2024-08-12 04:00:00,51.94078226114894,55.41903226114894,False
2024-08-11 23:00:00,37.0,47.375,53.625,False,38.22486111111111,2024-08-12 05:00:00,49.85518851114894,55.41903226114894,False
2024-08-12 00:00:00,37.0,45.5,45.5,False,37.80119444444445,2024-08-12 06:00:00,47.838417677815606,47.838417677815606,False
2024-08-12 01:00:00,36.0,43.125,45.5,False,36.92288888888889,2024-08-12 07:00:00,45.567903788926714,47.838417677815606,False
2024-08-12 02:00:00,42.0,41.375,45.5,False,38.22408333333333,2024-08-12 08:00:00,43.04733680555555,47.838417677815606,False
2024-08-12 03:00:00,35.0,39.0,45.5,False,38.81841666666666,2024-08-12 09:00:00,40.707791666666665,47.838417677815606,False
2024-08-12 04:00:00,37.0,38.25,45.5,False,36.35516666666667,2024-08-12 10:00:00,38.93066666666666,47.838417677815606,False
2024-08-12 05:00:00,36.0,37.5,45.5,False,37.570277777777775,2024-08-12 11:00:00,38.14695833333333,47.838417677815606,False
2024-08-12 06:00:00,31.0,36.375,45.5,False,33.59927777777778,2024-08-12 12:00:00,37.18952083333333,47.838417677815606,False
2024-08-12 07:00:00,31.0,35.625,45.5,False,31.69005555555556,2024-08-12 13:00:00,36.372670138888886,47.838417677815606,False
2024-08-12 08:00:00,31.0,34.875,45.5,False,31.23136111111111,2024-08-12 14:00:00,35.55144097222222,47.838417677815606,False
2024-08-12 09:00:00,33.0,34.5,45.5,False,32.70235364445339,2024-08-12 15:00:00,35.02387406666778,47.838417677815606,False
2024-08-12 10:00:00,36.0,33.75,45.5,False,36.28521645155761,2024-08-12 16:00:00,34.781515706445816,47.838417677815606,False
2024-08-12 11:00:00,40.0,34.375,45.5,False,40.419694444444445,2024-08-12 17:00:00,34.98167542866804,47.838417677815606,False
2024-08-12 12:00:00,44.0,35.25,45.5,False,43.614333333333335,2024-08-12 18:00:00,35.88907126200137,47.838417677815606,False
2024-08-12 13:00:00,44.0,36.25,45.5,False,45.36427777777778,2024-08-12 19:00:00,36.86332126200137,47.838417677815606,False
2024-08-12 14:00:00,41.0,37.5,45.5,False,44.01663888888889,2024-08-12 20:00:00,38.16549140089026,47.838417677815606,False
2024-08-12 15:00:00,32.0,37.625,45.5,False,38.70622222222222,2024-08-12 21:00:00,39.042512234223594,47.838417677815606,False
2024-08-12 16:00:00,23.0,36.625,45.5,False,26.06233333333333,2024-08-12 22:00:00,38.39638376200138,47.838417677815606,False
2024-08-12 17:00:00,26.0,35.75,45.5,False,25.80088888888889,2024-08-12 23:00:00,37.533700667555806,47.838417677815606,False
2024-08-12 18:00:00,26.0,34.5,45.5,False,26.88677140932517,2024-08-13 00:00:00,36.35889503727675,47.838417677815606,False
2024-08-12 19:00:00,21.0,32.125,45.5,False,23.78772222222222,2024-08-13 01:00:00,34.27989850949898,47.838417677815606,False
2024-08-12 20:00:00,24.0,29.625,45.5,False,23.128805555555555,2024-08-13 02:00:00,31.719207537276752,47.838417677815606,False
2024-08-12 21:00:00,17.0,26.25,45.5,False,22.196166666666667,2024-08-13 03:00:00,28.823193648387864,47.838417677815606,False
2024-08-12 22:00:00,17.0,23.25,45.5,False,16.00497222222222,2024-08-13 04:00:00,25.32173531505453,47.838417677815606,False
2024-08-12 23:00:00,28.0,22.75,45.5,False,23.45911111111111,2024-08-13 05:00:00,23.415846426165643,47.838417677815606,False
2024-08-13 00:00:00,30.0,23.625,44.5,False,31.121805555555557,2024-08-13 06:00:00,24.04828045394342,44.737114849119514,False
2024-08-13 01:00:00,29.0,24.0,44.5,False,29.86383333333333,2024-08-13 07:00:00,24.556148509498975,44.737114849119514,False
2024-08-13 02:00:00,32.0,24.75,44.5,False,29.47508333333333,2024-08-13 08:00:00,24.879687499999996,44.737114849119514,False
2024-08-13 03:00:00,32.0,26.125,44.5,False,32.53208333333333,2024-08-13 09:00:00,25.972732638888886,44.737114849119514,False
2024-08-13 04:00:00,27.0,26.5,44.5,False,29.81486111111111,2024-08-13 10:00:00,26.80848958333333,44.737114849119514,False
2024-08-13 05:00:00,27.0,27.75,44.5,False,27.792416666666668,2024-08-13 11:00:00,27.50802083333333,44.737114849119514,False
2024-08-13 06:00:00,28.0,29.125,44.5,False,27.58355555555556,2024-08-13 12:00:00,28.955343749999997,44.737114849119514,False
2024-08-13 07:00:00,23.0,28.5,44.5,False,26.92877777777778,2024-08-13 13:00:00,29.38905208333333,44.737114849119514,False
2024-08-13 08:00:00,22.0,27.5,44.5,False,22.64263888888889,2024-08-13 14:00:00,28.329156249999997,44.737114849119514,False
2024-08-13 09:00:00,24.0,26.875,44.5,False,23.69013888888889,2024-08-13 15:00:00,27.557444444444442,44.737114849119514,False
2024-08-13 10:00:00,30.0,26.625,44.5,False,27.584388778738912,2024-08-13 16:00:00,27.32110762512014,44.737114849119514,False
2024-08-13 11:00:00,36.0,27.125,44.5,False,33.57037085044665,2024-08-13 17:00:00,27.450893564759305,44.737114849119514,False
2024-08-13 12:00:00,40.0,28.75,44.5,False,38.37072222222222,2024-08-13 18:00:00,28.52037620364819,44.737114849119514,False
2024-08-13 13:00:00,43.0,30.75,44.5,False,41.72536111111111,2024-08-13 19:00:00,30.261994259203746,44.737114849119514,False
2024-08-13 14:00:00,44.0,32.75,44.5,False,43.36997222222222,2024-08-13 20:00:00,32.23529634253708,44.737114849119514,False
2024-08-13 15:00:00,46.0,35.625,44.5,False,45.48902777777778,2024-08-13 21:00:00,34.55532759253708,44.737114849119514,False
2024-08-13 16:00:00,47.0,38.75,44.5,False,47.38975000000001,2024-08-13 22:00:00,37.64871648142597,44.737114849119514,False
2024-08-13 17:00:00,47.0,41.625,44.5,False,47.89355555555555,2024-08-13 23:00:00,40.674143564759305,44.737114849119514,False
2024-08-13 18:00:00,46.0,43.625,44.5,False,46.6378910151784,2024-08-14 00:00:00,43.055831344314235,44.737114849119514,False
2024-08-13 19:00:00,43.0,44.5,44.5,False,44.92305555555556,2024-08-14 01:00:00,44.47491693245285,44.737114849119514,False
2024-08-13 20:00:00,39.0,44.375,44.5,False,40.46830555555555,2024-08-14 02:00:00,44.737114849119514,44.737114849119514,False
2024-08-13 21:00:00,37.0,43.625,44.5,False,39.034444444444446,2024-08-14 03:00:00,44.400750265786186,44.737114849119514,False
2024-08-13 22:00:00,39.0,43.0,44.5,False,37.32972222222222,2024-08-14 04:00:00,43.645719015786185,44.737114849119514,False
2024-08-13 23:00:00,39.0,42.125,44.5,False,38.68816666666667,2024-08-14 05:00:00,42.7956113768973,44.737114849119514,False
2024-08-14 00:00:00,38.0,41.0,51.125,False,38.66563888888889,2024-08-14 06:00:00,41.705097488008406,51.63558313555056,False
2024-08-14 01:00:00,37.0,39.75,51.125,False,37.24380555555556,2024-08-14 07:00:00,40.37387873800841,51.63558313555056,False
2024-08-14 02:00:00,31.0,37.875,51.125,False,36.59063888888889,2024-08-14 08:00:00,39.11797222222222,51.63558313555056,False
2024-08-14 03:00:00,34.0,36.75,51.125,False,34.98055555555556,2024-08-14 09:00:00,37.87515972222222,51.63558313555056,False
2024-08-14 04:00:00,33.0,36.0,51.125,False,33.67205555555555,2024-08-14 10:00:00,37.025628472222216,51.63558313555056,False
2024-08-14 05:00:00,,35.857142857142854,51.125,False,32.54105555555556,2024-08-14 11:00:00,36.21395486111111,51.63558313555056,False
2024-08-14 06:00:00,27.0,34.142857142857146,51.125,False,30.63283333333333,2024-08-14 12:00:00,35.37684375,51.63558313555056,False
2024-08-14 07:00:00,26.0,32.285714285714285,51.125,False,25.235,2024-08-14 13:00:00,33.695197916666665,51.63558313555056,False
2024-08-14 08:00:00,20.0,29.714285714285715,51.125,False,21.66030555555556,2024-08-14 14:00:00,31.569531249999997,51.63558313555056,False
2024-08-14 09:00:00,29.0,28.571428571428573,51.125,False,25.87400729993877,2024-08-14 15:00:00,30.1483064680479,51.63558313555056,False
2024-08-14 10:00:00,32.0,28.714285714285715,51.125,False,30.94971742682721,2024-08-14 16:00:00,29.44319128529019,51.63558313555056,False
2024-08-14 11:00:00,39.0,29.428571428571427,51.125,False,35.98002777777778,2024-08-14 17:00:00,29.568125313067966,51.63558313555056,False
2024-08-14 12:00:00,46.0,31.285714285714285,51.125,False,42.73708333333333,2024-08-14 18:00:00,30.701253785290188,51.63558313555056,False
2024-08-14 13:00:00,34.0,31.625,51.125,False,41.82936111111111,2024-08-14 19:00:00,31.862291979734636,51.63558313555056,False
2024-08-14 14:00:00,38.0,33.0,51.125,False,35.008972222222226,2024-08-14 20:00:00,32.409309340845745,51.63558313555056,False
2024-08-14 15:00:00,49.0,35.875,51.125,False,43.74341666666667,2024-08-14 21:00:00,34.72286142417908,51.63558313555056,False
2024-08-14 16:00:00,55.0,40.25,51.125,False,52.37705555555556,2024-08-14 22:00:00,38.56245517417908,51.63558313555056,False
2024-08-14 17:00:00,59.0,44.0,51.125,False,57.96197222222222,2024-08-14 23:00:00,42.57345078946451,51.63558313555056,False
2024-08-14 18:00:00,60.0,47.5,51.125,False,61.87274841773785,2024-08-15 00:00:00,46.438829663328335,51.63558313555056,False
2024-08-14 19:00:00,57.0,49.75,51.125,False,60.21705555555556,2024-08-15 01:00:00,49.46845813555056,51.63558313555056,False
2024-08-14 20:00:00,42.0,49.25,51.125,False,50.54766666666667,2024-08-15 02:00:00,50.44478105221723,51.63558313555056,False
2024-08-14 21:00:00,43.0,50.375,51.125,False,42.511,2024-08-15 03:00:00,50.529985913328346,51.63558313555056,False
2024-08-14 22:00:00,44.0,51.125,51.125,False,43.85375,2024-08-15 04:00:00,51.63558313555056,51.63558313555056,False
2024-08-14 23:00:00,40.0,50.0,51.125,False,42.37636111111111,2024-08-15 05:00:00,51.464701191106116,51.63558313555056,False
2024-08-15 00:00:00,43.0,48.5,48.5,False,41.7725,2024-08-15 06:00:00,50.139131746661675,50.139131746661675,False
2024-08-15 01:00:00,41.0,46.25,48.5,False,41.618027777777776,2024-08-15 07:00:00,48.09613869110612,50.139131746661675,False
2024-08-15 02:00:00,32.0,42.75,48.5,False,38.51205555555556,2024-08-15 08:00:00,45.17605208333333,50.139131746661675,False
2024-08-15 03:00:00,37.0,40.25,48.5,False,37.09591666666667,2024-08-15 09:00:00,42.28590972222222,50.139131746661675,False
2024-08-15 04:00:00,37.0,39.625,48.5,False,36.94441666666667,2024-08-15 10:00:00,40.58550347222222,50.139131746661675,False
2024-08-15 05:00:00,36.0,38.75,48.5,False,36.55957374382917,2024-08-15 11:00:00,39.841575190200864,50.139131746661675,False
2024-08-15 06:00:00,25.0,36.375,48.5,False,35.88513228419186,2024-08-15 12:00:00,38.845497975724854,50.139131746661675,False
2024-08-15 07:00:00,24.0,34.375,48.5,False,,2024-08-15 13:00:00,38.341088956383956,50.139131746661675,False
2024-08-15 08:00:00,28.0,32.5,48.5,False,,2024-08-15 14:00:00,37.769187115781286,50.139131746661675,False
2024-08-15 09:00:00,34.0,31.625,48.5,False,35.80625,2024-08-15 15:00:00,36.800557486151654,50.139131746661675,False
2024-08-15 10:00:00,39.0,32.5,48.5,False,36.67295415982209,2024-08-15 16:00:00,36.494040586862745,50.139131746661675,False
2024-08-15 11:00:00,43.0,33.25,48.5,False,41.08746786230822,2024-08-15 17:00:00,37.159299119469665,50.139131746661675,False
2024-08-15 12:00:00,45.0,34.25,48.5,False,43.05513888888889,2024-08-15 18:00:00,38.17775282317337,50.139131746661675,False
2024-08-15 13:00:00,49.0,35.875,48.5,False,46.35755555555556,2024-08-15 19:00:00,39.81074979179443,50.139131746661675,False
2024-08-15 14:00:00,50.0,39.0,48.5,False,48.120527777777774,2024-08-15 20:00:00,41.84998237405875,50.139131746661675,False
2024-08-15 15:00:00,48.0,42.0,48.5,False,48.033027777777775,2024-08-15 21:00:00,42.73327457459004,50.139131746661675,False
2024-08-15 16:00:00,46.0,44.25,48.5,False,45.26936111111112,2024-08-15 22:00:00,43.05028539165517,50.139131746661675,False
2024-08-15 17:00:00,47.0,45.875,48.5,False,45.68813888888889,2024-08-15 23:00:00,44.28552150276629,50.139131746661675,False
2024-08-15 18:00:00,46.0,46.75,48.5,False,45.47009382694578,2024-08-16 00:00:00,45.38516396115675,50.139131746661675,False
2024-08-15 19:00:00,44.0,46.875,48.5,False,43.78033333333334,2024-08-16 01:00:00,45.72177214503488,50.139131746661675,False
2024-08-15 20:00:00,30.0,45.0,48.5,False,37.41461111111111,2024-08-16 02:00:00,45.01670617281266,50.139131746661675,False
2024-08-15 21:00:00,29.0,42.5,48.5,False,28.283694444444446,2024-08-16 03:00:00,42.75747353392377,50.139131746661675,False
2024-08-15 22:00:00,23.0,39.125,48.5,False,25.55161111111111,2024-08-16 04:00:00,39.936358950590446,50.139131746661675,False
2024-08-15 23:00:00,27.0,36.5,48.5,False,26.120472222222222,2024-08-16 05:00:00,37.197289506146,50.139131746661675,False
2024-08-16 00:00:00,26.0,34.0,51.0,False,28.15233333333333,2024-08-16 06:00:00,35.05766103392377,49.87322653757242,False
2024-08-16 01:00:00,31.0,32.0,51.0,False,28.794722222222223,2024-08-16 07:00:00,32.94598395059044,49.87322653757242,False
2024-08-16 02:00:00,21.0,28.875,51.0,False,25.66497222222222,2024-08-16 08:00:00,30.470343749999998,49.87322653757242,False
2024-08-16 03:00:00,25.0,26.5,51.0,False,25.35972222222222,2024-08-16 09:00:00,28.167767361111107,49.87322653757242,False
2024-08-16 04:00:00,26.0,26.0,51.0,False,25.651027777777777,2024-08-16 10:00:00,26.69731944444444,49.87322653757242,False
2024-08-16 05:00:00,28.0,25.875,51.0,False,28.860694444444444,2024-08-16 11:00:00,26.76944444444444,49.87322653757242,False
2024-08-16 06:00:00,22.0,25.75,51.0,False,24.95780555555556,2024-08-16 12:00:00,26.69521875,49.87322653757242,False
2024-08-16 07:00:00,20.0,24.875,51.0,False,22.07697222222222,2024-08-16 13:00:00,26.189781249999996,49.87322653757242,False
2024-08-16 08:00:00,29.0,25.25,51.0,False,24.96825,2024-08-16 14:00:00,25.79177083333333,49.87322653757242,False
2024-08-16 09:00:00,39.0,26.25,51.0,False,34.32844444444444,2024-08-16 15:00:00,26.48348611111111,49.87322653757242,False
2024-08-16 10:00:00,43.0,29.0,51.0,False,41.28075,2024-08-16 16:00:00,28.43545833333333,49.87322653757242,False
2024-08-16 11:00:00,49.0,32.0,51.0,False,44.72427777777777,2024-08-16 17:00:00,30.856027777777772,49.87322653757242,False
2024-08-16 12:00:00,52.0,35.25,51.0,False,50.25088888888889,2024-08-16 18:00:00,33.93101041666666,49.87322653757242,False
2024-08-16 13:00:00,52.0,38.25,51.0,False,51.06502777777778,2024-08-16 19:00:00,36.70655208333333,49.87322653757242,False
2024-08-16 14:00:00,51.0,41.875,51.0,False,50.4535,2024-08-16 20:00:00,39.89351388888888,49.87322653757242,False
2024-08-16 15:00:00,53.0,46.0,51.0,False,51.55311111111111,2024-08-16 21:00:00,43.578031249999995,49.87322653757242,False
2024-08-16 16:00:00,51.0,48.75,51.0,False,51.14966666666667,2024-08-16 22:00:00,46.85070833333333,49.87322653757242,False
2024-08-16 17:00:00,51.0,50.25,51.0,False,49.833888888888886,2024-08-16 23:00:00,48.78888888888888,49.87322653757242,False
2024-08-16 18:00:00,49.0,51.0,51.0,False,48.37953394797179,2024-08-17 00:00:00,49.67623688238536,49.87322653757242,False
2024-08-16 19:00:00,45.0,50.5,51.0,False,46.30019501927431,2024-08-17 01:00:00,49.87322653757242,49.87322653757242,False
2024-08-16 20:00:00,29.0,47.625,51.0,False,40.78923143959426,2024-08-17 02:00:00,48.6905193564106,49.87322653757242,False
2024-08-16 21:00:00,30.0,44.875,51.0,False,36.74723597830744,2024-08-17 03:00:00,46.900795381476804,49.87322653757242,False
2024-08-16 22:00:00,28.0,42.0,51.0,False,,2024-08-17 04:00:00,46.39326615025921,49.87322653757242,False
2024-08-16 23:00:00,28.0,38.875,51.0,False,,2024-08-17 05:00:00,45.53329199011722,49.87322653757242,False
2024-08-17 00:00:00,31.0,36.375,37.125,False,29.69883034764924,2024-08-17 06:00:00,41.958152603614316,41.958152603614316,False
2024-08-17 01:00:00,35.0,34.375,37.125,False,34.45984072612417,2024-08-17 07:00:00,39.39581124315353,41.958152603614316,False
2024-08-17 02:00:00,33.0,32.375,37.125,False,38.76577777777778,2024-08-17 08:00:00,37.7935185481212,41.958152603614316,False
2024-08-17 03:00:00,37.0,31.375,37.125,False,38.63163888888889,2024-08-17 09:00:00,36.51542585972363,41.958152603614316,False
2024-08-17 04:00:00,26.0,31.0,37.125,False,31.116472222222225,2024-08-17 10:00:00,34.903299323494956,41.958152603614316,False
2024-08-17 05:00:00,22.0,30.0,37.125,False,23.62708333333333,2024-08-17 11:00:00,32.71660721599927,41.958152603614316,False
2024-08-17 06:00:00,20.0,29.0,37.125,False,21.05616666666667,2024-08-17 12:00:00,31.05082999466604,41.958152603614316,False
2024-08-17 07:00:00,21.0,28.125,37.125,False,19.549527777777776,2024-08-17 13:00:00,29.613167217555006,41.958152603614316,False
2024-08-17 08:00:00,25.0,27.375,37.125,False,24.701027777777774,2024-08-17 14:00:00,28.988441896321074,41.958152603614316,False
2024-08-17 09:00:00,30.0,26.75,37.125,False,26.99633333333333,2024-08-17 15:00:00,28.05550347222222,41.958152603614316,False
2024-08-17 10:00:00,37.0,27.25,37.125,False,33.763083333333334,2024-08-17 16:00:00,27.43016666666666,41.958152603614316,False
2024-08-17 11:00:00,41.0,27.75,37.125,False,39.58038888888889,2024-08-17 17:00:00,27.54876041666666,41.958152603614316,False
2024-08-17 12:00:00,32.0,28.5,37.125,False,36.51286111111111,2024-08-17 18:00:00,28.223309027777773,41.958152603614316,False
2024-08-17 13:00:00,32.0,29.75,37.125,False,30.596888888888888,2024-08-17 19:00:00,29.094534722222217,41.958152603614316,False
2024-08-17 14:00:00,31.0,31.125,37.125,False,33.61638888888889,2024-08-17 20:00:00,30.664562499999995,41.958152603614316,False
2024-08-17 15:00:00,32.0,32.5,37.125,False,29.990916666666667,2024-08-17 21:00:00,31.969736111111107,41.958152603614316,False
2024-08-17 16:00:00,40.0,34.375,37.125,False,36.99361111111112,2024-08-17 22:00:00,33.506309027777775,41.958152603614316,False
2024-08-17 17:00:00,42.0,35.875,37.125,False,42.258277777777785,2024-08-17 23:00:00,35.41405208333333,41.958152603614316,False
2024-08-17 18:00:00,45.0,36.875,37.125,False,43.873808659310015,2024-08-18 00:00:00,36.677892749080414,41.958152603614316,False
2024-08-17 19:00:00,43.0,37.125,37.125,False,44.275666666666666,2024-08-18 01:00:00,37.26480247130264,41.958152603614316,False
2024-08-17 20:00:00,32.0,37.125,37.125,False,38.96308333333333,2024-08-18 02:00:00,37.57108024908042,41.958152603614316,False
2024-08-17 21:00:00,27.0,36.5,37.125,False,27.63025,2024-08-18 03:00:00,37.200250387969305,41.958152603614316,False
2024-08-17 22:00:00,23.0,35.5,37.125,False,26.23594444444445,2024-08-18 04:00:00,36.27769483241375,41.958152603614316,False
2024-08-17 23:00:00,36.0,36.0,37.125,False,27.897194444444445,2024-08-18 05:00:00,36.01597955463597,41.958152603614316,False
2024-08-18 00:00:00,37.0,35.625,43.75,False,38.94533333333333,2024-08-18 06:00:00,36.25994483241375,43.347904321659755,False
2024-08-18 01:00:00,33.0,34.5,43.75,False,34.84019444444445,2024-08-18 07:00:00,35.33268441574708,43.347904321659755,False
2024-08-18 02:00:00,28.0,32.375,43.75,False,32.11394444444444,2024-08-18 08:00:00,33.86270138888889,43.347904321659755,False
2024-08-18 03:00:00,32.0,31.0,43.75,False,33.805083333333336,2024-08-18 09:00:00,32.553878472222216,43.347904321659755,False
2024-08-18 04:00:00,29.0,30.625,43.75,False,32.20772222222222,2024-08-18 10:00:00,31.70945833333333,43.347904321659755,False
2024-08-18 05:00:00,30.0,31.0,43.75,False,28.387194444444443,2024-08-18 11:00:00,31.804076388888884,43.347904321659755,False
2024-08-18 06:00:00,30.0,31.875,43.75,False,32.41452777777778,2024-08-18 12:00:00,32.576399305555555,43.347904321659755,False
2024-08-18 07:00:00,26.0,30.625,43.75,False,27.736944444444443,2024-08-18 13:00:00,32.55636805555555,43.347904321659755,False
2024-08-18 08:00:00,35.0,30.375,43.75,False,30.87886111111111,2024-08-18 14:00:00,31.548059027777775,43.347904321659755,False
2024-08-18 09:00:00,41.0,31.375,43.75,False,37.266333333333336,2024-08-18 15:00:00,31.851326388888886,43.347904321659755,False
2024-08-18 10:00:00,43.0,33.25,43.75,False,41.63816666666666,2024-08-18 16:00:00,33.04185416666667,43.347904321659755,False
2024-08-18 11:00:00,47.0,35.125,43.75,False,44.44636111111111,2024-08-18 17:00:00,34.37201388888889,43.347904321659755,False
2024-08-18 12:00:00,47.0,37.375,43.75,False,46.59813888888889,2024-08-18 18:00:00,36.170815972222215,43.347904321659755,False
2024-08-18 13:00:00,44.0,39.125,43.75,False,44.91397222222222,2024-08-18 19:00:00,38.23666319444444,43.347904321659755,False
2024-08-18 14:00:00,43.0,40.75,43.75,False,43.17766192277288,2024-08-18 20:00:00,39.582054962568826,43.347904321659755,False
2024-08-18 15:00:00,43.0,42.875,43.75,False,42.28322388440096,2024-08-18 21:00:00,41.400339892563395,43.347904321659755,False
2024-08-18 16:00:00,40.0,43.5,43.75,False,40.94616666666666,2024-08-18 22:00:00,42.65875308700784,43.347904321659755,False
2024-08-18 17:00:00,43.0,43.75,43.75,False,41.06980555555556,2024-08-18 23:00:00,43.13418711478561,43.347904321659755,False
2024-08-18 18:00:00,42.0,43.625,43.75,False,,2024-08-19 00:00:00,43.347904321659755,43.347904321659755,False
