170,1.14e-17
171,1.29e-17
172,1.48e-17
173,1.75e-17
174,2.07e-17
175,2.2e-17
176,2.05e-17
177,1.78e-17
178,1.51e-17
179,1.35e-17
180,1.34e-17
181,1.48e-17
182,1.7e-17
183,2.01e-17
184,2.39e-17
185,2.74e-17
186,3.02e-17
187,3.24e-17
188,3.37e-17
189,3.31e-17
190,3.03e-17
191,2.6e-17
192,2.15e-17
193,1.76e-17
194,1.51e-17
195,1.42e-17
196,1.41e-17
197,1.41e-17
198,1.41e-17
199,1.44e-17
200,1.48e-17
201,1.46e-17
202,1.37e-17
203,1.23e-17
204,1.1e-17
205,9.84e-18
206,9.35e-18
207,9.63e-18
208,1.05e-17
209,1.14e-17
210,1.23e-17
211,1.3e-17
212,1.36e-17
213,1.39e-17
214,1.36e-17
215,1.29e-17
216,1.19e-17
217,1.08e-17
218,9.82e-18
219,9.39e-18
220,9.61e-18
221,1.04e-17
222,1.13e-17
223,1.21e-17
224,1.28e-17
225,1.36e-17
226,1.45e-17
227,1.54e-17
228,1.62e-17
229,1.63e-17
230,1.56e-17
231,1.41e-17
232,1.23e-17
233,1.07e-17
234,9.77e-18
235,9.46e-18
236,9.56e-18
237,9.76e-18
238,9.87e-18
239,9.82e-18
240,9.63e-18
241,9.32e-18
242,8.87e-18
243,8.22e-18
244,7.35e-18
245,6.32e-18
246,5.28e-18
247,4.39e-18
248,3.76e-18
249,3.44e-18
250,3.35e-18
251,3.39e-18
252,3.45e-18
253,3.45e-18
254,3.33e-18
255,3.11e-18
256,2.84e-18
257,2.59e-18
258,2.4e-18
259,2.27e-18
260,2.18e-18
261,2.12e-18
262,2.05e-18
263,1.96e-18
264,1.85e-18
265,1.72e-18
266,1.58e-18
267,1.45e-18
268,1.32e-18
269,1.2e-18
270,1.1e-18
271,1e-18
272,9.19e-19
273,8.44e-19
274,7.74e-19
275,7.07e-19
276,6.42e-19
277,5.78e-19
278,5.16e-19
279,4.58e-19
280,4.08e-19
281,3.65e-19
282,3.31e-19
283,3.06e-19
284,2.87e-19
285,2.72e-19
286,2.58e-19
287,2.45e-19
288,2.3e-19
289,2.14e-19
290,1.98e-19
291,1.83e-19
292,1.68e-19
293,1.54e-19
294,1.43e-19
295,1.32e-19
296,1.24e-19
297,1.17e-19
298,1.11e-19
299,1.05e-19
300,1e-19
301,9.58e-20
302,9.11e-20
303,8.63e-20
304,8.14e-20
305,7.66e-20
306,7.24e-20
307,6.93e-20
308,6.83e-20
309,7.06e-20
310,7.78e-20
311,9.13e-20
312,1.12e-19
313,1.4e-19
314,1.75e-19
315,2.12e-19
316,2.49e-19
317,2.81e-19
318,3.07e-19
319,3.28e-19
320,3.5e-19
321,3.83e-19
322,4.42e-19
323,5.4e-19
324,6.93e-19
325,9.12e-19
326,1.2e-18
327,1.58e-18
328,2.03e-18
329,2.56e-18
330,3.16e-18
331,3.85e-18
332,4.61e-18
333,5.43e-18
334,6.3e-18
335,7.19e-18
336,8.08e-18
337,8.91e-18
338,9.65e-18
339,1.03e-17
340,1.07e-17
341,1.1e-17
342,1.11e-17
343,1.1e-17
344,1.08e-17
345,1.04e-17
346,9.96e-18
347,9.45e-18
348,8.89e-18
349,8.3e-18
350,7.7e-18
351,7.08e-18
352,6.46e-18
353,5.83e-18
354,5.22e-18
355,4.61e-18
356,4.04e-18
357,3.5e-18
358,3e-18
359,2.55e-18
360,2.14e-18
361,1.79e-18
362,1.48e-18
363,1.22e-18
364,1e-18
365,8.23e-19
366,6.8e-19
367,5.7e-19
368,4.89e-19
369,4.32e-19
370,3.96e-19
371,3.74e-19
372,3.63e-19
373,3.58e-19
374,3.54e-19
375,3.5e-19
376,3.42e-19
377,3.3e-19
378,3.14e-19
379,2.93e-19
380,2.69e-19
381,2.44e-19
382,2.19e-19
383,1.95e-19
384,1.74e-19
385,1.55e-19
386,1.39e-19
387,1.27e-19
388,1.17e-19
389,1.1e-19
390,1.04e-19
391,9.88e-20
392,9.41e-20
393,8.94e-20
394,8.45e-20
395,7.91e-20
396,7.34e-20
397,6.75e-20
398,6.16e-20
399,5.59e-20
400,5.06e-20
401,4.59e-20
402,4.2e-20
403,3.89e-20
404,3.67e-20
405,3.54e-20
406,3.49e-20
407,3.52e-20
408,3.61e-20
409,3.76e-20
410,3.96e-20
411,4.19e-20
412,4.44e-20
413,4.72e-20
414,5.01e-20
415,5.3e-20
416,5.6e-20
417,5.89e-20
418,6.17e-20
419,6.45e-20
420,6.7e-20
421,6.94e-20
422,7.15e-20
423,7.34e-20
424,7.49e-20
425,7.61e-20
426,7.7e-20
427,7.76e-20
428,7.78e-20
429,7.77e-20
430,7.73e-20
431,7.66e-20
432,7.56e-20
433,7.44e-20
434,7.3e-20
435,7.14e-20
436,6.97e-20
437,6.78e-20
438,6.58e-20
439,6.37e-20
440,6.15e-20
441,5.92e-20
442,5.69e-20
443,5.44e-20
444,5.2e-20
445,4.95e-20
446,4.7e-20
447,4.45e-20
448,4.2e-20
449,3.96e-20
450,3.72e-20
451,3.48e-20
452,3.25e-20
453,3.03e-20
454,2.81e-20
455,2.61e-20
456,2.41e-20
457,2.23e-20
458,2.06e-20
459,1.9e-20
460,1.75e-20
461,1.61e-20
462,1.49e-20
463,1.38e-20
464,1.29e-20
465,1.21e-20
466,1.14e-20
467,1.09e-20
468,1.04e-20
469,1.01e-20
470,9.91e-21
471,9.79e-21
472,9.73e-21
473,9.74e-21
474,9.79e-21
475,9.88e-21
476,9.99e-21
477,1.01e-20
478,1.02e-20
479,1.04e-20
480,1.05e-20
481,1.06e-20
482,1.07e-20
483,1.09e-20
484,1.1e-20
485,1.11e-20
486,1.13e-20
487,1.15e-20
488,1.17e-20
489,1.19e-20
490,1.22e-20
491,1.25e-20
492,1.28e-20
493,1.32e-20
494,1.36e-20
495,1.4e-20
496,1.44e-20
497,1.48e-20
498,1.52e-20
499,1.56e-20
500,1.6e-20
