ONE,RO2,AACD,ACET,ALD2,ALDX,BENZ,BR,BR2,BRCL,BRN2,BRN3,BRO,BZO2,C2O3,CAT1,CGLY,CH3I,CH4,CL,CL2,CLAD,CLAO,CLN2,CLN3,CLO,CO,CRES,CRO,CRON,CXO3,DMS,ECH4,EPOX,EPX2,ETH,ETHA,ETHY,ETOH,FACD,FMBR,FMCL,FORM,GLY,GLYD,H2,H2O,H2O2,HBR,HCL,HCO3,HI,HIO3,HNO3,HO2,HOBR,HOCL,HOI,HONO,HPLD,I,I2,I2O2,IBR,ICL,INO2,INO3,INTR,IO,IOLE,ISO2,ISOP,ISPD,ISPX,IXOY,KET,MB2,MB2C,MB3,MBC,MBC2,MEO2,MEOH,MEPX,MGLY,MI2,MIB,MIC,N2O5,NO,NO2,NO3,NTR1,NTR2,O,O1D,O2,O3,O3P,OH,OIO,OLE,OPAN,OPEN,OPO3,PACD,PAN,PANX,PAR,PNA,PRPA,ROOH,ROR,SO2,SULF,TERP,TO2,TOL,XLO2,XO2,XO2H,XO2N,XOPN,XPAR,XPRP,XYL
1,0.0081781700947501,0.442744826106104,2.23660743107146,0.819062261963251,0.80633556381379,0.0236428349481999,0,0,0,0,0,0,2.56675640269159e-07,0.000364663723143877,1.28221864425246e-06,0.0456126162857702,0,1951.34144444444,0,0,0,0,0,0,0,119.692777777778,0.00034731320829496,8.49124109522671e-06,0.0140284214506265,7.00466873616273e-05,0.0060132644541035,0,0.0910658257678307,4.10767794523589e-05,0,0,0,1.61137151316919,1.27000924145594,0,0,1.94108621111111,0.2886860386112,0.551095661235662,4.7198843653332,0.316831808510546,1.37090197403982,0,0,9.37896681770894e-08,0,0,0.237325134942529,0.0054365758047212,0,0,0,0.0336689501915709,0.254402891950938,0,0,0,0,0,0,0,0.0200742518529327,0,0.00016901632550549,0.00141636172382926,0.629080413543523,1.16674624055085,0.0386010300007782,0,1.39881908376795,0,0,0,0,0,0.00178168005291687,6.90445393192685,0.415518785306968,0.22098360940334,0,0,0,0.000381437111841707,0.0597066561111111,1.18886301111111,0.000748894444462384,0.609676870088464,1.24263572443857,0,0,0,47.5607599216749,1.3588462556672e-16,1.56516059048115e-05,0,0.00307507933464306,0.0518390431002297,0.00322726632962027,0.000141694345232996,0.980673305635242,0.14,0.01,12.1093328788744,0.00108750353616678,0,0.591318347678275,4.23304244176403e-11,0.0148748057548294,0.00546831223999057,0.113586652073415,9.97401323519641e-06,0.109018355635974,0,0.00234576219202114,0.00130193921069538,0.000495517887358933,0.000588184827745574,2.86378180948691e-06,0,0
1,0.0123310461532603,0.43487108392241,2.19756403438772,0.795356169731801,0.804313811007149,0.0189531218390805,0,0,0,0,0,0,2.51248205643582e-07,0.00044922284185946,6.06330189724037e-07,0.0456093634122947,0,1951.23044444444,0,0,0,0,0,0,0,117.085,0.00026425645843759,1.06932556204399e-05,0.0129751702434911,7.92599281508808e-05,0.0054899459770115,0,0.0897415647344191,5.18606634862337e-05,0,0,0,1.56245805287356,1.26912232704981,0,0,1.88901448888889,0.287869961377923,0.54221088410214,4.62492619657313,0.31055054138099,1.3460565750934,0,0,9.48021621088516e-08,0,0,0.227692284636015,0.00558102150791092,0,0,0,0.0310236293869732,0.257053676218537,0,0,0,0,0,0,0,0.0160928453463185,0,0.000148629792120931,0.00132602350672186,0.555767835249042,1.13107088620881,0.0385332085102108,0,1.37263669174839,0,0,0,0,0,0.00268982636098603,6.76267594521073,0.408031751907196,0.228473378412957,0,0,0,0.000329792555791549,0.0273198958671881,0.929919287669081,0.00081421163949754,0.601142396632957,1.19501609149893,0,0,0,46.2148829800389,5.94299494199046e-17,1.03575722863135e-05,0,0.0029443781207294,0.0510390305105677,0.00281643986010395,0.000170491223649402,0.962115002877319,0.14,0.01,11.9854258857772,0.000889009866254635,0,0.591270566207928,2.78285906595116e-11,0.014763878786445,0.0053633582675687,0.118124627586207,1.20881465509216e-05,0.10812152183908,0,0.00408435441097591,0.00210223261037315,0.000938525846360618,0.000509497729161225,1.87598501785488e-06,0,0
1,0.013145439438677,0.427222098027869,2.15917144416731,0.833414811111111,0.803720102090772,0.0252824,0,0,0,0,0,0,3.38141662366637e-07,0.000423583905345975,3.81883356180059e-07,0.0456240276749766,0,1952.44877777778,0,0,0,0,0,0,0,118.024222222222,0.000205901545285008,1.02039469738873e-05,0.0119339541593742,7.24687170590901e-05,0.00577473333333333,0,0.0884146054880928,5.19314674586169e-05,0,0,0,1.68126515555556,1.26917616283525,0,0,1.91669542222222,0.286524529027219,0.533292922437811,4.53261162626903,0.30444013598678,1.32177110153253,0,0,9.18384837910156e-08,0,0,0.212315388773946,0.00528737480018914,0,0,0,0.0338218138314176,0.258654024150378,0,0,0,0,0,0,0,0.0128692326230308,0,0.000132417318019869,0.00114250344054243,0.492528922222222,1.09535403647047,0.0382969568424011,0,1.34699850030214,0,0,0,0,0,0.00273239306665992,6.85305112222222,0.400992416483453,0.235019204912184,0,0,0,0.000384443401902437,0.0235080849787198,0.976604867742583,0.000893893989002117,0.593089549642141,1.15165111167888,0,0,0,45.0520098377764,4.74607134095941e-17,9.26082347299677e-06,0,0.00281917181564085,0.0503930545999655,0.00245021601637575,0.000158098621223701,0.943969247924676,0.14,0.01,11.8636079141491,0.000895028699008265,0,0.593151481243207,2.46893854857912e-11,0.0146852994226056,0.00526086267788622,0.119696511111111,1.37465106979022e-05,0.121805422222222,0,0.00462760515202067,0.0023227071704841,0.00110847340423732,0.000442241185197434,1.66081034456169e-06,0,0
1,0.0139839405995045,0.419951426364785,2.1229795216712,0.892413494166675,0.806313345306475,0.0431196659586637,0,0,0,0,0,0,5.59616465318528e-07,0.000361527375682364,2.18433333514339e-07,0.0456852850709327,0,1954.18433333333,0,0,0,0,0,0,0,120.038777777778,0.000157741185444834,9.31603117958072e-06,0.0108215223430742,5.92452965957561e-05,0.00665990304016814,0,0.0871540010901362,4.96809377028202e-05,0,0,0,1.99500772121412,1.27286096666667,0,0,1.88440145555556,0.284988697259848,0.524778342229914,4.44591016725714,0.298717350276533,1.29885575307047,0,0,8.52202759291153e-08,0,0,0.205389407777778,0.00507661825182297,0,0,0,0.03779739,0.25984586899068,0,0,0,0,0,0,0,0.0103557776167055,0,0.000119380655447389,0.00103368109780625,0.47086831733905,1.06259539824107,0.0379599076401903,0,1.32284810020547,0,0,0,0,0,0.00250041909574886,7.07441240150328,0.394262777395643,0.240970131702709,0,0,0,0.000567947246759418,0.0226414002222222,1.19465647777778,0.0011064818002868,0.586218409446846,1.11672091744333,0,0,0,43.9881416511205,4.12393089268835e-17,8.62485527060664e-06,0,0.00270105678328771,0.0501698301089711,0.00209215348884175,0.00013357387622753,0.926769951675421,0.14,0.01,11.7494624329393,0.00102384789379585,0,0.596824679648963,2.2649813049389e-11,0.0147101114654122,0.00516445950825819,0.117883247347031,1.45404630528445e-05,0.13292977352883,0,0.00517756956135944,0.00263038974719459,0.00128443324834328,0.000379621999626868,1.53172132434427e-06,0,0
1,0.0240573804611667,0.412154470589773,2.08537104111788,1.45370022643556,0.830391771204632,0.0731258693140422,0,0,0,0,0,0,7.92821530612409e-07,0.000143762858240464,2.46086650911424e-08,0.0457213156970497,0,1966.59133333333,0,0,0,0,0,0,0,142.636666666667,7.22152713385762e-05,8.20544806205926e-06,0.00847444011280196,2.18611292973262e-05,0.00913950070761107,0,0.0857349312047975,4.09798375368278e-05,0,0,0,4.31107574431011,1.41916097666667,0,0,2.11891161111111,0.282408988698084,0.515532141454805,4.35796184345646,0.29299393329471,1.27505557242432,0,0,8.67105329832407e-08,0,0,0.179758891111111,0.00455286883634424,0,0,0,0.0720100177777778,0.258400921169726,0,0,0,0,0,0,0,0.00819048167311666,0,0.000101333863159285,0.000661780844606517,0.380401129687991,1.03522269040798,0.0373117805781538,0,1.29782429878624,0,0,0,0,0,0.00177649043018464,8.5789915179098,0.386984230626437,0.24606258850637,0,0,0,0.00434280863630567,0.0191978772222222,3.07970913333333,0.00324061386830319,0.583096062763521,1.12592319366898,0,0,0,42.9310007404955,2.16067683569991e-17,6.24661303083719e-06,0,0.00258786105441254,0.0514415198848261,0.00141958350474561,5.35202437218005e-05,0.908734130083215,0.14,0.01,11.6130462333828,0.00239955178522959,0,0.613166952655322,1.62595207498204e-11,0.0155971122410954,0.00506541257681217,0.103085717329518,2.81357966328193e-05,0.307725018066206,0,0.0106028305651416,0.00577799630508223,0.00293880808747406,0.000275629691693056,1.09680384616983e-06,0,0
1,0.0186687878357342,0.404018095859295,2.04637466357034,1.74903624827586,0.855964971977317,0.0891266183908046,0,0,0,0,0,0,8.88157912008565e-07,0.000141932189727983,4.67209300595983e-08,0.0457124932248498,0,1977.929,0,0,0,0,0,0,0,134.175111111111,8.09242763022539e-05,4.96270421849021e-06,0.00707424947462124,2.47890597797945e-05,0.00982803409961686,0,0.0843115019382042,3.62444709553745e-05,0,0,0,5.69981681111111,1.61372347455939,0,0,2.3292276,0.279514098493178,0.506162837632065,4.26728007357016,0.287103143318371,1.25063172945123,0,0,1.02967233878476e-07,0,0,0.178820619885057,0.00466654474655203,0,0,0,0.0895871205747126,0.256480727409188,0,0,0,0,0,0,0,0.00665891360507651,0,9.30126691033966e-05,0.000651975061073893,0.36491308697318,1.00475450758065,0.0365390732046371,0,1.2721907063668,0,0,0,0,0,0.00139315596947844,9.75608125057471,0.379066707612654,0.250109635343543,0,0,0,0.00296208258658207,0.0265964389354749,2.88710259802969,0.00218645365686451,0.581703609339986,1.1295823037352,0,0,0,41.643731554744,2.9348454955795e-17,7.3021078218935e-06,0,0.00247598858035231,0.052417322339469,0.00116592622642163,5.30235064610628e-05,0.890141812154994,0.14,0.01,11.5080400942352,0.00249950431631377,0,0.625660202741851,1.91470486127107e-11,0.0161792249609457,0.00496394190276974,0.151924831034483,2.40716501521364e-05,0.285429764750958,0,0.0083004882997276,0.00397793119667791,0.00236031007528667,0.000236832288800325,1.27167311624064e-06,0,0
1,0.0441486214475551,0.396485870740937,2.009194322041,2.3703091,0.920649036015747,0.150226266666667,0,0,0,0,0,0,1.38100055836681e-06,8.18646820114198e-05,9.69190331461941e-09,0.0457460599163632,0,2005.16344444444,0,0,0,0,0,0,0,143.338333333333,4.95160152934943e-05,4.02009835519639e-06,0.00529724440874577,1.47603725457874e-05,0.0102207666666667,0,0.082836827678892,3.34885951605247e-05,0,0,0,8.01158417777778,1.94601839394636,0,0,2.79745693333333,0.276425208944163,0.496807132275139,4.18225748909306,0.281581268685458,1.2270342543684,0,0,1.01360333352787e-07,0,0,0.141536242068965,0.00371150451759334,0,0,0,0.145110538429119,0.253294760423121,0,0,0,0,0,0,0,0.00521819621346856,0,7.7924299451869e-05,0.000409821902680887,0.291808755555556,0.97863172482467,0.0357674986520351,0,1.24763850141558,0,0,0,0,0,0.00179947709911158,11.9448690333333,0.371985302232296,0.253673231081943,0,0,0,0.00887803367755084,0.0144537797357306,4.69481989182981,0.00386076838992695,0.585092293847941,1.18529524881572,0,0,0,40.7049171193315,1.01039522902056e-17,4.29242292919245e-06,0,0.00237591975902723,0.0527792109962853,0.000794803096081244,3.05076513614953e-05,0.872550031487783,0.14,0.01,11.430525879681,0.00338461700837209,0,0.661541946490403,1.12830060821567e-11,0.0174412702357246,0.00486745539409939,0.174766388888889,3.47077343635625e-05,0.445219833333333,0,0.0227189172496808,0.0103584873052212,0.00690955793460018,0.000173559581078431,7.43065953347393e-07,0,0
1,0.0286324372414119,0.38920948079857,1.97435873001605,2.92767436762056,0.984053280431905,0.225085437669693,0,0,0,0,0,0,1.75749959033935e-06,7.28588865755836e-05,2.10300726522725e-08,0.0458139795906997,0,2028.91833333333,0,0,0,0,0,0,0,154.775666666667,7.84044391883017e-05,2.54846266702665e-06,0.00398576981613391,1.32124385965923e-05,0.0119856961926164,0,0.0815154176326339,2.73978995123884e-05,0,0,0,9.96138230017458,2.14827806950192,0,0,3.05577438888889,0.273630702700571,0.488260232443481,4.10201461668502,0.276505610300684,1.20565582602872,0,0,1.38255245325737e-07,0,0,0.131705761800766,0.00464118791018469,0,0,0,0.174284199885058,0.250179689714701,0,0,0,0,0,0,0,0.00424086929835625,0,7.09608087937927e-05,0.000398084156926833,0.279719088656785,0.953494421831187,0.0349552956142738,0,1.22476162582076,0,0,0,0,0,0.00111552470792774,13.4576670904088,0.365011288764257,0.256991528198976,0,0,0,0.010048581271641,0.0265934892222222,5.50847492222222,0.00373214712826384,0.593834368411487,1.24242830131459,0,0,0,39.4424777687671,1.82638018516284e-17,5.77142500131336e-06,0,0.00227922232880996,0.0536614072334245,0.000715532049176542,2.69514021290086e-05,0.85596745637568,0.14,0.01,11.3608677815793,0.00495479871909454,0,0.691727798563004,1.50717737925427e-11,0.0189607132486833,0.0047775858344824,0.176468361736907,3.95365749392524e-05,0.59718856266434,0,0.0138502584628879,0.00630124879172925,0.00420548553509334,0.000164604457514719,9.93298304964496e-07,0,0
1,0.00727990991492215,0.377673340988867,1.91903593480381,1.53274919666681,0.974732989429984,0.0559021366592505,0,0,0,0,0,0,4.14632751071003e-07,0.000129925569723637,1.97924858763374e-07,0.0453699529848191,0,1969.839,0,0,0,0,0,0,0,128.320888888889,0.0001100247859057,1.59647997865766e-06,0.0036090091395576,3.19784547974834e-05,0.0123185603200327,0,0.0795300849838855,2.41568010994598e-05,0,0,0,2.87470651408397,1.89313411716475,0,0,2.24687157777778,0.268150065592105,0.475272430723797,3.97850883838138,0.26839073168416,1.17093357061213,0,0,1.0521253446403e-07,0,0,0.132878816398467,0.00366975994585647,0,0,0,0.151083971072797,0.245680489200211,0,0,0,0,0,0,0,0.00421601078519442,0,7.88584990289487e-05,0.000702317318067898,0.426644199955019,0.919734162541505,0.0337312038716761,0,1.18980574580983,0,0,0,0,0,0.000831024643413924,9.33183848963975,0.353349562969625,0.25626357479074,0,0,0,0.00117970424675545,0.0502589051111111,1.89744918888889,0.00086458165858331,0.584202581187634,1.19460204767048,0,0,0,37.4717291805925,4.30072300616351e-17,8.99175461514473e-06,0,0.00215904832362568,0.0540658160684621,0.000779031178950785,4.93739225201728e-05,0.830479005308812,0.14,0.01,11.1528631029802,0.0020383067155301,0,0.679356332900794,2.49075253473007e-11,0.0189165575390867,0.00464022964850818,0.166111067940454,1.13402360036959e-05,0.177095420826939,0,0.00285368580520944,0.00135167629063269,0.000757644859025604,0.000177918004178546,1.52604156249578e-06,0,0
1,0.00593447725442352,0.370560497116198,1.88543303103957,1.20280301111111,0.964715601531091,0.0352677,0,0,0,0,0,0,2.92993420085886e-07,0.000221673059333509,3.34854713999022e-07,0.0454191806586704,0,1955.56211111111,0,0,0,0,0,0,0,121.454777777778,0.000124283398556902,1.76228404739542e-06,0.00339440190602074,4.85492453751139e-05,0.00862184444444444,0,0.0783976675736259,2.67790371913857e-05,0,0,0,1.7493809,1.82972180980843,0,0,2.06358288888889,0.266061399784907,0.467529701275572,3.90088995381269,0.263266103390843,1.1491657056161,0,0,9.25435550415635e-08,0,0,0.0997030125670498,0.00363615879372142,0,0,0,0.154011884980843,0.243473115013043,0,0,0,0,0,0,0,0.00395602044611408,0,8.41816008563185e-05,0.000603763372235136,0.335741544444444,0.89255280147597,0.0327524793593312,0,1.16836432999588,0,0,0,0,0,0.00113861300925492,9.21245415555556,0.345954969932642,0.257751892761414,0,0,0,0.000448890673943383,0.0454057311111111,1.11581644444444,0.000587388873265146,0.57671049354998,1.14298448181407,0,0,0,36.1898475072907,4.52251386319195e-17,9.20294713931962e-06,0,0.00206999805636509,0.0533357063628423,0.000804970990296243,8.40648280971477e-05,0.814693576062026,0.14,0.01,11.0361670693617,0.00112737374569398,0,0.669139822294996,2.49934051488876e-11,0.0187757145946408,0.00455576295979752,0.130767666666667,9.0960803377331e-06,0.127111811111111,0,0.00209792647342732,0.00101021271639851,0.000523021209825273,0.000181140162303872,1.5444649011455e-06,0,0
1,0.00344494703649824,0.363725038935989,1.85432215222776,1.11674086666667,0.950459139947179,0.0458612555555556,0,0,0,0,0,0,2.94809298956261e-07,0.000214269711783808,6.73954026257829e-07,0.0455031678167027,0,1954.66444444444,0,0,0,0,0,0,0,122.025444444444,0.00015548159664733,1.22727239582668e-06,0.0032293617424726,4.54915898120256e-05,0.00805702222222222,0,0.0774508397597226,1.99389181778846e-05,0,0,0,1.38430397777778,1.60581813685824,0,0,1.8713987,0.265176464501481,0.460722149125781,3.8278353523728,0.258494877493754,1.1278195778689,0,0,6.26531206844785e-08,0,0,0.118205804712644,0.00285039904766704,0,0,0,0.164485011111111,0.240673169263022,0,0,0,0,0,0,0,0.00389213023581217,0,9.53715786630054e-05,0.000379859640292341,0.257224055555556,0.864135747728728,0.0312562077508625,0,1.14880456111535,0,0,0,0,0,0.000919548410896314,8.85549126666667,0.338332901561162,0.2589434492854,0,0,0,0.000356952498434904,0.0833407730546331,1.22890161027804,0.000454677568134328,0.569209926241109,1.09042107774475,0,0,0,34.0466444853681,7.81203422342989e-17,1.20625009464821e-05,0,0.00198189053452868,0.0517548854251433,0.000877974869879305,7.88150719010507e-05,0.799755918281422,0.14,0.01,10.9161395898689,0.000903414416529095,0,0.655711867914952,3.19674400436865e-11,0.0185925538060129,0.00447845158168525,0.117827333333333,6.39493072326988e-06,0.1158718,0,0.00106395199195648,0.000560240132440024,0.000250203245150691,0.000193618430652944,2.00084292962409e-06,0,0
1,0.00283301563992239,0.356152121166835,1.81964601621178,1.01969426968637,0.931160447171303,0.0508780337977709,0,0,0,0,0,0,3.06809983510383e-07,0.000231333922932189,1.34007808128832e-06,0.045480529612325,0,1957.00188888889,0,0,0,0,0,0,0,119.742888888889,0.000196844727271679,9.75381606572651e-07,0.00309605890061792,5.02486199589146e-05,0.00601200049986139,0,0.0763719816376034,1.83350214755358e-05,0,0,0,1.18825090443325,1.48313298842912,0,0,1.73231613333333,0.264340646622826,0.453189927817702,3.74744718059586,0.253227615734624,1.10396645642333,0,0,5.40329870718484e-08,0,0,0.127172220383142,0.00266523807599167,0,0,0,0.124216688659004,0.237095163503025,0,0,0,0,0,0,0,0.00389738307547452,0,0.000107925688196483,0.000327754656214945,0.230797853418641,0.833716828925391,0.0295188947565993,0,1.12733053954716,0,0,0,0,0,0.000923727098132035,9.56934337977374,0.329813043994257,0.258837831096181,0,0,0,0.000223888251643543,0.107226537938992,1.10323855411751,0.000319282665984639,0.55994482759292,1.03514416793673,0,0,0,31.4788469957709,1.101920206698e-16,1.4324966785621e-05,0,0.00189184372503294,0.0489358814468664,0.000972029881875126,8.11158241755553e-05,0.78327071194742,0.14,0.01,10.7661847680812,0.000754107748331207,0,0.639821419490509,3.74042756419206e-11,0.0182926203667635,0.00439354777914868,0.115611015814847,5.58828357604363e-06,0.107966201115765,0,0.000768717129549619,0.000450218632535242,0.000171232954453194,0.000209306513906591,2.34392599559263e-06,0,0
1,0.00213979297298761,0.3483451074705,1.784651840127,0.905392328643079,0.907286513021326,0.0504170669686431,0,0,0,0,0,0,2.53935394259562e-07,0.000218415563844828,3.33081270467741e-06,0.0454179651854938,0,1958.07866666667,0,0,0,0,0,0,0,122.651111111111,0.000266473948546617,6.49595027200939e-07,0.00299405807957484,5.1044688844914e-05,0.00587496165717486,0,0.075347528183855,1.49915228661658e-05,0,0,0,1.16243304021743,1.34085255176245,0,0,1.65711967777778,0.264564766530773,0.446019941677829,3.6655738685424,0.247905540899055,1.0790898534304,0,0,4.43238614673805e-08,0,0,0.141049608275862,0.00228096225196853,0,0,0,0.092537795440613,0.233196323033222,0,0,0,0,0,0,0,0.00427480188219043,0,0.000127231494604782,0.000280869586284665,0.228213848279741,0.803828498197592,0.0273947557203311,0,1.10620555338322,0,0,0,0,0,0.000820071587440585,8.62124137517135,0.32051773217142,0.257731316684722,0,0,0,0.00013209000104771,0.174267884444444,1.08772735555556,0.000190389399612148,0.550023288659524,0.979974678385757,0,0,0,27.8031061300158,1.94702354350843e-16,1.90450366994085e-05,0,0.00179966257483993,0.0446895104370694,0.00113110550877278,7.14516790781259e-05,0.766411048609279,0.14,0.01,10.6026592169834,0.000638333917004687,0,0.621975862352449,4.90023693278866e-11,0.0179519711853802,0.00430961010335541,0.11475830204585,4.64275220141308e-06,0.107379812089486,0,0.000478889612934091,0.000341745135600086,9.83317074422644e-05,0.00023730014615005,3.06942877084856e-06,0,0
1,0.00202760014884954,0.340702501031228,1.74997254043855,0.848050988888889,0.883923430894166,0.0520351777777778,0,0,0,0,0,0,2.56578317088384e-07,0.00021593062908539,5.05126732311648e-06,0.0453534354853755,0,1958.24688888889,0,0,0,0,0,0,0,123.564555555556,0.000339561949121463,6.14329876914365e-07,0.00290464603172482,4.90549378098406e-05,0.00692896666666667,0,0.0742322356000972,1.44499164671407e-05,0,0,0,1.14378926666667,1.25100367444444,0,0,1.50582937777778,0.264098017939448,0.438778211307723,3.58547799217364,0.2426873924447,1.05475578386311,0,0,3.88517897611137e-08,0,0,0.143511585555556,0.0021776598820126,0,0,0,0.0794622044444444,0.229213366771398,0,0,0,0,0,0,0,0.0043921750584976,0,0.000140603625561417,0.000249567461306152,0.206853933333333,0.775031724723423,0.0254556907635872,0,1.08537645653801,0,0,0,0,0,0.000805049503838072,8.24462874444444,0.311543111665961,0.255860257984278,0,0,0,0.000113370051092251,0.174271466666667,1.06457743333333,0.000164524463431241,0.540097461125079,0.927298748497106,0,0,0,24.6397873742418,1.86299535244488e-16,1.86415591890092e-05,0,0.0017161608569185,0.0409640062526014,0.0013106136108914,6.60637769064263e-05,0.74989507185997,0.14,0.01,10.4358594793391,0.000605874149287864,0,0.604688953449375,4.73463560869928e-11,0.017622953168413,0.00422688422013432,0.117061588888889,5.28248705790009e-06,0.124713233333333,0,0.000445659968488834,0.000324683289671527,9.18157226893877e-05,0.000270212722171178,2.95802830340444e-06,0,0
1,0.00176344564250942,0.3332534864998,1.72165777657889,0.854586892720306,0.848426933689406,0.0613489440613027,0,0,0,0,0,0,2.92579482778584e-07,0.000206708485115,2.25392967469882e-05,0.0453234008827581,0,1957.87122222222,0,0,0,0,0,0,0,129.220111111111,0.000577629885480677,3.63981445900746e-07,0.00284345670197689,5.324820302812e-05,0.0051793,0,0.0736664144066944,1.37997723322473e-05,0,0,0,1.22780719616858,1.23725740888889,0,0,1.4639554,0.264952336608337,0.435537777829629,3.51462073211434,0.238309248300108,1.02951417166862,0,0,3.75555067890855e-08,0,0,0.188975082222222,0.00219251354582175,0,0,0,0.0752339266666667,0.216191403471144,0,0,0,0,0,0,0,0.00652294081622157,0,0.000194197507875043,0.000265642631374674,0.218768055172414,0.754861599364033,0.0217308556912033,0,1.07079293908561,0,0,0,0,0,0.000763543096627044,9.28322543793104,0.299613447130955,0.248734420665625,0,0,0,6.72747588905302e-05,0.465122001440803,1.51924098108911,6.95253108127599e-05,0.531375541102561,0.880468597092916,0,3.4615351247932e-15,0,19.1182309654276,3.00573505857317e-08,4.74015661728362e-05,0,0.00163806116343028,0.0383958174359901,0.00180731089579528,4.94834640452075e-05,0.734378169280801,0.198778811112499,0.0159969954563294,10.2742300149826,0.00085409259773629,0,0.581511964436227,1.18119119539564e-10,0.0172880225448982,0.00416653364535548,0.116620177394636,5.00988885465647e-06,0.122392043678161,0,0.00030379975531525,0.000296676439019401,5.48409620453246e-05,0.000352227604274161,7.40533715604836e-06,0,0
1,0.00195065834637116,0.326747057547094,1.7046552203805,0.872212026086129,0.804706560704908,0.0630230388913467,0,0,0,0,0,0,3.18610098155068e-07,0.00020350663884272,7.57845239045989e-05,0.0454217411787261,0,1957.34155555556,0,0,0,0,0,0,0,135.043222222222,0.000998983843326573,4.92366097549355e-07,0.00282083061826676,5.63117812192437e-05,0.00535766868001695,0,0.0731013330052657,1.45355358444346e-05,0,0,0,1.2633287050157,1.09954301877395,0,0,1.51701857777778,0.266048387458355,0.438046359022306,3.46622939461344,0.235639243295439,1.00521272185787,0,0,4.13196743734236e-08,0,0,0.178241570574713,0.00253552782711032,0,0,0,0.0673406437931034,0.189024641478066,0,0,0,0,0,0,0,0.0127745357846507,0,0.000259954783958133,0.000404125787320633,0.313811745304667,0.77537427808777,0.0168936659852115,0,1.06535299163626,0,0,0,0,0,0.000771773655154852,13.3612601754616,0.285052068239694,0.233488652428302,0,0,0,4.58978888947869e-05,0.769252257469468,1.89711065787679,4.29784427828098e-05,0.525744305848196,0.843819130335593,0,1.13125783753553e-14,0,15.5437417348879,9.00288462185073e-08,8.238358701078e-05,0,0.00162986976748203,0.0372089912341457,0.00260522694728988,4.9933103629795e-05,0.721555653424602,0.205606304134464,0.0160172995134164,10.1502979611556,0.00108238346825153,0,0.553240674726399,1.97920222907716e-10,0.0170255933286061,0.00414052102000488,0.127795084807338,5.73225809113581e-06,0.132865125007184,0,0.000307579792525035,0.0003263302326566,5.39661515911422e-05,0.000464748418874541,1.26991117162514e-05,0,0
1,0.000870632258143867,0.321375879766542,1.69932880951495,0.972549035542115,0.764146401560466,0.0620202541544839,0,0,0,0,0,0,1.05254154387133e-07,0.000103019308410928,0.00018104488621258,0.0456695145973715,0,1957.61944444444,0,0,0,0,0,0,0,146.609333333333,0.00153428173067226,3.35420861976459e-07,0.0028466015008153,2.41116076696504e-05,0.00507927781142324,0,0.0716717895480678,4.79877405258884e-06,0,0,0,1.33359060355152,1.07292019862069,0,0,1.6856077,0.269228402685977,0.446762578938801,3.4520306673838,0.236887113772546,0.982057234524342,0,0,1.6474185834246e-08,0,0,0.163897494061303,0.0010970024723394,0,0,0,0.0809038995785441,0.145760199636686,0,0,0,0,0,0,0,0.0256266434052392,0,0.000296724630596464,0.000219492394461699,0.509400107888883,0.882861079082443,0.012239636170431,0,1.06671514400428,0,0,0,0,0,0.000352525442471498,13.7064419504123,0.269399204826784,0.211279622593429,0,0,0,3.83363299124874e-05,2.92041134444444,4.09155133333333,2.17516337161522e-05,0.524124209413745,0.816536716078096,0,2.5023615830793e-14,0,11.526484276337,2.7645264022966e-07,0.000103099894679254,0,0.00182663354088175,0.0288989557796025,0.00344253237318211,2.15328344052836e-05,0.711605163983377,0.218274675670498,0.0171804164750958,10.0877811418393,0.000759546614854526,0,0.522840301319051,2.32617585381752e-10,0.0168352079036282,0.00414305447732173,0.163864590764064,2.15796154921609e-06,0.150865161709405,0,0.000112549900597648,0.000135965411852881,1.9869289923873e-05,0.000556069321199307,1.57462552613258e-05,0,0
1,0.00114653132498557,0.315435266220685,1.69801352077033,1.06859541111111,0.724693273949891,0.0935795222222222,0,0,0,0,0,0,1.83449489377539e-07,0.00012440711230826,0.000340511422378094,0.0458023263571635,0,1958.95388888889,0,0,0,0,0,0,0,167.094222222222,0.00243878101484766,6.21001038214973e-07,0.00295733405932387,2.75241243755527e-05,0.00573305555555556,0,0.0687444006805352,5.33775249760642e-06,0,0,0,1.78498594444444,1.09244091796935,0,0,1.85949453333333,0.270450246160152,0.462595518359146,3.45634693410253,0.239861506706449,0.955332324134063,0,0,2.07196648382654e-08,0,0,0.1890624248659,0.00144201611815166,0,0,0,0.0833556151340996,0.100728453164078,0,0,0,0,0,0,0,0.0435111280233453,0,0.000289926436338518,0.000333641068701396,0.678135788888889,1.05481140426521,0.00841289499546665,0,1.06822460715738,0,0,0,0,0,0.000427470876609466,15.4322028333333,0.251959098268153,0.189578639805061,0,0,0,6.1848713562672e-05,3.12194054444444,4.919325,3.58549730117274e-05,0.523702123148821,0.794702226772568,0,7.58968651795136e-14,0,16.2726869810104,4.75457806467778e-07,0.000126075597106255,0,0.00233333382411402,0.0277672361821382,0.00485087041225549,2.67676961810765e-05,0.700659532883654,0.230713491417624,0.0204456634099617,10.0473482335619,0.000964063754148928,0,0.488967974633161,2.7042791719357e-10,0.0166478258901667,0.00414911503238782,0.186579455555556,3.58080483679404e-06,0.218796888888889,0,0.00014858210715326,0.000170429106846159,2.53468047947059e-05,0.000742295983894957,1.91326347170161e-05,0,0
1,0.00053075944164291,0.309130747522201,1.69434592151025,1.22347826015326,0.697433617322106,0.0941340804597701,0,0,0,0,0,0,6.33037828351127e-08,6.69653641721773e-05,0.000511764543445748,0.0458123508231584,0,1958.70488888889,0,0,0,0,0,0,0,165.920555555556,0.00301148018958193,3.66713763006426e-07,0.00309958570350795,1.21626702430824e-05,0.00597604406130268,0,0.0652511570321323,1.74190180509203e-06,0,0,0,1.8134403045977,1.14844857279693,0,0,2.20819623333333,0.270122809311679,0.480184657781445,3.48826415838776,0.246135662423301,0.9271619852594,0,0,9.97722500087502e-09,0,0,0.216945109616858,0.000642602467902852,0,0,0,0.123577683295019,0.0621313013586429,0,0,0,0,0,0,0,0.0622146669555825,0,0.000259178220849666,0.000160167342242775,0.95190893908046,1.27419577591995,0.00600039469402472,0,1.06407961858507,0,0,0,0,0,0.00021246251565021,12.3131948984674,0.236290508491588,0.168945075430245,0,0,0,5.98210814029562e-05,8.00755096666667,8.61737288888889,2.25763900492335e-05,0.523362554141721,0.77233143834701,0,1.15180931597965e-13,0,13.8471881771809,9.51045444869676e-07,0.000110152021160182,0,0.0031225244975356,0.0207895184875185,0.00511190784218732,1.18893047789417e-05,0.68854750722117,0.250074558467433,0.0220928568582376,10.0258786566338,0.000653122676614335,0,0.458548979873785,2.28438986622681e-10,0.0164293700588561,0.00413773823849811,0.239008059003831,1.11725362935387e-06,0.200234419923372,0,5.99564951731955e-05,7.33452055587794e-05,1.0295597771402e-05,0.000699165467815392,1.66530383493702e-05,0,0
1,0.00110179905890022,0.302696669371868,1.7087233310615,1.26970831343289,0.669653873213528,0.0851106501551749,0,0,0,0,0,0,1.19081375270828e-07,0.000120946007676021,0.000752085941442561,0.0458145956687968,0,1958.62022222222,0,0,0,0,0,0,0,165.642555555556,0.00369450633450583,8.89188251257702e-07,0.00343032051698788,2.29691154387766e-05,0.00742533905042219,0,0.0602240462051398,3.35371511614596e-06,0,0,0,2.61483308126824,1.15779886137931,0,0,2.58841621111111,0.281050265152381,0.520702414839574,3.55980810336891,0.25461993828221,0.896049471080371,0,0,2.20040831630491e-08,0,0,0.228515242413793,0.00132488240229335,0,0,0,0.116860537049808,0.0367258181990499,0,0,0,0,0,0,0,0.0888802250268676,0,0.000210545099368938,0.000353911155319088,1.01968034304839,1.55295250130566,0.00380210672354271,0,1.06622054085119,0,0,0,0,0,0.000398480866546403,11.6162964249838,0.217468665993037,0.160181339306929,0,0,0,6.74255094590229e-05,5.68114070948542,7.13270990942394,3.51252614639001e-05,0.527658626870782,0.76345291392622,0,2.34539798117531e-13,0,18.1814632757396,9.51020105743667e-07,0.000161594269027608,0,0.00449781215109173,0.0272953691761634,0.00573910434216202,2.7345727394505e-05,0.676846510856534,0.272792740344828,0.0242075469731801,10.0814359296211,0.000965593581356824,0,0.42199888540423,3.26021897229789e-10,0.0162957031713914,0.00415243630747752,0.248911580664895,2.39461097178339e-06,0.207557961835906,0,0.00014071320664694,0.000151635733429929,2.22785271793742e-05,0.00075818876166529,2.45191757362274e-05,0,0
1,0.00248327214898707,0.297116838605495,1.75899245272119,1.56554772660207,0.679282228789743,0.0861270174498656,0,0,0,0,0,0,2.89486254721804e-07,0.000281754836431738,0.000963557404570454,0.0460306901942916,0,1960.91633333333,0,0,0,0,0,0,0,179.830777777778,0.00447884621747518,2.14962504563471e-06,0.00428525229841831,5.22205367591848e-05,0.00875182089862724,0,0.0531206929401061,7.14342177772309e-06,0,0,0,2.37611601753682,1.29629245213828,0,0,3.35360171111111,0.316033629079805,0.597299762627113,3.70940828286503,0.270366792456532,0.864242848813581,0,0,5.48171540612127e-08,0,0,0.332183218696269,0.00303688880381374,0,0,0,0.11431161942307,0.023255615482326,0,0,0,0,0,0,0,0.102406113877433,0,0.000144018164804025,0.0005963281508982,0.727401510758543,1.66873881976441,0.00218410713507707,0,1.08262669946215,0,0,0,0,0,0.000941295298362089,10.9339443919254,0.195148182864207,0.169291803253086,0,0,0,0.000122807685191657,3.68920100132493,6.94573237460633,8.46752464143081e-05,0.551302795127525,0.792360984777766,0,5.26549589222817e-13,0,28.8130478917832,1.12276671187738e-06,0.000249265132790027,0,0.00652482116022366,0.0473751863017338,0.006812290328957,6.67389062748892e-05,0.668122977532599,0.363916226076621,0.0355100437437199,10.4878814229791,0.00163928001443132,0,0.378662432094201,4.89631972676323e-10,0.016372343465472,0.00422372287498416,0.374492800129998,5.8247483722939e-06,0.212661783368893,0,0.000393104895456471,0.000387228816835167,7.19732087143449e-05,0.000886464671306187,3.92123418525261e-05,0,0
1,0.00872338420087379,0.292822811480257,1.86818330512075,1.47274924444444,0.635986300807681,0.0614567222222222,0,0,0,0,0,0,9.6745561304869e-07,0.00103943099365331,0.00110441631340609,0.0464239451448215,0,1961.46377777778,0,0,0,0,0,0,0,181.758666666667,0.00492803068422861,7.87093825950828e-06,0.0063369052918973,0.000184191516916153,0.00858008888888889,0,0.0428242881561702,2.72202736712198e-05,0,0,0,2.37340083333333,1.67643576170839,0,0,3.96800077777778,0.390464927430244,0.722901999009158,3.92495958015344,0.290013867007844,0.834440874333853,0,0,2.05352700527988e-07,0,0,0.483491712019981,0.0116224183393275,0,0,0,0.116609659228442,0.0253403445533783,0,0,0,0,0,0,0,0.0983508700453956,0,0.000100293117188878,0.00166756843853954,0.446949233333333,1.49135293738728,0.00301922197055827,0,1.12764589209389,0,0,0,0,0,0.00367498903125233,10.3058052666667,0.168005725549178,0.198244693422366,0,0,0,0.000134317786508159,1.50031011111111,4.46603033333333,0.00018931954435369,0.576823046784798,0.864124266944096,0,1.03700877675353e-12,0,42.9511439518479,9.73347597119297e-07,0.000473929857597089,0,0.00876230607505521,0.084660811986763,0.00793022901552273,0.000259520583662326,0.664353988911695,0.511911359580932,0.0522318807520641,10.8637221229321,0.00300100956528588,0,0.324832248838043,8.93541932239649e-10,0.0167057732021003,0.0044045026087797,0.228318333333333,2.44828035086089e-05,0.193299266666667,0,0.00151020223394963,0.00130636155069651,0.000230414349524387,0.000994605939105393,7.69332878248791e-05,0,0
1,0.00933517241328174,0.287428934458396,1.97292059236037,1.65461533333333,0.550734663143802,0.0734142777777778,0,0,0,0,0,0,1.35604301115222e-06,0.00129674759433837,0.00114194426958164,0.0467259649977355,0,1983.046,0,0,0,0,0,0,0,192.083444444444,0.00552026890942595,9.72321752971614e-06,0.00909409048146348,0.000199856819641139,0.00770908888888889,0,0.0342609447293057,2.55975704798531e-05,0,0,0,2.72525443333333,1.54310768019886,0,0,4.44283525555556,0.456405228350587,0.814977099130872,4.15450227031437,0.313964151920598,0.80225871992048,0,0,2.56369783724056e-07,0,0,0.581959572919018,0.0135020576325602,0,0,0,0.104018191571493,0.026559342458412,0,0,0,0,0,0,0,0.0895695597099801,0,9.5032061272274e-05,0.0016262908184733,0.372888822222222,1.2766857944237,0.00324261274570488,0,1.17727942521685,0,0,0,0,0,0.00448781343983234,11.0151562,0.143151984374772,0.214267284513274,0,0,0,0.000179788071350749,1.48490167777778,4.85205922222222,0.000247272339050565,0.586540847275338,0.934402732724543,0,1.3982903140469e-12,0,49.8556675898884,1.07950328975154e-06,0.000550018198399112,0,0.00975576882016033,0.0885423997545646,0.00937232994560242,0.000262683725231403,0.658915160937026,0.640049949779161,0.0659016964395142,10.9446770798177,0.00355392782301877,0,0.272293674428864,1.02702440902935e-09,0.0169553505094802,0.00460386917167533,0.134584788888889,3.21118512088605e-05,0.216663855555556,0,0.00147603778095391,0.00126598521968185,0.000191766634201288,0.00116101147400023,8.98541744095056e-05,0,0
1,0.0114266804701915,0.283851892611335,2.06323580477654,1.86781974382684,0.468767489538436,0.0942460069550673,0,0,0,0,0,0,2.4956907957277e-06,0.00166042524548318,0.00108347232522984,0.047091407720358,0,2041.45544444444,0,0,0,0,0,0,0,195.558444444444,0.00667248486202656,1.40322541882903e-05,0.0127109383901098,0.000245391537196763,0.0107076949967129,0,0.0283848860777861,3.05398550456189e-05,0,0,0,3.36881150965474,1.38846050333333,0,0,4.78576144444444,0.48166072104832,0.855600824531219,4.42057121708173,0.339629876938058,0.78372705698727,0,0,3.60965731375334e-07,0,0,0.811692991111111,0.0181819301315137,0,0,0,0.100174562222222,0.0268034925611401,0,0,0,0,0,0,0,0.0716997259254387,0,0.000104295560181698,0.00163443604722576,0.2637293730175,1.00715898943954,0.0039340132332462,0,1.22938711524591,0,0,0,0,0,0.00592175982359126,10.8511955086805,0.127787160505757,0.213128419780526,0,0,0,0.000272315619554265,1.11461364242142,4.83397051806656,0.000392446431777919,0.587789096865903,1.00047475744556,0,2.07080214858785e-12,0,63.2147401946443,1.21619258842379e-06,0.000597510158153881,0,0.00949055965814386,0.0916871025484734,0.0119813138709714,0.000287433893489845,0.657610548517926,0.710652137777778,0.0823791288888889,10.8708194120744,0.00455116964336919,0,0.234020640977251,1.09430525066077e-09,0.0176128960336189,0.00482503712198137,0.0958288621427089,6.02631269794282e-05,0.28418581561352,0,0.00176748871792179,0.00154729821137423,0.000223601672552507,0.00150524984559459,9.68857639932775e-05,0,0
1,0.0158358945092442,0.283909956215723,2.15604585878712,1.49160630638724,0.418277529068215,0.0711088394480738,0,0,0,0,0,0,2.72033652097699e-06,0.0019133910978008,0.00110971738435113,0.0475998038084848,0,2021.67266666667,0,0,0,0,0,0,0,170.548222222222,0.00628231878802078,2.0168590183314e-05,0.0165143092685849,0.000308060744497764,0.00479263827475124,0,0.027754639565079,4.34679841819092e-05,0,0,0,2.45833480474767,1.22276449938697,0,0,3.94170438888889,0.490702621517301,0.867655176827269,4.64643505326511,0.357968468290253,0.785439301568642,0,0,3.42566121229172e-07,0,0,0.961919758850575,0.0231847087414314,0,0,0,0.078523251532567,0.0415597862923608,0,0,0,0,0,0,0,0.0733146276323455,0,0.000182631492943014,0.00295225481960919,0.336638567513134,0.953942840668433,0.00794646743108954,0,1.28869781461313,0,0,0,0,0,0.00733798192696995,8.03240211100745,0.122094854686985,0.204105916615187,0,0,0,0.000167004572538546,0.826479201997634,3.49088679128022,0.000385301376577137,0.590856575410245,1.07088432761573,0,2.49420096698235e-12,0,66.9955836884812,1.07887461381467e-06,0.000646911212727495,0,0.0089836292813415,0.0760290959827341,0.0107567582541894,0.000395024070891691,0.663844630055222,0.48112113651341,0.059351037816092,10.8343880386952,0.00357844963277913,0,0.21471862633944,1.1304387288984e-09,0.0176224143799806,0.00509172276588803,0.102060477924293,7.02525394590114e-05,0.23087743283603,0,0.0025035959899482,0.00215757693918061,0.000326375036453824,0.00125115901267397,0.000104318913764969,0,0
1,0.0227242878891306,0.288475842312617,2.23757738402111,0.993263988888889,0.400421175238061,0.0447464777777778,0,0,0,0,0,0,2.47910308050783e-06,0.00196139880906941,0.00114547760664043,0.0480770179409978,0,1951.04988888889,0,0,0,0,0,0,0,134.928555555556,0.00591703679168319,3.03024480402799e-05,0.0193077120289339,0.000365137150459027,0.00102576666666667,0,0.0372850160512828,8.57487636611285e-05,0,0,0,1.76527673333333,0.990319160536399,0,0,2.59273628888889,0.484597839663114,0.876278897712963,4.77184479198472,0.362814491478473,0.816263399050959,0,0,2.5245758888702e-07,0,0,0.656972538582375,0.0286745845639341,0,0,0,0.0542421140996169,0.0771806177731561,0,0,0,0,0,0,0,0.0803225090754601,0,0.000392786424800933,0.00527749896901156,0.432050355555556,1.03019171381163,0.0188071151529281,0,1.33602456867092,0,0,0,0,0,0.00873630880283061,5.68699716666667,0.130691872831491,0.197171625554478,0,0,0,5.93434202005348e-05,0.4940361,1.88385866666667,0.000292292311008634,0.593228414229412,1.12009017941224,0,2.667055903364e-12,0,65.6072286302035,8.26442974700976e-07,0.000580691213031982,0,0.00903257392769947,0.057198403920137,0.00944472063351019,0.000641465876207778,0.67641751053766,0.209852172950192,0.0233784747126437,10.8509550366332,0.00204668587408703,0,0.231686792331653,9.72655859677308e-10,0.0171595382888216,0.00531583146026255,0.115199533333333,9.53750082178084e-05,0.217862577777778,0,0.00388762337366443,0.00311024138074395,0.000512303275432996,0.00109410833839903,9.35793370183292e-05,0,0
1,0.0214117786371428,0.291137898739281,2.33745269100551,1.04491443333333,0.404371686796703,0.0530545111111111,0,0,0,0,0,0,2.59082139834003e-06,0.00196812599659308,0.00106890305555017,0.0484963946883675,0,1949.85488888889,0,0,0,0,0,0,0,141.892666666667,0.00509303328452352,2.5124442427484e-05,0.021928033359554,0.000339321202467674,0.00183242222222222,0,0.0481008493199055,9.71074220158122e-05,0,0,0,1.80472641111111,0.938660231877395,0,0,2.79680037777778,0.491530191064318,0.90292724325148,4.91191946826341,0.370902679170956,0.83071453196121,0,0,2.38036081512003e-07,0,0,0.669030158007663,0.0269023396070487,0,0,0,0.0544879584291188,0.0916934054570798,0,0,0,0,0,0,0,0.0892832317599098,0,0.000485529924747795,0.00488284556390013,0.452513477777778,1.12843520211831,0.0172481853663476,0,1.3883984006699,0,0,0,0,0,0.00830381202117451,5.5879314,0.130896677686366,0.200555500767561,0,0,0,6.41273067663907e-05,0.639292188888889,2.25562033333333,0.0002919085237851,0.602619174633391,1.1838993868118,0,2.70777682594825e-12,0,62.8788318360831,8.98115583800949e-07,0.000643792646448442,0,0.00955129891657154,0.0571337770416259,0.00767745449188584,0.000612059497474572,0.686031497171806,0.231757015249042,0.0231575623371648,10.9800711754599,0.00205839899202983,0,0.233372060916971,1.05658960044947e-09,0.0167799318804538,0.00555651192266369,0.141659644444444,6.22169927047717e-05,0.162002466666667,0,0.00369006502867645,0.00295260990932549,0.000504124875585741,0.000855406528518756,0.000104800283857414,0,0
1,0.0259672918386448,0.300973967616013,2.44347983167364,1.11897751936493,0.391178444162687,0.0457171717779414,0,0,0,0,0,0,2.80711210875672e-06,0.0028250311766836,0.000938775482297949,0.0489442465771051,0,1951.25,0,0,0,0,0,0,0,140.925222222222,0.0045076490477726,2.66904387204045e-05,0.0240257124029048,0.000425987256744725,0.00261403651715068,0,0.0565961305053098,0.000145111555241539,0,0,0,1.77489314573797,0.919447412681992,0,0,3.1024913,0.496561666875805,0.926805968340704,5.07731493706302,0.378580337886785,0.876047950796157,0,0,3.0437650311894e-07,0,0,0.757412297088123,0.0332119600862394,0,0,0,0.0461205894636015,0.101905798954721,0,0,0,0,0,0,0,0.0810653805193324,0,0.000535500174274014,0.00497190550334263,0.373591698005213,1.06190273496475,0.0192956956280099,0,1.44288880185082,0,0,0,0,0,0.0116101929032809,6.01615202276028,0.150185558885113,0.203566574290358,0,0,0,5.66370732091744e-05,0.531827534193882,2.06306837608709,0.000310986010689781,0.605329820894012,1.24185642171071,0,2.79254575143186e-12,0,63.553583383457,8.85534371065991e-07,0.000690612667238859,0,0.00971557200283923,0.0556369867315348,0.00664917332000492,0.000725190626147392,0.709697813314644,0.282940019463602,0.0266526255172414,10.990414902304,0.00208751635136801,0,0.254708168609331,1.0989026454531e-09,0.0165221486441535,0.00580276130942337,0.11240390337922,6.98877203877818e-05,0.145388268489951,0,0.00432121592108589,0.00341757677322762,0.000554190375091279,0.000750528341031309,0.000112333850638179,0,0
1,0.0337047511808097,0.325541690652292,2.53237313830531,1.01817547227408,0.394238204691008,0.0596449799562487,0,0,0,0,0,0,4.90096967685161e-06,0.00421010858190707,0.000861059928661339,0.049446003956137,0,1949.50511111111,0,0,0,0,0,0,0,134.036777777778,0.0045625619574859,3.22900788654432e-05,0.0256274367594726,0.000583497064040493,0.00226455986084381,0,0.0657840734184306,0.000230596608737793,0,0,0,1.69479816010764,0.889814636436782,0,0,3.05128262222222,0.47938272798551,0.92059163742571,5.23581747981721,0.383232100761785,0.976379185582687,0,0,3.41196406903531e-07,0,0,0.830472123678161,0.041468792392195,0,0,0,0.0419814510727969,0.109338592928646,0,0,0,0,0,0,0,0.0614959144562948,0,0.000610871517206902,0.00464104665584041,0.272416812498368,0.884064210244323,0.0229651208477911,0,1.49245698335767,0,0,0,0,0,0.0174967678817085,5.96194212410241,0.210032786317061,0.196547162349855,0,0,0,4.18179909620453e-05,0.356881735315868,1.64268948115942,0.000328610578495154,0.606708755299997,1.28519194513081,0,2.80073869672305e-12,0,66.0888972255389,8.19026753246782e-07,0.000664488381341725,0,0.00893742518305534,0.0440715617350806,0.00640147879708754,0.000824236075434828,0.760819525533875,0.303797494904215,0.0275726026819923,11.0110135108582,0.00179874698828529,0,0.320113078042033,1.01437964171894e-09,0.0162567037654206,0.00602998672827261,0.121503621979755,9.65338350343802e-05,0.150978074706732,0,0.00534823858933985,0.00456398105954519,0.000769428586473266,0.000721581497871771,0.000108035126674687,0,0
1,0.0326340782158066,0.349032950351754,2.63183812878805,0.9741105,0.383043806338331,0.0485237111111111,0,0,0,0,0,0,4.05833539387967e-06,0.00478081013650416,0.000905431712977127,0.0498273139099235,0,1949.56322222222,0,0,0,0,0,0,0,135.936111111111,0.00438363040048046,3.18813819015636e-05,0.0275791146291729,0.000608737440504468,0.00330103333333333,0,0.0668040432811665,0.000236338780407981,0,0,0,1.49493078888889,0.874906601532567,0,0,3.2861704,0.464187461377497,0.878791891543022,5.39559156713088,0.394785126632894,1.05674908986891,0,0,3.47094519308685e-07,0,0,1.03860447927203,0.0415265182228256,0,0,0,0.0439965198467433,0.104194906188483,0,0,0,0,0,0,0,0.0486993823589992,0,0.000516276657918513,0.00369696293315774,0.210334888888889,0.699173010796654,0.0153106008055951,0,1.56320413602792,0,0,0,0,0,0.018620732668421,5.89318241111111,0.247910767078179,0.185225422765427,0,0,0,5.5303484714082e-05,0.482223031943684,2.09831009913033,0.000369831906991492,0.608249593163821,1.34784946476852,0,2.6655756505197e-12,0,66.4796081923464,8.95622911849385e-07,0.000874195054718919,0,0.00733917976653998,0.0392974644609783,0.00659629425515092,0.000651928983011326,0.814725531523567,0.41606090210728,0.0365893085057471,10.9218948786216,0.00209924551731136,0,0.33977565475423,1.28675024067482e-09,0.0161457515265407,0.00633922013589955,0.110822166666667,9.29881309840548e-05,0.1434356,0,0.00464978793701349,0.00441090820917971,0.000702483197000535,0.000759320799658325,0.000140750040093759,0,0
1,0.042700476344694,0.401945778268033,2.69286737842413,0.920748711111111,0.347527280239356,0.0453764333333333,0,0,0,0,0,0,5.08467207073008e-06,0.00747049065814591,0.000813252785513694,0.0500756398921321,0,1950.13466666667,0,0,0,0,0,0,0,137.834222222222,0.00413778425487227,3.81426029984561e-05,0.02893029167622,0.000902117172017119,0.00287695555555556,0,0.0646771113354882,0.000316116225454192,0,0,0,1.34595748888889,0.781267728927203,0,0,3.41821497777778,0.411729609495128,0.806985060190801,5.56558109447457,0.400090893769971,1.22887601715015,0,0,4.42367638095358e-07,0,0,1.09651574731801,0.0528642896207715,0,0,0,0.0332465283908046,0.0914991677670633,0,0,0,0,0,0,0,0.0314474265352563,0,0.000472391323176076,0.00301156234233842,0.1334592,0.506947138246437,0.0160971764069979,0,1.61892833432636,0,0,0,0,0,0.0300815922607115,5.55010276666667,0.381039328120973,0.159728516680198,0,0,0,3.92231631847959e-05,0.291359022222222,1.55543788888889,0.000373767873370585,0.593852232164763,1.36839607773401,0,2.75522258832388e-12,0,70.3997392053701,8.66084253692612e-07,0.000804031584421041,0,0.00573177324125904,0.0277223879234288,0.00557453592341411,0.000649087103797954,0.926088991562702,0.471863766628352,0.0447235425670498,10.5935762533207,0.00186536415600414,0,0.409819330394685,1.12651049943534e-09,0.0159549531532856,0.0065975393736349,0.0668798222222222,0.000112099704428864,0.129388222222222,0,0.005030104032378,0.00530653517527473,0.000732272837755761,0.000606999743368656,0.000125416901634813,0,0
1,0.0448971631585583,0.459259607780532,2.73026298815192,1.11859734157128,0.346693230295102,0.0666484314350865,0,0,0,0,0,0,7.31982187536331e-06,0.00806894820728204,0.000795568618939609,0.0501541305045266,0,1952.64188888889,0,0,0,0,0,0,0,141.790111111111,0.00481708147231445,3.93674571272555e-05,0.0302158736865802,0.00113284275023975,0.0024391576229342,0,0.063502102064467,0.000305630766772312,0,0,0,1.67490206463524,0.705447118390805,0,0,3.7460945,0.359609163108483,0.725765307777069,5.74198576091282,0.405703313154233,1.40744243919054,0,0,4.84406694889537e-07,0,0,1.12316085252874,0.0543398799318863,0,0,0,0.0279594876628353,0.0847759693548278,0,0,0,0,0,0,0,0.0239236763381176,0,0.00045578642431385,0.0027035935164331,0.123800746849723,0.408327907710998,0.0159277482203578,0,1.66600818502075,0,0,0,0,0,0.0324389895238423,6.11003314705927,0.507315483853499,0.136749137003388,0,0,0,4.75832420939428e-05,0.274088411111111,1.67811177777778,0.000437631531063223,0.585329513563459,1.38370798318649,0,2.6112839184946e-12,0,75.1704552864742,9.07336910670114e-07,0.000756193372472302,0,0.00434923118475626,0.0224891279135796,0.00662634617822187,0.000513602730211253,1.04765580156111,0.513193757969349,0.0635002062835249,10.3991630102295,0.00197860828628804,0,0.480022498322981,1.02550716865016e-09,0.0157029350890233,0.00682465573393524,0.0991172459631652,0.000143384992567865,0.169170527574276,0,0.00482394529057387,0.00612378433232,0.000866918462684874,0.000759550194564825,0.000115671106049273,0,0
1,0.0471986659016002,0.512676352365918,2.75522527985553,1.59840781363702,0.394287295411516,0.108166838403051,0,0,0,0,0,0,9.77058699937943e-06,0.00771958815631386,0.000713739257999002,0.0500430721896081,0,1965.53666666667,0,0,0,0,0,0,0,148.032444444444,0.00551780289722209,3.54118085854213e-05,0.0316159696464726,0.00126350605425667,0.00283075272708264,0,0.074216860163575,0.000291646398063578,0,0,0,2.11802271614723,0.667273082222222,0,0,4.24421281111111,0.32615667138866,0.672989896147662,5.92762361882809,0.412013306238833,1.57080178755846,0,0,5.43331839090118e-07,0,0,1.30395580111111,0.0531968264003762,0,0,0,0.0246073622222222,0.119978468486904,0,0,0,0,0,0,0,0.0352918558427523,0,0.000667635149949478,0.00491971213393266,0.271559480889683,0.535639444802718,0.029683420213589,0,1.69994644584969,0,0,0,0,0,0.0303613634469996,6.9033033740034,0.598891695039,0.127820275224626,0,0,0,7.46492767188182e-05,0.294569200895839,2.06912175510657,0.000547874421065009,0.590382602565332,1.40849381650716,0,2.44005896587622e-12,0,81.6124347121826,1.00233634497634e-06,0.000654151189732004,0,0.00400232844428541,0.0279083530722008,0.00761992797765448,0.00051849738031202,1.15803266498416,0.58953472,0.0902428277777778,10.5383254653868,0.00243119975489087,0,0.554999331203079,9.03964215861036e-10,0.0154994344229992,0.00699133607304127,0.169968285527451,0.000135845518481191,0.194722252495845,0,0.0051420083846794,0.00682923091057674,0.00104501006768695,0.000860322954059712,0.000101393551261295,0,0
1,0.0445345847736652,0.547985001261454,2.76977911208467,1.41850827777778,0.458914981709883,0.0827581555555555,0,0,0,0,0,0,6.30254045226306e-06,0.00618099229046699,0.000553724778153818,0.0497852040367918,0,1973.99444444444,0,0,0,0,0,0,0,145.109777777778,0.0051515938742675,3.07388731022612e-05,0.0324210645676771,0.000916618632482428,0.00483607777777778,0,0.0933371394749634,0.00030858558023667,0,0,0,2.132693,0.633943234444444,0,0,3.9996555,0.313670610661393,0.65919635437309,6.05482291776234,0.413692599271467,1.6823601464978,0,0,4.82449078316908e-07,0,0,1.17166066555556,0.0468041953630207,0,0,0,0.0236882633333333,0.158278684006975,0,0,0,0,0,0,0,0.0484765876674004,0,0.000893237339023846,0.00628514178577198,0.411992511111111,0.729206415557731,0.0434589073617296,0,1.71588904423787,0,0,0,0,0,0.0248835594862803,7.03212192222222,0.643083047118674,0.132903217395942,0,0,0,8.04394332127209e-05,0.265828810657483,1.98308763503264,0.000558261483063762,0.601807542663191,1.42930541673053,0,2.05040476592982e-12,0,85.7587806059597,9.47993502296384e-07,0.000496846775523955,0,0.00443094301367509,0.0346412225082188,0.00710356739805123,0.000587854082344126,1.22694552466196,0.504715961111111,0.0628629755555555,10.9216061762467,0.00228394260098051,0,0.622291699561745,7.35859247552244e-10,0.0154817861648555,0.00707034681521483,0.229899144444444,0.00011098809409956,0.187832922222222,0,0.00563443675584099,0.00637278900105188,0.00117823109082192,0.000791740551668549,7.99055053297051e-05,0,0
1,0.036563731767765,0.564203128122432,2.77764699551529,1.20596281111111,0.511939459231464,0.0653158888888889,0,0,0,0,0,0,4.47870513149771e-06,0.0044805294364063,0.000461857210481276,0.0494871985089437,0,1969.70366666667,0,0,0,0,0,0,0,136.381888888889,0.0047035281462053,2.7853480348151e-05,0.0326182376309811,0.000712789934174759,0.00777735555555556,0,0.10666110709741,0.000315840689741909,0,0,0,1.87578944444444,0.593625034521073,0,0,3.51500188888889,0.312729368600714,0.660716836961844,6.12131403061409,0.412020258518644,1.73306235267219,0,0,3.81567136288111e-07,0,0,0.998988995747126,0.0385433054224667,0,0,0,0.0216144962068966,0.150089062737925,0,0,0,0,0,0,0,0.0474213110951861,0,0.000880889165783361,0.00459028954008939,0.332767844444445,0.774834513780985,0.0381456626715039,0,1.72365351276379,0,0,0,0,0,0.0187425835353774,6.74566061111111,0.640076514846863,0.141926337947923,0,0,0,7.76880940349579e-05,0.248260255555556,1.80952322222222,0.0005202184386828,0.614087392213586,1.44096394274261,0,1.60847824640383e-12,0,87.0933689261622,8.70087898314464e-07,0.000408899901639766,0,0.00483579539691273,0.0378550830476076,0.00662773670471948,0.000585675911484248,1.25882965238352,0.382825121072797,0.0458345642528736,11.3588925696605,0.00197329611659346,0,0.661995079581626,6.57294405454253e-10,0.0156798309148085,0.00710314764674355,0.252371644444444,9.84226414441418e-05,0.1839006,0,0.00553002483438352,0.0057317341202641,0.00118847490467451,0.00075418839058572,6.85121909786739e-05,0,0
1,0.030056612069856,0.569837881653739,2.78402665257792,0.931055693495924,0.542235370766482,0.0560015720613493,0,0,0,0,0,0,3.36388819814838e-06,0.00331563101025054,0.000393292919753723,0.0492889405356994,0,1965.56766666667,0,0,0,0,0,0,0,138.285444444444,0.00418216247196025,2.46793799491653e-05,0.0324963330920815,0.000577790703619044,0.00865956134879955,0,0.1117442562504,0.000287228123380336,0,0,0,1.6808053330666,0.584067045440613,0,0,3.01807410191571,0.316708345125832,0.665098344520978,6.14546162182961,0.409472943555324,1.74888158344073,0,0,2.87642298584319e-07,0,0,0.899620184597701,0.0322169677561496,0,0,0,0.0211030178927203,0.141995895171589,0,0,0,0,0,0,0,0.0465960713580092,0,0.000766009459089855,0.00403563074542217,0.332546712578207,0.799651013465397,0.0331400505195452,0,1.73067009286519,0,0,0,0,0,0.0141539094374083,7.48334021899425,0.61341578368335,0.149415016422448,0,0,0,7.28161067527864e-05,0.255095533333333,1.71080233333333,0.000480594304070878,0.624291073362694,1.44259731820562,0,1.13548091325679e-12,0,85.3940968211528,7.85452165426578e-07,0.000355015920567172,0,0.00502407077131393,0.0366345189141648,0.00599194554341085,0.00054264542060228,1.27115518280442,0.290810909386973,0.0347067850957854,11.7218756127983,0.00168451653702037,0,0.670789038543478,6.02723569060556e-10,0.0159072014910251,0.00712428888227023,0.236103887230049,7.63207815822843e-05,0.162253835535067,0,0.00486100270355928,0.00484036019755681,0.00101534247389081,0.000680155349034403,6.14426363883735e-05,0,0
1,0.0247713260938872,0.569439657128408,2.77688442492311,0.84303804265514,0.558131882981822,0.0319951813530113,0,0,0,0,0,0,1.66811206617773e-06,0.00237605942133787,0.000285940286577329,0.0491929635006508,0,1960.42494366901,0,0,0,0,0,0,0,124.24770554892,0.00378756721643711,2.21223351600659e-05,0.0320177501923879,0.000380555712892583,0.00808633562640786,0,0.112488612291889,0.000251582662096646,0,0,0,1.71569998256168,0.648440514184765,0,0,2.50833018443862,0.31518800825034,0.664924328513605,6.1293668301639,0.404878493593878,1.74629546677905,0,0,1.92239040405786e-07,0,0,0.662254310503826,0.0256948257228087,0,0,0,0.00934753878438429,0.137178713085721,0,0,0,0,0,0,0,0.0423436762111464,0,0.000627156805582049,0.00336217675086263,0.336133076853237,0.803884357667129,0.0316117848736905,0,1.72704335194486,0,0,0,0,0,0.0108417633226281,7.02089822383212,0.590961138704441,0.152527047394867,0,0,0,5.1795866229632e-05,0.194591450474538,1.36933645509262,0.000422045828889208,0.628077898766912,1.41983383195031,0,6.46729134623283e-13,0,83.0924094669628,6.5385129764748e-07,0.000236652352487705,0,0.0050310703482001,0.0284985879545636,0.00551579621508348,0.000502042125796757,1.27000270069296,0.163073562173946,0.0127339718876458,11.98194480944,0.00108940860650199,0,0.674839476133361,4.12260926759976e-10,0.0159723026451997,0.00710303813323482,0.217367258409804,7.10951385983915e-05,0.174039123687595,0,0.00438229049928208,0.00390287929903962,0.000902813221105772,0.000644630329827229,4.18638326852408e-05,0,0
1,0.0221362064471811,0.566825979532403,2.76243952068104,0.678176566666666,0.558253217356678,0.0294992111111111,0,0,0,0,0,0,1.41884526293327e-06,0.00225678468523252,0.000207246185146846,0.0490760907278227,0,1956.60111111111,0,0,0,0,0,0,0,122.699111111111,0.00326209313278831,1.93824397099735e-05,0.0312642044098564,0.000313616873770617,0.00857344444444445,0,0.111966929669298,0.000230576887208834,0,0,0,1.74090385555556,0.670370788215148,0,0,2.26530445555556,0.311737825082644,0.662754550602068,6.0842560638105,0.399662565953067,1.73497126641949,0,0,1.57848212495911e-07,0,0,0.654463342715789,0.0229211846603244,0,0,0,0.00815728145366348,0.136745966499365,0,0,0,0,0,0,0,0.0384780241162551,0,0.000539924006279193,0.00302806236671844,0.333042,0.797398470703412,0.0300689390892803,0,1.71929541219435,0,0,0,0,0,0.0100820666997317,6.81653343333333,0.571013873967238,0.154830784535854,0,0,0,5.61799481446259e-05,0.179791366971305,1.37717928744298,0.000442865447333456,0.626790118426683,1.38567098836869,0,4.1405864169768e-13,0,80.6454154920112,5.90488797880804e-07,0.00020106869085293,0,0.00491340916124477,0.0268310737495695,0.00482199590243303,0.000454505130879604,1.26410399796175,0.162231987516494,0.0100499691048194,12.089839536636,0.00100704620314678,0,0.669174802343565,3.56568543293367e-10,0.0160228710899562,0.00706165183086698,0.172381,5.41848398040991e-05,0.143596144444444,0,0.00382498266274088,0.00325322814998106,0.000738969909153383,0.000552103563174337,3.58965773601966e-05,0,0
1,0.0179228690224084,0.561623133256588,2.74020227653273,0.545712666666667,0.551007838571331,0.0232257111111111,0,0,0,0,0,0,9.86563947159242e-07,0.00194807591977839,0.000118869243148442,0.0489689323601774,0,1951.97655555556,0,0,0,0,0,0,0,120.232,0.00276244519020752,1.68178570007975e-05,0.0301974783513135,0.000257628215956683,0.00615434444444444,0,0.110205831572014,0.000199579625463407,0,0,0,1.51037764444444,0.675329228880071,0,0,1.96783743333333,0.309863651884984,0.657572943258787,6.01034022809716,0.394098817549056,1.71387418703928,0,0,1.12487397417846e-07,0,0,0.646839083818342,0.018438922563788,0,0,0,0.00825244611992946,0.133093024710694,0,0,0,0,0,0,0,0.0323509687286526,0,0.000449347736988868,0.00199899599181784,0.256676233333333,0.756920636082163,0.0262810552188144,0,1.70688056087105,0,0,0,0,0,0.00862041255044001,5.23852608888889,0.552144953247093,0.15802499634463,0,0,0,7.45339440308444e-05,0.158645137777778,1.4878354,0.000528677291969139,0.622201749418148,1.34357936469773,0,1.95795638720321e-13,0,77.9542474971019,4.81893705097433e-07,0.00015479954482129,0,0.00468869012178626,0.0258943685382214,0.0044997631365822,0.000387048520036889,1.25283072745281,0.153379021737213,0.0101813206349206,12.0891702714487,0.000902625881255548,0,0.656862367133157,2.7699052509778e-10,0.0159361536447293,0.00700025150559772,0.133981877777778,5.03426088463532e-05,0.150864977777778,0,0.00320815492022926,0.00258538099960412,0.000598284585195846,0.000538606903588907,2.76337569250471e-05,0,0
1,0.0120797515602231,0.551446994718858,2.69930488745256,0.653028504838529,0.546530806080269,0.0427705444418344,0,0,0,0,0,0,1.24096915762372e-06,0.00118786046990729,3.69056460297251e-05,0.0487298829261963,0,1954.1022925561,0,0,0,0,0,0,0,136.912606732348,0.00224293731589359,1.42290673463375e-05,0.0283708550176457,0.000148504905606001,0.00614847591661175,0,0.107473621367606,0.000131525886688767,0,0,0,1.7481654248854,0.681368956431524,0,0,2.05257313333333,0.307037966093829,0.646908341258668,5.90291518155843,0.387143830327693,1.6804579756385,0,0,8.70238999853492e-08,0,0,0.68898964815668,0.0126018918400354,0,0,0,0.0121956490897392,0.130820484142874,0,0,0,0,0,0,0,0.0267586036998,0,0.000341533320605223,0.00129158394089901,0.247787500385105,0.720697012814033,0.0234730580854088,0,1.68206212647757,0,0,0,0,0,0.00529505804004159,5.7214184250857,0.532338926487382,0.162361689987724,0,0,0,0.000185316119748956,0.139522082222222,2.05559377777778,0.000846071668852131,0.614839724818657,1.29681712943072,0,7.52949801322146e-14,0,75.3516426322319,3.50172598207837e-07,9.01983811118109e-05,0,0.00440681049812038,0.0270759466109229,0.00471798379405639,0.00025119205497324,1.23089046858989,0.14,0.01,12.0045683674157,0.000968784575493559,0,0.640447497287564,1.66368052248729e-10,0.0158382921615595,0.00689049263484543,0.112298068056517,5.54502828107852e-05,0.241945993808105,0,0.00243714752344427,0.00174689620539014,0.000478397071687771,0.000640998683851125,1.60135463964617e-05,0,0
1,0.010106859849645,0.536880372167133,2.63848553405138,1.71610060782404,0.606965404490465,0.15640102951315,0,0,0,0,0,0,1.55930919703591e-06,0.000333055814913226,5.4273373960932e-06,0.0482640697738842,0,1965.78923754789,0,0,0,0,0,0,0,190.10639709907,0.00141125395923853,8.54441928632368e-06,0.0248032227867527,5.08636853987684e-05,0.0049228437096397,0,0.10444266978351,4.27355060734905e-05,0,0,0,4.79799861745152,0.940854659892878,0,0,2.79522958888889,0.304360087579651,0.632205501059313,5.75743757540656,0.379022153541334,1.63621638435849,0,0,8.77479656369981e-08,0,0,0.51375638044966,0.00755107603776164,0,0,0,0.0360950735172595,0.145801861243703,0,0,0,0,0,0,0,0.0297259566065212,0,0.000246580720841391,0.00199227477521779,0.987935919442866,0.801792522280944,0.0237161379587835,0,1.64367542553196,0,0,0,0,0,0.00153259262937466,12.8007128286034,0.511549485635689,0.170162433300415,0,0,0,0.0013988410329875,0.20538026,5.42557288888889,0.00178601723161976,0.621094493948483,1.33683787085536,0,2.0133867595124e-14,0,69.223569486108,1.93430101356644e-07,4.27333219408301e-05,0,0.00413672200546307,0.0317660398215545,0.00508825128017015,7.78718992250886e-05,1.19892868055882,0.14,0.01,12.1372391623293,0.00213211083099162,0,0.627335556683465,8.7415612670006e-11,0.0157715619587353,0.00672748014246647,0.267716840070627,4.07337428953499e-05,0.509971762136255,0,0.00289885704245323,0.00178701657401191,0.000743222529340534,0.000822790057913563,7.70232145834092e-06,0,0
1,0.0234643093009847,0.522293076886287,2.57391883880338,2.21982094444444,0.758639538593978,0.188935355555556,0,0,0,0,0,0,1.7375751560519e-06,0.000189422218852622,2.29749698300984e-06,0.0477560544847801,0,1982.09422222222,0,0,0,0,0,0,0,216.257777777778,0.00094426960227164,6.27096231855584e-06,0.02124987760543,4.88497567356519e-05,0.00657392222222222,0,0.10184056073724,3.9107813448746e-05,0,0,0,6.81465922222222,1.14720154409962,0,0,3.70017908888889,0.301924748234855,0.617725608364446,5.59912926265985,0.37019580131729,1.60027808379025,0,0,2.1731729926707e-07,0,0,0.317135943754789,0.0111915240633472,0,0,0,0.0488796704597701,0.189354519626359,0,0,0,0,0,0,0,0.0384664862756945,0,0.000196334294567016,0.00486931296661247,2.56503268888889,1.0103195135308,0.0335063485281521,0,1.60222956916377,0,0,0,0,0,0.00119590665589817,14.9577452111111,0.494051622768236,0.180800574808995,0,0,0,0.00252194840204302,0.136040919741925,6.53075774140815,0.00191558643699772,0.647968446721744,1.52245283792076,0,3.58294417560514e-15,0,62.0647818166227,4.29945694683858e-08,2.83828869729456e-05,0,0.00390570299131883,0.0385690000062777,0.00497840429351678,5.35519601290554e-05,1.16610855914029,0.14,0.01,12.6356488227104,0.00546222731567253,0,0.658118015784129,6.64541239219577e-11,0.0158520092985683,0.00655234911940265,0.545653366666667,4.57561664841681e-05,0.611438233333333,0,0.00763662807962559,0.00461709616902258,0.00202884345411827,0.000880809207319548,5.35209963971679e-06,0,0
1,0.0184981530614595,0.508211731694796,2.51172421274917,1.54741202222222,0.833946000433226,0.0952324888888889,0,0,0,0,0,0,7.39166198183662e-07,0.000196718211924827,3.06378194943522e-06,0.0472855121184245,0,1970.59255555556,0,0,0,0,0,0,0,178.617111111111,0.000828330019490467,4.92392232522059e-06,0.019239948600599,6.11550995768108e-05,0.00724863333333333,0,0.0999855450398757,3.21938986163742e-05,0,0,0,4.197041,1.09830065,0,0,3.25624248888889,0.300954455378678,0.605011967406926,5.44236573221293,0.360737349472657,1.56475266731765,0,0,2.11838826031964e-07,0,0,0.247377261111111,0.00991781415626749,0,0,0,0.0284252388888889,0.231317774368332,0,0,0,0,0,0,0,0.0475408634333707,0,0.000186698942348742,0.00553384305335813,3.28183893333333,1.22592802940144,0.0443174335628267,0,1.56183316587393,0,0,0,0,0,0.00110899188901846,12.2883873777778,0.477849912805846,0.192708817583915,0,0,0,0.00117059825385486,0.129238103325767,4.07868328861825,0.00103393429610433,0.65614828192995,1.57865482770134,0,0,0,54.6000657519655,3.04155056051442e-16,2.29809019063819e-05,0,0.0037243890372237,0.0437975683193001,0.00486260999167495,6.48984528574531e-05,1.13441732364503,0.14,0.01,12.937120389555,0.00426880441130714,0,0.670098823695817,5.99035585340158e-11,0.0157405245340424,0.00638103091872712,0.478387544444444,2.71306031489641e-05,0.423225233333333,0,0.00502466216378827,0.00323092595640596,0.0012121386996274,0.00088302461502577,4.45776433723035e-06,0,0
1,0.0129070232959056,0.49641266262355,2.46100640493633,1.32737501611502,0.867645293800348,0.0628889583700458,0,0,0,0,0,0,4.8627305093388e-07,0.000238586635791334,3.91070089466606e-06,0.0470308320624329,0,1963.57577777778,0,0,0,0,0,0,0,162.234777777778,0.000778024557528804,4.84155608254815e-06,0.0178877544893457,6.75634448694949e-05,0.00947487681040472,0,0.0989746825967349,3.14671483332271e-05,0,0,0,3.11569914287242,1.14399171,0,0,2.75549287777778,0.30186167412624,0.595892242438085,5.31062488703745,0.352543929249878,1.53213809688179,0,0,1.57152626933799e-07,0,0,0.226241758888889,0.00772742128126603,0,0,0,0.0182952633333333,0.25518721535458,0,0,0,0,0,0,0,0.048007663170847,0,0.000196400899102668,0.00382182472087848,2.24700133155302,1.32570403327041,0.0484736706795441,0,1.52840655694138,0,0,0,0,0,0.0012015568717179,9.97733815652946,0.464043653815552,0.204903302378231,0,0,0,0.000618709082787436,0.121028303333333,2.66135366666667,0.000707371707685754,0.656416003834814,1.56313093526742,0,0,0,48.8426116210217,2.56397931656813e-16,2.12509779413737e-05,0,0.00359198668466562,0.0478903375498792,0.00473576530954349,8.63731416956382e-05,1.10789876493045,0.14,0.01,13.081024860321,0.0026026398131206,0,0.66788007919282,5.838297474542e-11,0.0156678729307852,0.0062379952575588,0.380740434440893,2.04417478076844e-05,0.317591786295883,0,0.00343274193688808,0.00209373814514307,0.000810404856229347,0.000863163174452711,4.17887279423974e-06,0,0
1,0.0132535453130423,0.485754234076293,2.41365245463797,1.13991162197998,0.884990051881338,0.0273186238961322,0,0,0,0,0,0,2.47928508414294e-07,0.000247922374767246,1.98517408134523e-06,0.0468778187796688,0,1958.84844444444,0,0,0,0,0,0,0,138.154888888889,0.00059060990068628,6.08463286833836e-06,0.0165467206673051,5.99749459229794e-05,0.00878363050347532,0,0.0978683287810647,3.71148203073001e-05,0,0,0,2.47662946159417,1.2163753954023,0,0,2.50560067777778,0.301475935439772,0.586606064837977,5.19044691133781,0.344873849761673,1.50170898399494,0,0,1.39900724407096e-07,0,0,0.210064360536398,0.0069421249838053,0,0,0,0.0180394481226054,0.268857661747423,0,0,0,0,0,0,0,0.0413045117963378,0,0.000192024123163641,0.00284038582681341,1.4991905084454,1.33834295454377,0.0503557612429398,0,1.49697983191768,0,0,0,0,0,0.0013976237721966,8.63158442388574,0.452544466729794,0.215428182736506,0,0,0,0.000657522567864901,0.0702144011111111,2.18028777777778,0.000811610765502673,0.65226773362171,1.53018257500012,0,0,0,45.6486983595601,1.32980492163287e-16,1.53832238785764e-05,0,0.00346365740710955,0.0511005789290641,0.00424745593832215,9.51560773390403e-05,1.08367705197174,0.14,0.01,13.0727741954171,0.00218583983262897,0,0.667984268398168,4.34786336529836e-11,0.0156240234827292,0.00610489736748564,0.269174112320776,1.56773945076339e-05,0.206335560944532,0,0.00406085513695426,0.00229343291047806,0.00095987709373617,0.000771140255350914,3.0287401390146e-06,0,0
1,0.015201180933541,0.477182867473691,2.37401690741293,1.07659238888889,0.897352885831189,0.0152042222222222,0,0,0,0,0,0,1.62719078119817e-07,0.000298096451623841,9.19445731741531e-07,0.0469017928865658,0,1957.74355555556,0,0,0,0,0,0,0,127.742333333333,0.000423757917910063,7.71363350514381e-06,0.0152260364174874,5.99811475835477e-05,0.00843368888888889,0,0.0968471436960766,4.45478814041666e-05,0,0,0,2.41113803333333,1.33905113735632,0,0,2.33575178888889,0.301096214644247,0.578291990951418,5.09011964266191,0.338381362249634,1.47649272392243,0,0,1.21955205923884e-07,0,0,0.203771658467433,0.00644723054887067,0,0,0,0.019007913908046,0.277772358550432,0,0,0,0,0,0,0,0.0333572388097662,0,0.000178934336936816,0.00208926491211183,1.03818586666667,1.31921639498298,0.0512442996824497,0,1.47033577976927,0,0,0,0,0,0.00188320097146018,8.38154301111111,0.443955203409232,0.22513853292704,0,0,0,0.000611597899567717,0.0395436859672392,1.75995207827367,0.000926289193629831,0.647417902038564,1.49225225912894,0,0,0,43.8917176531552,7.09774268725267e-17,1.12435119271723e-05,0,0.00334120265932997,0.0527256543746187,0.00371838852547945,0.000116552021088,1.06365554671893,0.14,0.01,13.0254230165513,0.00165584081609957,0,0.67418556370053,3.17351917357132e-11,0.0156514968111094,0.00599274569965708,0.206393755555556,1.77183012345123e-05,0.197659566666667,0,0.0052217001549185,0.00278880425335931,0.0012591126677811,0.000675610986759254,2.20606290973254e-06,0,0
1,0.00447760347100469,0.46804957094546,2.33715469251582,1.41059817777778,0.898385659260916,0.0396195555555555,0,0,0,0,0,0,2.01764769735494e-07,0.000191301179114067,2.0291460982048e-06,0.0469500063593781,0,1961.08666666667,0,0,0,0,0,0,0,137.853444444444,0.000448847811745845,3.3345216815899e-06,0.0142395085552505,3.76781236828593e-05,0.00735861111111111,0,0.0964697942975143,1.9684341218063e-05,0,0,0,3.68333508888889,1.48410528816092,0,0,2.27616298888889,0.303560039116288,0.572445676361899,4.99233290383356,0.332366258868712,1.4479168906784,0,0,6.36451686254342e-08,0,0,0.203062428045977,0.00348537095487167,0,0,0,0.031130247816092,0.279331709134523,0,0,0,0,0,0,0,0.029473597766958,0,0.000200223920103905,0.000936012270135333,0.806629322222222,1.30554717758023,0.0484211101187817,0,1.44608449464391,0,0,0,0,0,0.000814960718126364,8.30186061111111,0.432726937687731,0.234237253876792,0,0,0,0.000693976285446661,0.167276749459833,2.81436455860509,0.000665617107463742,0.643246974900315,1.44438346827719,0,0,0,38.3375885294814,1.86132586792641e-16,1.81980649449069e-05,0,0.00322412142695767,0.0541745051956987,0.00366318483273657,7.54560690493656e-05,1.04357746805377,0.14,0.01,12.9587858244911,0.00141155444578127,0,0.660000083922817,5.09449651288641e-11,0.0155770211580098,0.00588786822520091,0.198754144444444,1.06824377012727e-05,0.2505988,0,0.00128200849616566,0.000738549173250731,0.000292845184047843,0.000673919603593193,3.55193711200453e-06,0,0
1,0.00394541053393708,0.458537885789159,2.29666623870556,1.80568266610489,0.911682996771964,0.0862014318094202,0,0,0,0,0,0,3.07151454650483e-07,0.000112269991282328,1.10379500223328e-06,0.0469643832275323,0,1966.89622222222,0,0,0,0,0,0,0,166.050777777778,0.000429881619718691,2.37113278866765e-06,0.0130716693572551,2.05668656781005e-05,0.00421330798869093,0,0.0954992987838538,1.35859490755746e-05,0,0,0,4.83224638720325,1.60570680931034,0,0,2.4371506,0.303459909859791,0.564627399177198,4.89130589643101,0.326290200741619,1.41813237027461,0,0,5.22629217353986e-08,0,0,0.214443783831418,0.00267981399761872,0,0,0,0.0635609927586207,0.277740696250755,0,0,0,0,0,0,0,0.0251395607031442,0,0.000200608542140227,0.000590202108912469,0.722772052890702,1.28469209504756,0.0459022094684674,0,1.41971338206441,0,0,0,0,0,0.000507173885682734,10.7245496943934,0.421890683674159,0.240701712275222,0,0,0,0.00166942041248943,0.184126281333333,4.95325655555556,0.000913189528110927,0.641107596682106,1.41478283073744,0,0,0,33.017793085885,1.07935794911549e-16,1.38584776296205e-05,0,0.00310851831334559,0.0559461659517703,0.00354900776216795,4.48451469689419e-05,1.02260807585998,0.14,0.01,12.890174897923,0.00190269641223495,0,0.645748097416637,3.85588185945828e-11,0.0154302304904793,0.00577612606974184,0.244045525838779,1.04528609701278e-05,0.35053256906876,0,0.00137616333935469,0.000728884224854303,0.000353989189417289,0.000670424289001184,2.69157856221093e-06,0,0
