170,2.82e-18
171,3.25e-18
172,4.31e-18
173,5.96e-18
174,7.88e-18
175,1e-17
176,1.25e-17
177,1.48e-17
178,1.67e-17
179,1.75e-17
180,1.67e-17
181,1.45e-17
182,1.2e-17
183,1e-17
184,8.61e-18
185,7.88e-18
186,7.65e-18
187,7.46e-18
188,7.23e-18
189,7.26e-18
190,7.46e-18
191,7.2e-18
192,6.24e-18
193,5.03e-18
194,3.92e-18
195,2.92e-18
196,2.03e-18
197,1.38e-18
198,1e-18
199,7.92e-19
200,6.35e-19
201,4.89e-19
202,3.63e-19
203,2.66e-19
204,1.96e-19
205,1.44e-19
206,1.05e-19
207,7.64e-20
208,5.62e-20
209,4.03e-20
210,2.72e-20
211,1.71e-20
212,1.02e-20
213,5.95e-21
214,3.32e-21
215,1.75e-21
216,8.91e-22
217,4.7e-22
218,2.55e-22
219,1.29e-22
220,5.46e-23
221,1.87e-23
222,5.05e-24
223,1.08e-24
224,1.83e-25
225,2.48e-26
226,2.69e-27
227,2.36e-28
228,2.86e-29
229,3.09e-28
230,6.24e-27
231,9.96e-26
232,1.27e-24
233,1.29e-23
234,1.08e-22
235,7.36e-22
236,4.21e-21
237,2.04e-20
238,8.53e-20
239,3.09e-19
240,9.81e-19
241,2.73e-18
242,6.65e-18
243,1.42e-17
244,2.63e-17
245,4.24e-17
246,5.94e-17
247,7.25e-17
248,7.72e-17
249,7.21e-17
250,5.96e-17
251,4.41e-17
252,2.97e-17
253,1.85e-17
254,1.09e-17
255,6.16e-18
256,3.32e-18
257,1.69e-18
258,8.09e-19
259,3.77e-19
260,2.31e-19
261,3.27e-19
262,7.62e-19
263,1.83e-18
264,4.07e-18
265,8.26e-18
266,1.52e-17
267,2.54e-17
268,3.84e-17
269,5.25e-17
270,6.5e-17
271,7.3e-17
272,7.44e-17
273,6.92e-17
274,5.89e-17
275,4.61e-17
276,3.36e-17
277,2.29e-17
278,1.48e-17
279,9.11e-18
280,5.42e-18
281,3.11e-18
282,1.72e-18
283,9.08e-19
284,4.55e-19
285,2.15e-19
286,9.52e-20
287,3.93e-20
288,1.51e-20
289,5.37e-21
290,1.78e-21
291,5.62e-22
292,2.16e-22
293,2.46e-22
294,6.52e-22
295,1.84e-21
296,4.85e-21
297,1.18e-20
298,2.63e-20
299,5.42e-20
300,1.04e-19
301,1.84e-19
302,3.04e-19
303,4.69e-19
304,6.78e-19
305,9.2e-19
306,1.18e-18
307,1.43e-18
308,1.64e-18
309,1.79e-18
310,1.87e-18
311,1.88e-18
312,1.83e-18
313,1.74e-18
314,1.65e-18
315,1.6e-18
316,1.64e-18
317,1.79e-18
318,2.06e-18
319,2.46e-18
320,2.96e-18
321,3.53e-18
322,4.12e-18
323,4.72e-18
324,5.32e-18
325,5.94e-18
326,6.6e-18
327,7.34e-18
328,8.21e-18
329,9.21e-18
330,1.04e-17
331,1.16e-17
332,1.29e-17
333,1.42e-17
334,1.55e-17
335,1.66e-17
336,1.74e-17
337,1.8e-17
338,1.84e-17
339,1.86e-17
340,1.86e-17
341,1.86e-17
342,1.86e-17
343,1.86e-17
344,1.88e-17
345,1.91e-17
346,1.95e-17
347,2e-17
348,2.05e-17
349,2.1e-17
350,2.12e-17
351,2.13e-17
352,2.11e-17
353,2.07e-17
354,2e-17
355,1.9e-17
356,1.79e-17
357,1.67e-17
358,1.54e-17
359,1.42e-17
360,1.31e-17
361,1.21e-17
362,1.13e-17
363,1.06e-17
364,9.99e-18
365,9.5e-18
366,9.08e-18
367,8.7e-18
368,8.33e-18
369,7.95e-18
370,7.56e-18
371,7.13e-18
372,6.68e-18
373,6.2e-18
374,5.7e-18
375,5.19e-18
376,4.67e-18
377,4.17e-18
378,3.68e-18
379,3.21e-18
380,2.77e-18
381,2.37e-18
382,2.01e-18
383,1.69e-18
384,1.42e-18
385,1.2e-18
386,1.02e-18
387,8.86e-19
388,7.95e-19
389,7.41e-19
390,7.18e-19
391,7.2e-19
392,7.38e-19
393,7.65e-19
394,7.94e-19
395,8.16e-19
396,8.28e-19
397,8.26e-19
398,8.07e-19
399,7.73e-19
400,7.23e-19
401,6.62e-19
402,5.93e-19
403,5.19e-19
404,4.44e-19
405,3.72e-19
406,3.05e-19
407,2.44e-19
408,1.92e-19
409,1.47e-19
410,1.11e-19
411,8.2e-20
412,5.93e-20
413,4.21e-20
414,2.93e-20
415,2e-20
416,1.34e-20
417,8.79e-21
418,5.68e-21
419,3.61e-21
420,2.27e-21
421,1.42e-21
422,9.01e-22
423,6.07e-22
424,4.67e-22
425,4.38e-22
426,4.98e-22
427,6.37e-22
428,8.6e-22
429,1.17e-21
430,1.59e-21
431,2.13e-21
432,2.8e-21
433,3.63e-21
434,4.62e-21
435,5.8e-21
436,7.16e-21
437,8.7e-21
438,1.04e-20
439,1.23e-20
440,1.43e-20
441,1.64e-20
442,1.86e-20
443,2.09e-20
444,2.31e-20
445,2.53e-20
446,2.74e-20
447,2.94e-20
448,3.13e-20
449,3.3e-20
450,3.46e-20
451,3.6e-20
452,3.73e-20
453,3.84e-20
454,3.94e-20
455,4.03e-20
456,4.11e-20
457,4.19e-20
458,4.27e-20
459,4.36e-20
460,4.44e-20
461,4.54e-20
462,4.65e-20
463,4.78e-20
464,4.92e-20
465,5.08e-20
466,5.26e-20
467,5.45e-20
468,5.66e-20
469,5.89e-20
470,6.14e-20
471,6.39e-20
472,6.66e-20
473,6.92e-20
474,7.2e-20
475,7.47e-20
476,7.74e-20
477,8.01e-20
478,8.27e-20
479,8.53e-20
480,8.79e-20
481,9.05e-20
482,9.32e-20
483,9.6e-20
484,9.89e-20
485,1.02e-19
486,1.06e-19
487,1.09e-19
488,1.14e-19
489,1.18e-19
490,1.24e-19
491,1.29e-19
492,1.36e-19
493,1.42e-19
494,1.5e-19
495,1.58e-19
496,1.66e-19
497,1.75e-19
498,1.84e-19
499,1.93e-19
500,2.03e-19
501,2.13e-19
502,2.23e-19
503,2.33e-19
504,2.43e-19
505,2.53e-19
506,2.63e-19
507,2.73e-19
508,2.83e-19
509,2.93e-19
510,3.02e-19
511,3.11e-19
512,3.2e-19
513,3.29e-19
514,3.37e-19
515,3.44e-19
516,3.52e-19
517,3.59e-19
518,3.66e-19
519,3.72e-19
520,3.78e-19
521,3.84e-19
522,3.89e-19
523,3.94e-19
524,3.99e-19
525,4.04e-19
526,4.08e-19
527,4.12e-19
528,4.17e-19
529,4.21e-19
530,4.25e-19
531,4.29e-19
532,4.34e-19
533,4.38e-19
534,4.42e-19
535,4.46e-19
536,4.51e-19
537,4.55e-19
538,4.6e-19
539,4.64e-19
540,4.69e-19
541,4.74e-19
542,4.79e-19
543,4.84e-19
544,4.89e-19
545,4.95e-19
546,5e-19
547,5.06e-19
548,5.12e-19
549,5.18e-19
550,5.24e-19
551,5.3e-19
552,5.36e-19
553,5.42e-19
554,5.49e-19
555,5.55e-19
556,5.61e-19
557,5.67e-19
558,5.72e-19
559,5.78e-19
560,5.83e-19
561,5.88e-19
562,5.92e-19
563,5.97e-19
564,6e-19
565,6.04e-19
566,6.07e-19
567,6.09e-19
568,6.12e-19
569,6.13e-19
570,6.14e-19
571,6.15e-19
572,6.16e-19
573,6.16e-19
574,6.15e-19
575,6.14e-19
576,6.13e-19
577,6.11e-19
578,6.09e-19
579,6.06e-19
580,6.03e-19
581,6e-19
582,5.96e-19
583,5.92e-19
584,5.87e-19
585,5.82e-19
586,5.77e-19
587,5.71e-19
588,5.64e-19
589,5.57e-19
590,5.5e-19
591,5.42e-19
592,5.34e-19
593,5.26e-19
594,5.17e-19
595,5.08e-19
596,4.98e-19
597,4.89e-19
598,4.79e-19
599,4.69e-19
600,4.58e-19
601,4.48e-19
602,4.38e-19
603,4.27e-19
604,4.17e-19
605,4.06e-19
606,3.96e-19
607,3.86e-19
608,3.76e-19
609,3.66e-19
610,3.57e-19
611,3.48e-19
612,3.39e-19
613,3.3e-19
614,3.21e-19
615,3.13e-19
616,3.05e-19
617,2.98e-19
618,2.9e-19
619,2.83e-19
620,2.76e-19
621,2.7e-19
622,2.64e-19
623,2.57e-19
624,2.52e-19
625,2.46e-19
626,2.4e-19
627,2.35e-19
628,2.3e-19
629,2.25e-19
630,2.2e-19
631,2.15e-19
632,2.11e-19
633,2.06e-19
634,2.01e-19
635,1.97e-19
636,1.93e-19
637,1.88e-19
638,1.84e-19
639,1.79e-19
640,1.75e-19
641,1.71e-19
642,1.67e-19
643,1.62e-19
644,1.58e-19
645,1.54e-19
646,1.5e-19
647,1.46e-19
648,1.42e-19
649,1.37e-19
650,1.33e-19
651,1.29e-19
652,1.25e-19
653,1.21e-19
654,1.17e-19
655,1.14e-19
656,1.1e-19
657,1.06e-19
658,1.02e-19
659,9.85e-20
660,9.49e-20
661,9.14e-20
662,8.8e-20
663,8.46e-20
664,8.13e-20
665,7.81e-20
666,7.49e-20
667,7.19e-20
668,6.9e-20
669,6.61e-20
670,6.33e-20
671,6.07e-20
672,5.81e-20
673,5.56e-20
674,5.32e-20
675,5.09e-20
676,4.88e-20
677,4.67e-20
678,4.47e-20
679,4.28e-20
680,4.09e-20
681,3.92e-20
682,3.76e-20
683,3.6e-20
684,3.45e-20
685,3.32e-20
686,3.18e-20
687,3.06e-20
688,2.95e-20
689,2.84e-20
690,2.73e-20
691,2.64e-20
692,2.55e-20
693,2.46e-20
694,2.39e-20
695,2.31e-20
696,2.24e-20
697,2.18e-20
698,2.12e-20
699,2.06e-20
700,2.01e-20
701,1.96e-20
702,1.92e-20
703,1.88e-20
704,1.84e-20
705,1.8e-20
706,1.77e-20
707,1.73e-20
708,1.7e-20
709,1.68e-20
710,1.65e-20
711,1.62e-20
712,1.6e-20
713,1.58e-20
714,1.56e-20
715,1.54e-20
716,1.52e-20
717,1.5e-20
718,1.49e-20
719,1.47e-20
720,1.46e-20
721,1.44e-20
722,1.43e-20
723,1.41e-20
724,1.4e-20
725,1.39e-20
726,1.37e-20
727,1.36e-20
728,1.35e-20
729,1.33e-20
730,1.32e-20
731,1.3e-20
732,1.29e-20
733,1.28e-20
734,1.26e-20
735,1.25e-20
736,1.23e-20
737,1.21e-20
738,1.2e-20
739,1.18e-20
740,1.16e-20
741,1.14e-20
742,1.12e-20
743,1.1e-20
744,1.08e-20
745,1.05e-20
746,1.03e-20
747,1.01e-20
748,9.84e-21
749,9.6e-21
750,9.34e-21
751,9.09e-21
752,8.83e-21
753,8.56e-21
754,8.29e-21
755,8.02e-21
756,7.75e-21
757,7.48e-21
758,7.21e-21
759,6.93e-21
760,6.66e-21
761,6.39e-21
762,6.12e-21
763,5.86e-21
764,5.6e-21
765,5.34e-21
766,5.08e-21
767,4.84e-21
768,4.59e-21
769,4.36e-21
770,4.13e-21
771,3.9e-21
772,3.68e-21
773,3.47e-21
774,3.27e-21
775,3.08e-21
776,2.89e-21
777,2.71e-21
778,2.53e-21
779,2.37e-21
780,2.21e-21
781,2.06e-21
782,1.92e-21
783,1.78e-21
784,1.66e-21
785,1.54e-21
786,1.42e-21
787,1.31e-21
788,1.21e-21
789,1.12e-21
790,1.03e-21
791,9.47e-22
792,8.7e-22
793,7.98e-22
794,7.31e-22
795,6.69e-22
796,6.11e-22
797,5.57e-22
798,5.08e-22
799,4.62e-22
800,4.2e-22
801,3.82e-22
802,3.46e-22
803,3.13e-22
804,2.83e-22
805,2.56e-22
806,2.31e-22
807,2.08e-22
808,1.87e-22
809,1.69e-22
810,1.51e-22
811,1.36e-22
812,1.22e-22
813,1.09e-22
814,9.74e-23
815,8.7e-23
816,7.76e-23
817,6.91e-23
818,6.16e-23
819,5.47e-23
820,4.86e-23
821,4.31e-23
822,3.82e-23
823,3.38e-23
824,2.99e-23
825,2.65e-23
826,2.33e-23
827,2.06e-23
828,1.81e-23
829,1.6e-23
830,1.4e-23
831,1.23e-23
832,1.08e-23
833,9.48e-24
834,8.3e-24
835,7.26e-24
836,6.35e-24
837,5.54e-24
838,4.84e-24
839,4.22e-24
840,3.67e-24
841,3.19e-24
842,2.78e-24
843,2.41e-24
844,2.09e-24
845,1.81e-24
846,1.57e-24
847,1.36e-24
848,1.18e-24
849,1.02e-24
850,8.78e-25
851,7.57e-25
852,6.52e-25
853,5.62e-25
854,4.84e-25
855,4.16e-25
856,3.57e-25
857,3.07e-25
858,2.63e-25
859,2.25e-25
860,1.93e-25
861,1.65e-25
862,1.41e-25
863,1.21e-25
864,1.03e-25
865,8.8e-26
866,7.5e-26
867,6.39e-26
868,5.44e-26
869,4.63e-26
870,3.94e-26
871,3.34e-26
872,2.84e-26
873,2.41e-26
874,2.04e-26
875,1.73e-26
876,1.46e-26
877,1.24e-26
878,1.05e-26
879,8.86e-27
880,7.48e-27
881,6.31e-27
882,5.32e-27
883,4.49e-27
884,3.78e-27
885,3.18e-27
886,2.68e-27
887,2.25e-27
888,1.89e-27
889,1.59e-27
890,1.33e-27
891,1.12e-27
892,9.38e-28
893,7.86e-28
894,6.58e-28
895,5.51e-28
896,4.6e-28
897,3.85e-28
898,3.22e-28
899,2.69e-28
900,2.24e-28
901,1.87e-28
902,1.56e-28
903,1.3e-28
904,1.08e-28
905,9.01e-29
906,7.49e-29
907,6.23e-29
908,5.18e-29
909,4.3e-29
910,3.57e-29
911,2.96e-29
912,2.46e-29
913,2.04e-29
914,1.69e-29
915,1.4e-29
916,1.16e-29
917,9.59e-30
918,7.93e-30
919,6.56e-30
920,5.42e-30
921,4.48e-30
922,3.7e-30
923,3.05e-30
924,2.52e-30
925,2.08e-30
926,1.71e-30
927,1.41e-30
928,1.16e-30
929,9.57e-31
930,7.87e-31
931,6.48e-31
932,5.32e-31
933,4.38e-31
934,3.6e-31
935,2.95e-31
936,2.43e-31
937,1.99e-31
938,1.63e-31
939,1.34e-31
940,1.1e-31
941,9e-32
942,7.37e-32
943,6.03e-32
944,4.94e-32
945,4.04e-32
946,3.31e-32
947,2.7e-32
948,2.21e-32
949,1.81e-32
950,1.48e-32
951,1.21e-32
952,9.84e-33
953,8.03e-33
954,6.55e-33
955,5.35e-33
956,4.36e-33
957,3.55e-33
958,2.89e-33
959,2.36e-33
960,1.92e-33
961,1.56e-33
962,1.27e-33
963,1.04e-33
964,8.42e-34
965,6.85e-34
966,5.57e-34
967,4.53e-34
968,3.68e-34
969,2.99e-34
970,2.43e-34
971,1.97e-34
972,1.6e-34
973,1.3e-34
974,1.05e-34
975,8.53e-35
976,6.92e-35
977,5.61e-35
978,4.55e-35
979,3.68e-35
980,2.98e-35
981,2.42e-35
982,1.96e-35
983,1.58e-35
984,1.28e-35
985,1.04e-35
986,8.39e-36
987,6.79e-36
988,5.49e-36
989,4.44e-36
990,3.58e-36
991,2.9e-36
992,2.34e-36
993,1.89e-36
994,1.53e-36
995,1.23e-36
996,9.95e-37
997,8.03e-37
998,6.48e-37
999,5.23e-37
1000,4.22e-37
1001,3.4e-37
1002,2.74e-37
1003,2.21e-37
1004,1.78e-37
1005,1.44e-37
1006,1.16e-37
1007,9.32e-38
1008,7.51e-38
1009,6.05e-38
1010,4.87e-38
1011,3.92e-38
1012,3.16e-38
1013,2.54e-38
1014,2.04e-38
1015,1.64e-38
1016,1.32e-38
1017,1.06e-38
1018,8.56e-39
1019,6.88e-39
1020,5.53e-39
1021,4.45e-39
1022,3.58e-39
1023,2.87e-39
1024,2.31e-39
1025,1.86e-39
1026,1.49e-39
1027,1.2e-39
1028,9.61e-40
1029,7.72e-40
1030,6.2e-40
1031,4.98e-40
1032,4e-40
1033,3.21e-40
1034,2.57e-40
1035,2.07e-40
1036,1.66e-40
1037,1.33e-40
1038,1.07e-40
1039,8.56e-41
1040,6.86e-41
1041,5.5e-41
1042,4.41e-41
1043,3.54e-41
1044,2.84e-41
1045,2.27e-41
1046,1.82e-41
1047,1.46e-41
1048,1.17e-41
1049,9.39e-42
1050,7.52e-42
1051,6.03e-42
1052,4.83e-42
1053,3.87e-42
1054,3.1e-42
1055,2.48e-42
1056,1.99e-42
1057,1.59e-42
1058,1.27e-42
1059,1.02e-42
1060,8.17e-43
1061,6.54e-43
1062,5.24e-43
1063,4.19e-43
1064,3.36e-43
1065,2.69e-43
1066,2.15e-43
1067,1.72e-43
1068,1.38e-43
1069,1.1e-43
1070,8.82e-44
1071,7.06e-44
1072,5.65e-44
1073,4.52e-44
1074,3.62e-44
1075,2.89e-44
1076,2.31e-44
1077,1.85e-44
1078,1.48e-44
1079,1.18e-44
1080,9.47e-45
1081,7.58e-45
1082,6.06e-45
1083,4.85e-45
1084,3.87e-45
1085,3.1e-45
1086,2.48e-45
1087,1.98e-45
1088,1.58e-45
1089,1.27e-45
1090,1.01e-45
1091,8.1e-46
1092,6.48e-46
1093,5.18e-46
1094,4.14e-46
1095,3.31e-46
1096,2.65e-46
1097,2.12e-46
1098,1.69e-46
1099,1.35e-46
1100,1.08e-46
1101,8.64e-47
1102,6.91e-47
1103,5.52e-47
1104,4.41e-47
1105,3.53e-47
1106,2.82e-47
1107,2.25e-47
1108,1.8e-47
1109,1.44e-47
1110,1.15e-47
1111,9.21e-48
1112,7.36e-48
1113,5.88e-48
1114,4.7e-48
1115,3.76e-48
1116,3e-48
1117,2.4e-48
1118,1.92e-48
1119,1.53e-48
1120,1.23e-48
1121,9.81e-49
1122,7.84e-49
1123,6.27e-49
1124,5.01e-49
1125,4.01e-49
1126,3.2e-49
1127,2.56e-49
1128,2.05e-49
1129,1.64e-49
1130,1.31e-49
1131,1.05e-49
1132,8.36e-50
1133,6.69e-50
1134,5.35e-50
1135,4.27e-50
1136,3.42e-50
1137,2.73e-50
1138,2.19e-50
1139,1.75e-50
1140,1.4e-50
1141,1.12e-50
1142,8.94e-51
1143,7.15e-51
1144,5.72e-51
1145,4.57e-51
1146,3.66e-51
1147,2.93e-51
1148,2.34e-51
1149,1.87e-51
1150,1.5e-51
1151,1.2e-51
1152,9.58e-52
1153,7.67e-52
1154,6.13e-52
1155,4.91e-52
1156,3.93e-52
1157,3.14e-52
1158,2.51e-52
1159,2.01e-52
1160,1.61e-52
1161,1.29e-52
1162,1.03e-52
1163,8.25e-53
1164,6.61e-53
1165,5.29e-53
1166,4.23e-53
1167,3.39e-53
1168,2.71e-53
1169,2.17e-53
1170,1.74e-53
1171,1.39e-53
1172,1.11e-53
1173,8.93e-54
1174,7.15e-54
1175,5.72e-54
1176,4.58e-54
1177,3.67e-54
1178,2.94e-54
1179,2.36e-54
1180,1.89e-54
1181,1.51e-54
1182,1.21e-54
1183,9.71e-55
1184,7.78e-55
1185,6.23e-55
1186,4.99e-55
1187,4e-55
1188,3.21e-55
1189,2.57e-55
1190,2.06e-55
1191,1.65e-55
1192,1.32e-55
1193,1.06e-55
1194,8.51e-56
1195,6.83e-56
1196,5.48e-56
1197,4.39e-56
1198,3.52e-56
1199,2.82e-56
1200,2.27e-56
