,UDAQ O3,USOS O3,merged_ozone,8hr_rolling_avg,MDA8_O3,Exceedance_day
2024-07-16 00:00:00,46.0,,46.0,,72.65799965513472,True
2024-07-16 01:00:00,53.0,,53.0,,72.65799965513472,True
2024-07-16 02:00:00,50.0,,50.0,,72.65799965513472,True
2024-07-16 03:00:00,46.0,,46.0,,72.65799965513472,True
2024-07-16 04:00:00,41.0,,41.0,,72.65799965513472,True
2024-07-16 05:00:00,38.0,,38.0,45.666666666666664,72.65799965513472,True
2024-07-16 06:00:00,37.0,,37.0,44.42857142857143,72.65799965513472,True
2024-07-16 07:00:00,33.0,,33.0,43.0,72.65799965513472,True
2024-07-16 08:00:00,44.0,,44.0,42.75,72.65799965513472,True
2024-07-16 09:00:00,57.0,,57.0,43.25,72.65799965513472,True
2024-07-16 10:00:00,65.0,59.77167684802923,59.77167684802923,44.471459606003656,72.65799965513472,True
2024-07-16 11:00:00,73.0,67.16888888888889,67.16888888888889,47.117570717114766,72.65799965513472,True
2024-07-16 12:00:00,75.0,75.945,75.945,51.485695717114766,72.65799965513472,True
2024-07-16 13:00:00,66.0,85.26555555555555,85.26555555555555,57.393890161559206,72.65799965513472,True
2024-07-16 14:00:00,62.0,75.154,75.154,62.163140161559205,72.65799965513472,True
2024-07-16 15:00:00,61.0,71.92855555555555,71.92855555555555,67.02920960600365,72.65799965513472,True
2024-07-16 16:00:00,62.0,67.14077777777779,67.14077777777779,69.92180682822587,72.65799965513472,True
2024-07-16 17:00:00,60.0,69.84144444444445,69.84144444444445,71.52698738378143,72.65799965513472,True
2024-07-16 18:00:00,54.0,68.74077501885553,68.74077501885553,72.64812465513472,72.65799965513472,True
2024-07-16 19:00:00,45.0,67.2478888888889,67.2478888888889,72.65799965513472,72.65799965513472,True
2024-07-16 20:00:00,48.0,57.61866666666666,57.61866666666666,70.36720798846805,72.65799965513472,True
2024-07-16 21:00:00,52.0,52.17677777777778,52.17677777777778,66.23111076624583,72.65799965513472,True
2024-07-16 22:00:00,53.0,54.25211111111111,54.25211111111111,63.61837465513472,72.65799965513472,True
2024-07-16 23:00:00,54.0,57.88777777777778,57.88777777777778,61.863277432912504,72.65799965513472,True
2024-07-17 00:00:00,53.0,57.96711111111111,57.96711111111111,60.71656909957916,78.4680607819821,True
2024-07-17 01:00:00,50.0,58.26455555555556,58.26455555555556,59.26945798846805,78.4680607819821,True
2024-07-17 02:00:00,49.0,52.58611111111111,52.58611111111111,57.250125,78.4680607819821,True
2024-07-17 03:00:00,49.0,53.82088888888889,53.82088888888889,55.57175,78.4680607819821,True
2024-07-17 04:00:00,,51.67733333333333,51.67733333333333,54.82908333333333,78.4680607819821,True
2024-07-17 05:00:00,48.0,52.885888888888886,52.885888888888886,54.91772222222222,78.4680607819821,True
2024-07-17 06:00:00,46.0,52.76199999999999,52.76199999999999,54.73145833333333,78.4680607819821,True
2024-07-17 07:00:00,46.0,50.98055555555556,50.98055555555556,53.86805555555555,78.4680607819821,True
2024-07-17 08:00:00,48.0,48.559,48.559,52.69204166666667,78.4680607819821,True
2024-07-17 09:00:00,51.0,51.109781609195394,51.109781609195394,51.797694923371644,78.4680607819821,True
2024-07-17 10:00:00,58.0,53.69230805146094,53.69230805146094,51.93596954091538,78.4680607819821,True
2024-07-17 11:00:00,69.0,58.17833333333333,58.17833333333333,52.480650096470924,78.4680607819821,True
2024-07-17 12:00:00,69.0,69.88244444444445,69.88244444444445,54.75628898535982,78.4680607819821,True
2024-07-17 13:00:00,75.0,75.1268888888889,75.1268888888889,57.53641398535982,78.4680607819821,True
2024-07-17 14:00:00,77.0,77.65488888888889,77.65488888888889,60.64802509647093,78.4680607819821,True
2024-07-17 15:00:00,75.0,79.43955555555557,79.43955555555557,64.20540009647094,78.4680607819821,True
2024-07-17 16:00:00,76.0,82.981012740984,82.981012740984,68.50815168909394,78.4680607819821,True
2024-07-17 17:00:00,74.0,80.05522222222223,80.05522222222223,72.12633176572228,78.4680607819821,True
2024-07-17 18:00:00,67.0,84.40780684820605,84.40780684820605,75.96576911531542,78.4680607819821,True
2024-07-17 19:00:00,59.0,78.19666666666667,78.19666666666667,78.4680607819821,78.4680607819821,True
2024-07-17 20:00:00,54.0,69.08622222222222,69.08622222222222,78.36853300420432,78.4680607819821,True
2024-07-17 21:00:00,53.0,59.13011111111111,59.13011111111111,76.36893578198209,78.4680607819821,True
2024-07-17 22:00:00,55.0,62.10211111111111,62.10211111111111,74.42483855975986,78.4680607819821,True
2024-07-17 23:00:00,58.0,55.695777777777785,55.695777777777785,71.45686633753765,78.4680607819821,True
2024-07-18 00:00:00,55.0,61.684666666666665,61.684666666666665,68.79482307824797,69.1755213748347,False
2024-07-18 01:00:00,54.0,59.85955555555555,59.85955555555555,66.27036474491464,69.1755213748347,False
2024-07-18 02:00:00,53.0,57.11811111111111,57.11811111111111,62.85915277777778,69.1755213748347,False
2024-07-18 03:00:00,53.0,56.37933333333333,56.37933333333333,60.13198611111111,69.1755213748347,False
2024-07-18 04:00:00,46.0,55.91377777777778,55.91377777777778,58.48543055555555,69.1755213748347,False
2024-07-18 05:00:00,37.0,54.72722222222222,54.72722222222222,57.935069444444444,69.1755213748347,False
2024-07-18 06:00:00,38.0,41.14033333333334,41.14033333333334,55.31484722222222,69.1755213748347,False
2024-07-18 07:00:00,38.0,39.55377777777778,39.55377777777778,53.29709722222222,69.1755213748347,False
2024-07-18 08:00:00,44.0,43.651888888888884,43.651888888888884,51.043,69.1755213748347,False
2024-07-18 09:00:00,55.0,44.74122222222222,44.74122222222222,49.15320833333334,69.1755213748347,False
2024-07-18 10:00:00,65.0,54.01790744710895,54.01790744710895,48.76568287533306,69.1755213748347,False
2024-07-18 11:00:00,72.0,64.45133333333334,64.45133333333334,49.77468287533306,69.1755213748347,False
2024-07-18 12:00:00,75.0,76.44922222222222,76.44922222222222,52.341613430888614,69.1755213748347,False
2024-07-18 13:00:00,76.0,79.400698212783,79.400698212783,55.425797929708715,69.1755213748347,False
2024-07-18 14:00:00,74.0,,74.0,59.53325626304205,69.1755213748347,False
2024-07-18 15:00:00,75.0,,75.0,63.964034040819826,69.1755213748347,False
2024-07-18 16:00:00,69.0,,69.0,67.13254792970872,69.1755213748347,False
2024-07-18 17:00:00,56.0,,56.0,68.53989515193095,69.1755213748347,False
2024-07-18 18:00:00,51.0,59.1029172303391,59.1029172303391,69.1755213748347,69.1755213748347,False
2024-07-18 19:00:00,50.0,57.31233333333333,57.31233333333333,68.2831463748347,69.1755213748347,False
2024-07-18 20:00:00,46.0,54.12522222222222,54.12522222222222,65.4926463748347,69.1755213748347,False
2024-07-18 21:00:00,42.0,52.75522222222222,52.75522222222222,62.16196187601461,69.1755213748347,False
2024-07-18 22:00:00,49.0,45.159,45.159,58.55683687601461,69.1755213748347,False
2024-07-18 23:00:00,51.0,48.57955555555556,48.57955555555556,55.25428132045906,69.1755213748347,False
2024-07-19 00:00:00,49.0,54.062999999999995,54.062999999999995,53.387156320459056,69.28827335011427,False
2024-07-19 01:00:00,44.0,52.678,52.678,52.971906320459055,69.28827335011427,False
2024-07-19 02:00:00,38.0,49.468888888888884,49.468888888888884,51.76765277777777,69.28827335011427,False
2024-07-19 03:00:00,38.0,43.21311111111111,43.21311111111111,50.00525,69.28827335011427,False
2024-07-19 04:00:00,36.0,40.17688888888889,40.17688888888889,48.26170833333333,69.28827335011427,False
2024-07-19 05:00:00,34.0,39.413666666666664,39.413666666666664,46.59401388888889,69.28827335011427,False
2024-07-19 06:00:00,30.0,39.022666666666666,39.022666666666666,45.826972222222224,69.28827335011427,False
2024-07-19 07:00:00,30.0,38.632333333333335,38.632333333333335,44.58356944444445,69.28827335011427,False
2024-07-19 08:00:00,41.0,27.79711111111111,27.79711111111111,41.30033333333333,69.28827335011427,False
2024-07-19 09:00:00,51.0,39.48844444444445,39.48844444444445,39.65163888888888,69.28827335011427,False
2024-07-19 10:00:00,55.0,49.714666666666666,49.714666666666666,39.68236111111111,69.28827335011427,False
2024-07-19 11:00:00,63.0,58.449222222222225,58.449222222222225,41.586875000000006,69.28827335011427,False
2024-07-19 12:00:00,70.0,59.80122222222222,59.80122222222222,44.03991666666666,69.28827335011427,False
2024-07-19 13:00:00,71.0,76.29333333333334,76.29333333333334,48.649875,69.28827335011427,False
2024-07-19 14:00:00,68.0,78.11308979605762,78.11308979605762,53.53617789117387,69.28827335011427,False
2024-07-19 15:00:00,62.0,74.5518888888889,74.5518888888889,58.02612233561832,69.28827335011427,False
2024-07-19 16:00:00,58.0,70.01877777777779,70.01877777777779,63.303830668951655,69.28827335011427,False
2024-07-19 17:00:00,58.0,66.14411111111112,66.14411111111112,66.63578900228498,69.28827335011427,False
2024-07-19 18:00:00,57.0,65.82554144930096,65.82554144930096,68.64964835011428,69.28827335011427,False
2024-07-19 19:00:00,52.0,63.32522222222222,63.32522222222222,69.25914835011426,69.28827335011427,False
2024-07-19 20:00:00,47.0,60.03422222222222,60.03422222222222,69.28827335011427,69.28827335011427,False
2024-07-19 21:00:00,48.0,50.82555555555555,50.82555555555555,66.10480112789205,69.28827335011427,False
2024-07-19 22:00:00,46.0,51.11244444444444,51.11244444444444,62.7297204589404,69.28827335011427,False
2024-07-19 23:00:00,47.0,50.02444444444445,50.02444444444445,59.663789903384846,69.28827335011427,False
2024-07-20 00:00:00,46.0,50.30522222222223,50.30522222222223,57.199595458940394,67.59528909402559,False
2024-07-20 01:00:00,44.0,49.906222222222226,49.906222222222226,55.16985934782929,67.59528909402559,False
2024-07-20 02:00:00,40.0,48.019777777777776,48.019777777777776,52.944138888888894,67.59528909402559,False
2024-07-20 03:00:00,42.0,45.745555555555555,45.745555555555555,50.74668055555556,67.59528909402559,False
2024-07-20 04:00:00,37.0,41.41111111111111,41.41111111111111,48.418791666666664,67.59528909402559,False
2024-07-20 05:00:00,36.0,44.57377777777778,44.57377777777778,47.637319444444444,67.59528909402559,False
2024-07-20 06:00:00,31.0,38.36333333333334,38.36333333333334,46.043680555555554,67.59528909402559,False
2024-07-20 07:00:00,38.0,37.14822222222222,37.14822222222222,44.434152777777776,67.59528909402559,False
2024-07-20 08:00:00,41.0,35.650555555555556,35.650555555555556,42.60231944444445,67.59528909402559,False
2024-07-20 09:00:00,43.0,43.98833333333334,43.98833333333334,41.86258333333333,67.59528909402559,False
2024-07-20 10:00:00,57.0,45.40922222222222,45.40922222222222,41.53626388888889,67.59528909402559,False
2024-07-20 11:00:00,68.0,51.470666666666666,51.470666666666666,42.25190277777778,67.59528909402559,False
2024-07-20 12:00:00,69.0,65.45133333333334,65.45133333333334,45.256930555555556,67.59528909402559,False
2024-07-20 13:00:00,65.0,77.37066666666666,77.37066666666666,49.35654166666667,67.59528909402559,False
2024-07-20 14:00:00,65.0,71.14777777777778,71.14777777777778,53.454597222222226,67.59528909402559,False
2024-07-20 15:00:00,65.0,69.10044444444445,69.10044444444445,57.44862500000001,67.59528909402559,False
2024-07-20 16:00:00,63.0,70.47144444444444,70.47144444444444,61.80123611111111,67.59528909402559,False
2024-07-20 17:00:00,54.0,69.55922222222222,69.55922222222222,64.99759722222223,67.59528909402559,False
2024-07-20 18:00:00,49.0,64.44909052998256,64.44909052998256,67.37758076069227,67.59528909402559,False
2024-07-20 19:00:00,46.0,53.212333333333326,53.212333333333326,67.59528909402559,67.59528909402559,False
2024-07-20 20:00:00,48.0,50.42788888888889,50.42788888888889,65.71735853847004,67.59528909402559,False
2024-07-20 21:00:00,47.0,50.71566666666667,50.71566666666667,62.38548353847004,67.59528909402559,False
2024-07-20 22:00:00,49.0,50.64111111111111,50.64111111111111,59.82215020513671,67.59528909402559,False
2024-07-20 23:00:00,49.0,50.66411111111111,50.66411111111111,57.51760853847004,67.59528909402559,False
2024-07-21 00:00:00,48.0,51.452777777777776,51.452777777777776,55.1402752051367,65.03369473631051,False
2024-07-21 01:00:00,46.0,51.51199999999999,51.51199999999999,52.88437242735893,65.03369473631051,False
2024-07-21 02:00:00,44.0,49.104777777777784,49.104777777777784,50.96633333333333,65.03369473631051,False
2024-07-21 03:00:00,43.0,48.00655555555556,48.00655555555556,50.31561111111111,65.03369473631051,False
2024-07-21 04:00:00,43.0,46.47577777777778,46.47577777777778,49.82159722222222,65.03369473631051,False
2024-07-21 05:00:00,43.0,45.709777777777774,45.709777777777774,49.19586111111111,65.03369473631051,False
2024-07-21 06:00:00,42.0,45.92422222222222,45.92422222222222,48.606249999999996,65.03369473631051,False
2024-07-21 07:00:00,42.0,44.92977777777778,44.92977777777778,47.88945833333334,65.03369473631051,False
2024-07-21 08:00:00,43.0,44.833777777777776,44.833777777777776,47.062083333333334,65.03369473631051,False
2024-07-21 09:00:00,45.0,45.352777777777774,45.352777777777774,46.292180555555554,65.03369473631051,False
2024-07-21 10:00:00,47.0,47.21022222222222,47.21022222222222,46.05536111111111,65.03369473631051,False
2024-07-21 11:00:00,48.0,49.53366666666667,49.53366666666667,46.246249999999996,65.03369473631051,False
2024-07-21 12:00:00,52.0,50.916333333333334,50.916333333333334,46.801319444444445,65.03369473631051,False
2024-07-21 13:00:00,62.0,54.62933333333333,54.62933333333333,47.91626388888889,65.03369473631051,False
2024-07-21 14:00:00,68.0,59.425444444444445,59.425444444444445,49.60391666666666,65.03369473631051,False
2024-07-21 15:00:00,62.0,74.4871111111111,74.4871111111111,53.29858333333333,65.03369473631051,False
2024-07-21 16:00:00,62.0,68.5222529947685,68.5222529947685,56.25964273545717,65.03369473631051,False
2024-07-21 17:00:00,65.0,66.27799999999999,66.27799999999999,58.875295513234946,65.03369473631051,False
2024-07-21 18:00:00,58.0,69.17652711793782,69.17652711793782,61.6210836251994,65.03369473631051,False
2024-07-21 19:00:00,53.0,66.6121111111111,66.6121111111111,63.755889180754956,65.03369473631051,False
2024-07-21 20:00:00,52.0,60.41233333333333,60.41233333333333,64.94288918075496,65.03369473631051,False
2024-07-21 21:00:00,53.0,55.35577777777778,55.35577777777778,65.03369473631051,65.03369473631051,False
2024-07-21 22:00:00,56.0,56.46055555555555,56.46055555555555,64.66308362519939,65.03369473631051,False
2024-07-21 23:00:00,53.0,58.56088888888889,58.56088888888889,62.672305847421626,65.03369473631051,False
2024-07-22 00:00:00,52.0,59.791777777777774,59.791777777777774,61.58099644529778,65.41669845777815,False
2024-07-22 01:00:00,55.0,52.41722222222222,52.41722222222222,59.84839922307556,65.41669845777815,False
2024-07-22 02:00:00,54.0,58.20455555555556,58.20455555555556,58.47690277777778,65.41669845777815,False
2024-07-22 03:00:00,54.0,57.136111111111106,57.136111111111106,57.292402777777774,65.41669845777815,False
2024-07-22 04:00:00,56.0,56.477,56.477,56.80048611111111,65.41669845777815,False
2024-07-22 05:00:00,56.0,58.190555555555555,58.190555555555555,57.15483333333333,65.41669845777815,False
2024-07-22 06:00:00,54.0,59.583666666666666,59.583666666666666,57.54522222222222,65.41669845777815,False
2024-07-22 07:00:00,54.0,59.19822222222222,59.19822222222222,57.62488888888888,65.41669845777815,False
2024-07-22 08:00:00,53.0,57.937222222222225,57.937222222222225,57.39306944444445,65.41669845777815,False
2024-07-22 09:00:00,53.0,57.61688888888889,57.61688888888889,58.04302777777778,65.41669845777815,False
2024-07-22 10:00:00,55.0,56.16222222222222,56.16222222222222,57.78773611111111,65.41669845777815,False
2024-07-22 11:00:00,61.0,57.49729390737526,57.49729390737526,57.83288396064413,65.41669845777815,False
2024-07-22 12:00:00,61.0,,61.0,58.39825896064413,65.41669845777815,False
2024-07-22 13:00:00,63.0,,63.0,58.999439516199686,65.41669845777815,False
2024-07-22 14:00:00,69.0,,69.0,60.176481182866354,65.41669845777815,False
2024-07-22 15:00:00,67.0,,67.0,61.151703405088575,65.41669845777815,False
2024-07-22 16:00:00,68.0,,68.0,62.40955062731079,65.41669845777815,False
2024-07-22 17:00:00,65.0,,65.0,63.332439516199685,65.41669845777815,False
2024-07-22 18:00:00,60.0,,60.0,63.812161738421906,65.41669845777815,False
2024-07-22 19:00:00,58.0,67.66769911319031,67.66769911319031,65.08346238914879,65.41669845777815,False
2024-07-22 20:00:00,50.0,63.66588854903495,63.66588854903495,65.41669845777815,65.41669845777815,False
2024-07-22 21:00:00,54.0,57.14644444444445,57.14644444444445,64.68500401333371,65.41669845777815,False
2024-07-22 22:00:00,53.0,53.52322222222222,53.52322222222222,62.750406791111494,65.41669845777815,False
2024-07-22 23:00:00,60.0,60.873444444444445,60.873444444444445,61.98458734666705,65.41669845777815,False
2024-07-23 00:00:00,63.0,62.46722222222222,62.46722222222222,61.29299012444483,78.6483732606956,True
2024-07-23 01:00:00,62.0,66.69699999999999,66.69699999999999,61.50511512444483,78.6483732606956,True
2024-07-23 02:00:00,61.0,65.53611111111111,65.53611111111111,62.197129013333715,78.6483732606956,True
2024-07-23 03:00:00,61.0,65.547,65.547,61.932041624184926,78.6483732606956,True
2024-07-23 04:00:00,57.0,65.01533333333333,65.01533333333333,62.10072222222222,78.6483732606956,True
2024-07-23 05:00:00,42.0,67.34977777777777,67.34977777777777,63.37613888888888,78.6483732606956,True
2024-07-23 06:00:00,40.0,52.26933333333333,52.26933333333333,63.21940277777777,78.6483732606956,True
2024-07-23 07:00:00,35.0,42.760555555555555,42.760555555555555,60.95529166666666,78.6483732606956,True
2024-07-23 08:00:00,37.0,44.617555555555555,44.617555555555555,58.724083333333326,78.6483732606956,True
2024-07-23 09:00:00,48.0,37.504333333333335,37.504333333333335,55.074999999999996,78.6483732606956,True
2024-07-23 10:00:00,64.0,47.49188888888889,47.49188888888889,52.81947222222222,78.6483732606956,True
2024-07-23 11:00:00,72.0,56.13084861897361,56.13084861897361,51.642453299593924,78.6483732606956,True
2024-07-23 12:00:00,80.0,,80.0,53.51553663292726,78.6483732606956,True
2024-07-23 13:00:00,79.0,,79.0,54.971814410705036,78.6483732606956,True
2024-07-23 14:00:00,80.0,,80.0,58.43814774403837,78.6483732606956,True
2024-07-23 15:00:00,82.0,,82.0,63.34307829959393,78.6483732606956,True
2024-07-23 16:00:00,76.0,,76.0,67.26588385514948,78.6483732606956,True
2024-07-23 17:00:00,69.0,83.31164050710262,83.31164050710262,72.99179725187064,78.6483732606956,True
2024-07-23 18:00:00,62.0,77.93767891179554,77.93767891179554,76.79752100473398,78.6483732606956,True
2024-07-23 19:00:00,54.0,70.93766666666667,70.93766666666667,78.6483732606956,78.6483732606956,True
2024-07-23 20:00:00,54.0,63.184888888888885,63.184888888888885,76.54648437180671,78.6483732606956,True
2024-07-23 21:00:00,53.0,57.15866666666667,57.15866666666667,73.81631770514004,78.6483732606956,True
2024-07-23 22:00:00,53.0,59.281555555555556,59.281555555555556,71.2265121495845,78.6483732606956,True
2024-07-23 23:00:00,56.0,53.290333333333336,53.290333333333336,67.63780381625116,78.6483732606956,True
2024-07-24 00:00:00,58.0,61.12144444444445,61.12144444444445,65.77798437180672,82.59612353864125,True
2024-07-24 01:00:00,58.0,58.94622222222222,58.94622222222222,62.73230708619666,82.59612353864125,True
2024-07-24 02:00:00,53.0,63.82655555555555,63.82655555555555,60.96841666666667,82.59612353864125,True
2024-07-24 03:00:00,40.0,60.99622222222222,60.99622222222222,59.72573611111111,82.59612353864125,True
2024-07-24 04:00:00,,43.351,43.351,57.246500000000005,82.59612353864125,True
2024-07-24 05:00:00,37.0,55.74455555555555,55.74455555555555,57.06973611111111,82.59612353864125,True
2024-07-24 06:00:00,40.0,43.913111111111114,43.913111111111114,55.14868055555556,82.59612353864125,True
2024-07-24 07:00:00,40.0,46.475,46.475,54.29676388888888,82.59612353864125,True
2024-07-24 08:00:00,46.0,43.330000000000005,43.330000000000005,52.072833333333335,82.59612353864125,True
2024-07-24 09:00:00,60.0,45.55533333333334,45.55533333333334,50.39897222222222,82.59612353864125,True
2024-07-24 10:00:00,71.0,57.141888888888886,57.141888888888886,49.56338888888889,82.59612353864125,True
2024-07-24 11:00:00,75.0,71.59455555555556,71.59455555555556,50.88818055555555,82.59612353864125,True
2024-07-24 12:00:00,79.0,79.70933333333333,79.70933333333333,55.43297222222222,82.59612353864125,True
2024-07-24 13:00:00,78.0,84.09177777777776,84.09177777777776,58.976375000000004,82.59612353864125,True
2024-07-24 14:00:00,81.0,83.19699999999999,83.19699999999999,63.8868611111111,82.59612353864125,True
2024-07-24 15:00:00,79.0,87.113,87.113,68.9666111111111,82.59612353864125,True
2024-07-24 16:00:00,78.0,86.95033333333332,86.95033333333332,74.41915277777777,82.59612353864125,True
2024-07-24 17:00:00,71.0,85.7371111111111,85.7371111111111,79.44187499999998,82.59612353864125,True
2024-07-24 18:00:00,63.0,79.84898830912996,79.84898830912996,82.28026242753013,82.59612353864125,True
2024-07-24 19:00:00,53.0,74.12144444444445,74.12144444444445,82.59612353864125,82.59612353864125,True
2024-07-24 20:00:00,49.0,61.22277777777778,61.22277777777778,80.2853040941968,82.59612353864125,True
2024-07-24 21:00:00,44.0,57.31946595912833,57.31946595912833,76.93876511686561,82.59612353864125,True
2024-07-24 22:00:00,37.0,53.97722222222223,53.97722222222223,73.2862928946434,82.59612353864125,True
2024-07-24 23:00:00,40.0,43.462666666666664,43.462666666666664,67.83000122797674,82.59612353864125,True
2024-07-25 00:00:00,45.0,40.87755555555556,40.87755555555556,62.070904005754514,63.82931671853784,False
2024-07-25 01:00:00,42.0,48.26944444444444,48.26944444444444,57.38744567242118,63.82931671853784,False
2024-07-25 02:00:00,42.0,48.46333333333334,48.46333333333334,53.4642388004466,63.82931671853784,False
2024-07-25 03:00:00,47.0,42.19877777777778,42.19877777777778,49.47390546711326,63.82931671853784,False
2024-07-25 04:00:00,41.0,50.54844444444445,50.54844444444445,48.1396138004466,63.82931671853784,False
2024-07-25 05:00:00,43.0,46.035222222222224,46.035222222222224,46.729083333333335,63.82931671853784,False
2024-07-25 06:00:00,37.0,46.10022222222222,46.10022222222222,45.744458333333334,63.82931671853784,False
2024-07-25 07:00:00,29.0,39.74077777777778,39.74077777777778,45.27922222222223,63.82931671853784,False
2024-07-25 08:00:00,31.0,31.098000000000003,31.098000000000003,44.056777777777775,63.82931671853784,False
2024-07-25 09:00:00,36.0,33.962555555555554,33.962555555555554,42.26841666666667,63.82931671853784,False
2024-07-25 10:00:00,50.0,36.78322222222222,36.78322222222222,40.80840277777778,63.82931671853784,False
2024-07-25 11:00:00,59.0,45.16833333333333,45.16833333333333,41.17959722222223,63.82931671853784,False
2024-07-25 12:00:00,63.0,60.35344444444444,60.35344444444444,42.40522222222222,63.82931671853784,False
2024-07-25 13:00:00,71.0,64.1181111111111,64.1181111111111,44.66558333333333,63.82931671853784,False
2024-07-25 14:00:00,62.0,70.70144444444445,70.70144444444445,47.740736111111104,63.82931671853784,False
2024-07-25 15:00:00,58.0,73.2418888888889,73.2418888888889,51.928374999999996,63.82931671853784,False
2024-07-25 16:00:00,59.0,60.25366666666666,60.25366666666666,55.572833333333335,63.82931671853784,False
2024-07-25 17:00:00,59.0,60.24622222222222,60.24622222222222,58.858291666666666,63.82931671853784,False
2024-07-25 18:00:00,58.0,61.0874226371916,61.0874226371916,61.89631671853784,63.82931671853784,False
2024-07-25 19:00:00,48.0,60.632333333333335,60.632333333333335,63.82931671853784,63.82931671853784,False
2024-07-25 20:00:00,47.0,58.475527711600954,58.475527711600954,63.5945771269324,63.82931671853784,False
2024-07-25 21:00:00,52.0,45.09766666666667,45.09766666666667,61.21702157137685,63.82931671853784,False
2024-07-25 22:00:00,49.0,53.867222222222225,53.867222222222225,59.11274379359907,63.82931671853784,False
2024-07-25 23:00:00,45.0,53.230333333333334,53.230333333333334,56.61129934915463,63.82931671853784,False
2024-07-26 00:00:00,38.0,51.812333333333335,51.812333333333335,55.556132682487956,74.0221529636724,True
2024-07-26 01:00:00,42.0,39.876888888888885,39.876888888888885,53.00996601582129,74.0221529636724,True
2024-07-26 02:00:00,43.0,45.28855555555556,45.28855555555556,51.035107630616785,74.0221529636724,True
2024-07-26 03:00:00,40.0,44.18777777777778,44.18777777777778,48.97953818617235,74.0221529636724,True
2024-07-26 04:00:00,43.0,45.92088888888889,45.92088888888889,47.41020833333334,74.0221529636724,True
2024-07-26 05:00:00,36.0,44.217555555555556,44.217555555555556,47.30019444444444,74.0221529636724,True
2024-07-26 06:00:00,34.0,41.968555555555554,41.968555555555554,45.81286111111111,74.0221529636724,True
2024-07-26 07:00:00,38.0,37.163000000000004,37.163000000000004,43.80444444444444,74.0221529636724,True
2024-07-26 08:00:00,45.0,34.894555555555556,34.894555555555556,41.68972222222222,74.0221529636724,True
2024-07-26 09:00:00,50.0,43.721829485329486,43.721829485329486,42.1703397967773,74.0221529636724,True
2024-07-26 10:00:00,60.0,,60.0,44.009270352332855,74.0221529636724,True
2024-07-26 11:00:00,67.0,,67.0,46.86079813011063,74.0221529636724,True
2024-07-26 12:00:00,68.0,,68.0,49.62068701899952,74.0221529636724,True
2024-07-26 13:00:00,70.0,,70.0,52.84349257455508,74.0221529636724,True
2024-07-26 14:00:00,69.0,,69.0,56.222423130110634,74.0221529636724,True
2024-07-26 15:00:00,73.0,,73.0,60.70204813011063,74.0221529636724,True
2024-07-26 16:00:00,75.0,71.85294789468607,71.85294789468607,65.32184717250195,74.0221529636724,True
2024-07-26 17:00:00,75.0,77.15622222222221,77.15622222222221,69.50114626461354,74.0221529636724,True
2024-07-26 18:00:00,74.0,77.63160914802646,77.63160914802646,71.70509740811684,74.0221529636724,True
2024-07-26 19:00:00,65.0,78.88833333333334,78.88833333333334,73.19113907478351,74.0221529636724,True
2024-07-26 20:00:00,57.0,74.6481111111111,74.6481111111111,74.0221529636724,74.0221529636724,True
2024-07-26 21:00:00,60.0,59.40211111111111,59.40211111111111,72.69741685256129,74.0221529636724,True
2024-07-26 22:00:00,60.0,62.11577777777778,62.11577777777778,71.8368890747835,74.0221529636724,True
2024-07-26 23:00:00,53.0,62.59311111111111,62.59311111111111,70.5360279636724,74.0221529636724,True
2024-07-27 00:00:00,47.0,62.595444444444446,62.595444444444446,69.37884003239219,69.37884003239219,False
2024-07-27 01:00:00,57.0,48.486888888888885,48.486888888888885,65.79517336572553,69.37884003239219,False
2024-07-27 02:00:00,46.0,62.29977777777778,62.29977777777778,63.87869444444444,69.37884003239219,False
2024-07-27 03:00:00,45.0,50.97288888888889,50.97288888888889,60.38926388888889,69.37884003239219,False
2024-07-27 04:00:00,42.0,47.811,47.811,57.034625,69.37884003239219,False
2024-07-27 05:00:00,39.0,46.28044444444445,46.28044444444445,55.39441666666667,69.37884003239219,False
2024-07-27 06:00:00,45.0,39.53688888888889,39.53688888888889,52.57205555555556,69.37884003239219,False
2024-07-27 07:00:00,33.0,44.308,44.308,50.28641666666667,69.37884003239219,False
2024-07-27 08:00:00,39.0,39.608,39.608,47.41298611111112,69.37884003239219,False
2024-07-27 09:00:00,48.0,37.45044444444444,37.45044444444444,46.033430555555555,69.37884003239219,False
2024-07-27 10:00:00,49.0,46.23155555555556,46.23155555555556,44.024902777777775,69.37884003239219,False
2024-07-27 11:00:00,50.0,52.126333333333335,52.126333333333335,44.16908333333333,69.37884003239219,False
2024-07-27 12:00:00,51.0,50.23277777777778,50.23277777777778,44.471805555555555,69.37884003239219,False
2024-07-27 13:00:00,56.0,53.020999999999994,53.020999999999994,45.314375000000005,69.37884003239219,False
2024-07-27 14:00:00,62.0,54.730444444444444,54.730444444444444,47.21356944444444,69.37884003239219,False
2024-07-27 15:00:00,58.0,64.42344444444444,64.42344444444444,49.727999999999994,69.37884003239219,False
2024-07-27 16:00:00,63.0,60.19766666666667,60.19766666666667,52.30170833333333,69.37884003239219,False
2024-07-27 17:00:00,63.0,65.72055555555555,65.72055555555555,55.83547222222222,69.37884003239219,False
2024-07-27 18:00:00,59.0,69.38775770255411,69.38775770255411,58.72999749059704,69.37884003239219,False
2024-07-27 19:00:00,58.0,61.51711111111111,61.51711111111111,59.903844712819264,69.37884003239219,False
2024-07-27 20:00:00,56.0,59.199111111111115,59.199111111111115,61.02463637948593,69.37884003239219,False
2024-07-27 21:00:00,42.0,58.18911111111111,58.18911111111111,61.67065026837482,69.37884003239219,False
2024-07-27 22:00:00,41.0,51.10577777777778,51.10577777777778,61.21756693504149,69.37884003239219,False
2024-07-27 23:00:00,37.0,46.907666666666664,46.907666666666664,59.02809471281926,69.37884003239219,False
2024-07-28 00:00:00,32.0,48.55188888888889,48.55188888888889,57.57237249059705,71.81051234960312,True
2024-07-28 01:00:00,29.0,34.30733333333333,34.30733333333333,53.645719712819265,71.81051234960312,True
2024-07-28 02:00:00,29.0,30.930444444444444,30.930444444444444,48.83855555555556,71.81051234960312,True
2024-07-28 03:00:00,23.0,32.778555555555556,32.778555555555556,45.24623611111111,71.81051234960312,True
2024-07-28 04:00:00,23.0,28.812,28.812,41.44784722222222,71.81051234960312,True
2024-07-28 05:00:00,23.0,24.966666666666665,24.966666666666665,37.29504166666666,71.81051234960312,True
2024-07-28 06:00:00,28.0,26.683666666666667,26.683666666666667,34.24227777777778,71.81051234960312,True
2024-07-28 07:00:00,28.0,26.46077777777778,26.46077777777778,31.686416666666666,71.81051234960312,True
2024-07-28 08:00:00,41.0,31.079777777777778,31.079777777777778,29.502402777777778,71.81051234960312,True
2024-07-28 09:00:00,53.0,36.077860389610386,36.077860389610386,29.72371865981241,71.81051234960312,True
2024-07-28 10:00:00,60.0,,60.0,33.35741310425686,71.81051234960312,True
2024-07-28 11:00:00,66.0,,66.0,37.51009365981241,71.81051234960312,True
2024-07-28 12:00:00,71.0,,71.0,42.78359365981241,71.81051234960312,True
2024-07-28 13:00:00,73.0,,73.0,48.787760326479074,71.81051234960312,True
2024-07-28 14:00:00,71.0,,71.0,54.32730199314574,71.81051234960312,True
2024-07-28 15:00:00,70.0,72.01482058416252,72.01482058416252,60.02155734394384,71.81051234960312,True
2024-07-28 16:00:00,69.0,73.88906163664356,73.88906163664356,65.37271782630205,71.81051234960312,True
2024-07-28 17:00:00,67.0,73.1711111111111,73.1711111111111,70.00937416648965,71.81051234960312,True
2024-07-28 18:00:00,64.0,71.08843879824107,71.08843879824107,71.39542901626977,71.81051234960312,True
2024-07-28 19:00:00,60.0,69.32066666666667,69.32066666666667,71.81051234960312,71.81051234960312,True
2024-07-28 20:00:00,55.0,66.71566666666666,66.71566666666666,71.27497068293644,71.81051234960312,True
2024-07-28 21:00:00,57.0,58.10888888888889,58.10888888888889,69.41358179404756,71.81051234960312,True
2024-07-28 22:00:00,59.0,59.02488888888889,59.02488888888889,67.91669290515867,71.81051234960312,True
2024-07-28 23:00:00,49.0,63.17944444444445,63.17944444444445,66.81227088769391,71.81051234960312,True
2024-07-29 00:00:00,39.0,60.70411111111111,60.70411111111111,65.16415207200235,65.16415207200235,False
2024-07-29 01:00:00,52.0,46.07677777777778,46.07677777777778,61.77736040533569,65.16415207200235,False
2024-07-29 02:00:00,50.0,42.714333333333336,42.714333333333336,58.23059722222222,65.16415207200235,False
2024-07-29 03:00:00,49.0,56.321000000000005,56.321000000000005,56.60563888888889,65.16415207200235,False
2024-07-29 04:00:00,40.0,54.720333333333336,54.720333333333336,55.10622222222223,65.16415207200235,False
2024-07-29 05:00:00,40.0,48.184888888888885,48.184888888888885,53.86572222222222,65.16415207200235,False
2024-07-29 06:00:00,41.0,41.99344444444444,41.99344444444444,51.73679166666667,65.16415207200235,False
2024-07-29 07:00:00,40.0,47.05677777777778,47.05677777777778,49.72145833333334,65.16415207200235,False
2024-07-29 08:00:00,38.0,43.75933333333333,43.75933333333333,47.60336111111111,65.16415207200235,False
2024-07-29 09:00:00,51.0,35.666666666666664,35.666666666666664,46.30209722222222,65.16415207200235,False
2024-07-29 10:00:00,54.0,46.16544444444445,46.16544444444445,46.73348611111111,65.16415207200235,False
2024-07-29 11:00:00,57.0,52.138333333333335,52.138333333333335,46.21065277777778,65.16415207200235,False
2024-07-29 12:00:00,59.0,54.709777777777774,54.709777777777774,46.20933333333333,65.16415207200235,False
2024-07-29 13:00:00,60.0,58.800111111111114,58.800111111111114,47.536236111111116,65.16415207200235,False
2024-07-29 14:00:00,61.0,60.53288888888889,60.53288888888889,49.85366666666666,65.16415207200235,False
2024-07-29 15:00:00,64.0,60.78988888888889,60.78988888888889,51.57030555555556,65.16415207200235,False
2024-07-29 16:00:00,62.0,64.141,64.141,54.118013888888896,65.16415207200235,False
2024-07-29 17:00:00,63.0,65.47211111111112,65.47211111111112,57.843694444444445,65.16415207200235,False
2024-07-29 18:00:00,64.0,61.26800587050686,61.26800587050686,59.73151462270225,65.16415207200235,False
2024-07-29 19:00:00,56.0,66.3458888888889,66.3458888888889,61.5074590671467,65.16415207200235,False
2024-07-29 20:00:00,52.0,62.48777777777778,62.48777777777778,62.47970906714669,65.16415207200235,False
2024-07-29 21:00:00,53.0,53.79366666666667,53.79366666666667,61.85390351159114,65.16415207200235,False
2024-07-29 22:00:00,52.0,53.45011111111111,53.45011111111111,60.96855628936892,65.16415207200235,False
2024-07-29 23:00:00,41.0,56.18366666666667,56.18366666666667,60.39277851159114,65.16415207200235,False
2024-07-30 00:00:00,36.0,46.382333333333335,46.382333333333335,58.172945178257805,70.29435678411322,True
2024-07-30 01:00:00,38.0,35.296888888888894,35.296888888888894,54.40104240048003,70.29435678411322,True
2024-07-30 02:00:00,37.0,43.193999999999996,43.193999999999996,52.14179166666666,70.29435678411322,True
2024-07-30 03:00:00,34.0,36.617777777777775,36.617777777777775,48.425777777777775,70.29435678411322,True
2024-07-30 04:00:00,33.0,35.77322222222222,35.77322222222222,45.08645833333333,70.29435678411322,True
2024-07-30 05:00:00,28.0,35.09444444444444,35.09444444444444,42.74905555555556,70.29435678411322,True
2024-07-30 06:00:00,32.0,30.171555555555553,30.171555555555553,39.83923611111111,70.29435678411322,True
2024-07-30 07:00:00,33.0,32.18533333333333,32.18533333333333,36.83944444444444,70.29435678411322,True
2024-07-30 08:00:00,37.0,33.281222222222226,33.281222222222226,35.20180555555555,70.29435678411322,True
2024-07-30 09:00:00,47.0,33.00966666666667,33.00966666666667,34.915902777777774,70.29435678411322,True
2024-07-30 10:00:00,53.0,44.48133333333333,44.48133333333333,35.076819444444446,70.29435678411322,True
2024-07-30 11:00:00,65.0,47.708888888888886,47.708888888888886,36.463208333333334,70.29435678411322,True
2024-07-30 12:00:00,70.0,61.65811111111111,61.65811111111111,39.698819444444446,70.29435678411322,True
2024-07-30 13:00:00,74.0,68.88196685340803,68.88196685340803,43.922259745564894,70.29435678411322,True
2024-07-30 14:00:00,69.0,,69.0,48.775815301120446,70.29435678411322,True
2024-07-30 15:00:00,72.0,,72.0,53.75264863445378,70.29435678411322,True
2024-07-30 16:00:00,71.0,,71.0,58.467495856676,70.29435678411322,True
2024-07-30 17:00:00,70.0,,70.0,63.09128752334267,70.29435678411322,True
2024-07-30 18:00:00,68.0,,68.0,66.03112085667601,70.29435678411322,True
2024-07-30 19:00:00,57.0,73.88599853060883,73.88599853060883,69.303259561891,70.29435678411322,True
2024-07-30 20:00:00,55.0,69.58688888888888,69.58688888888888,70.29435678411322,70.29435678411322,True
2024-07-30 21:00:00,56.0,60.16133333333333,60.16133333333333,69.20427759410389,70.29435678411322,True
2024-07-30 22:00:00,39.0,60.64422222222222,60.64422222222222,68.15980537188166,70.29435678411322,True
2024-07-30 23:00:00,21.0,55.97933333333334,55.97933333333334,66.15722203854833,70.29435678411322,True
2024-07-31 00:00:00,23.0,30.393666666666668,30.393666666666668,61.08143037188166,72.46386516871175,True
2024-07-31 01:00:00,35.0,25.23188888888889,25.23188888888889,55.48541648299277,72.46386516871175,True
2024-07-31 02:00:00,43.0,35.754666666666665,35.754666666666665,51.4547498163261,72.46386516871175,True
2024-07-31 03:00:00,31.0,40.907333333333334,40.907333333333334,47.33241666666666,72.46386516871175,True
2024-07-31 04:00:00,,47.715555555555554,47.715555555555554,44.598499999999994,72.46386516871175,True
2024-07-31 05:00:00,16.0,31.342777777777776,31.342777777777776,40.996180555555554,72.46386516871175,True
2024-07-31 06:00:00,15.0,23.263777777777776,23.263777777777776,36.323625,72.46386516871175,True
2024-07-31 07:00:00,23.0,18.30655555555556,18.30655555555556,31.614527777777777,72.46386516871175,True
2024-07-31 08:00:00,36.0,25.31911111111111,25.31911111111111,30.98020833333333,72.46386516871175,True
2024-07-31 09:00:00,53.0,35.261111111111106,35.261111111111106,32.23386111111111,72.46386516871175,True
2024-07-31 10:00:00,57.0,49.668,49.668,33.97302777777777,72.46386516871175,True
2024-07-31 11:00:00,66.0,61.87622222222222,61.87622222222222,36.594138888888885,72.46386516871175,True
2024-07-31 12:00:00,69.0,64.40155555555556,64.40155555555556,38.67988888888888,72.46386516871175,True
2024-07-31 13:00:00,65.0,75.72677777777777,75.72677777777777,44.227888888888884,72.46386516871175,True
2024-07-31 14:00:00,72.0,72.39111111111112,72.39111111111112,50.368805555555554,72.46386516871175,True
2024-07-31 15:00:00,74.0,73.19933333333333,73.19933333333333,57.230402777777776,72.46386516871175,True
2024-07-31 16:00:00,70.0,78.7551111111111,78.7551111111111,63.90990277777777,72.46386516871175,True
2024-07-31 17:00:00,63.0,79.14055555555555,79.14055555555555,69.39483333333334,72.46386516871175,True
2024-07-31 18:00:00,59.0,69.5589213496941,69.5589213496941,71.8811985020451,72.46386516871175,True
2024-07-31 19:00:00,51.0,66.53755555555556,66.53755555555556,72.46386516871175,72.46386516871175,True
2024-07-31 20:00:00,46.0,62.04377777777778,62.04377777777778,72.16914294648953,72.46386516871175,True
2024-07-31 21:00:00,44.0,51.52344444444444,51.52344444444444,69.14372627982287,72.46386516871175,True
2024-07-31 22:00:00,47.0,50.708222222222226,50.708222222222226,66.43336516871176,72.46386516871175,True
2024-07-31 23:00:00,41.0,51.04666666666667,51.04666666666667,63.664281835378425,72.46386516871175,True
2024-08-01 00:00:00,50.0,47.77444444444445,47.77444444444445,59.791698502045094,71.9745148115652,True
2024-08-01 01:00:00,49.0,53.26377777777778,53.26377777777778,56.557101279822874,71.9745148115652,True
2024-08-01 02:00:00,50.0,51.11711111111111,51.11711111111111,54.251875000000005,71.9745148115652,True
2024-08-01 03:00:00,49.0,56.834666666666664,56.834666666666664,53.03901388888889,71.9745148115652,True
2024-08-01 04:00:00,27.0,52.519,52.519,51.848416666666665,71.9745148115652,True
2024-08-01 05:00:00,11.0,45.06955555555555,45.06955555555555,51.04168055555556,71.9745148115652,True
2024-08-01 06:00:00,12.0,18.707333333333334,18.707333333333334,47.04156944444444,71.9745148115652,True
2024-08-01 07:00:00,23.0,14.814777777777778,14.814777777777778,42.51258333333333,71.9745148115652,True
2024-08-01 08:00:00,36.0,20.120444444444445,20.120444444444445,39.05583333333333,71.9745148115652,True
2024-08-01 09:00:00,48.0,34.001333333333335,34.001333333333335,36.64802777777778,71.9745148115652,True
2024-08-01 10:00:00,62.0,47.843888888888884,47.843888888888884,36.238875,71.9745148115652,True
2024-08-01 11:00:00,76.0,58.79955555555556,58.79955555555556,36.48448611111111,71.9745148115652,True
2024-08-01 12:00:00,88.0,71.72189741805812,71.72189741805812,38.884848288368374,71.9745148115652,True
2024-08-01 13:00:00,86.0,,86.0,44.00115384392393,71.9745148115652,True
2024-08-01 14:00:00,73.0,,73.0,50.78773717725726,71.9745148115652,True
2024-08-01 15:00:00,69.0,,69.0,57.560889955035044,71.9745148115652,True
2024-08-01 16:00:00,69.0,,69.0,63.67083439947949,71.9745148115652,True
2024-08-01 17:00:00,67.0,,67.0,67.79566773281282,71.9745148115652,True
2024-08-01 18:00:00,64.0,71.1025641025641,71.1025641025641,70.70300213452222,71.9745148115652,True
2024-08-01 19:00:00,55.0,68.97165697189931,68.97165697189931,71.9745148115652,71.9745148115652,True
2024-08-01 20:00:00,51.0,65.62222222222222,65.62222222222222,71.2120554120857,71.9745148115652,True
2024-08-01 21:00:00,56.0,52.968888888888884,52.968888888888884,67.08316652319681,71.9745148115652,True
2024-08-01 22:00:00,44.0,59.708999999999996,59.708999999999996,65.42179152319682,71.9745148115652,True
2024-08-01 23:00:00,50.0,49.91155555555556,49.91155555555556,63.03573596764126,71.9745148115652,True
2024-08-02 00:00:00,39.0,53.82355555555556,53.82355555555556,61.138680412085705,80.19838132611315,True
2024-08-02 01:00:00,34.0,52.02622222222222,52.02622222222222,59.26695818986348,80.19838132611315,True
2024-08-02 02:00:00,29.0,40.970444444444446,40.970444444444446,55.50044323259852,80.19838132611315,True
2024-08-02 03:00:00,26.0,33.574111111111115,33.574111111111115,51.07575,80.19838132611315,True
2024-08-02 04:00:00,34.0,30.159,30.159,46.64284722222222,80.19838132611315,True
2024-08-02 05:00:00,32.0,34.358111111111114,34.358111111111114,44.316500000000005,80.19838132611315,True
2024-08-02 06:00:00,24.0,34.65366666666667,34.65366666666667,41.184583333333336,80.19838132611315,True
2024-08-02 07:00:00,25.0,29.177222222222223,29.177222222222223,38.59279166666667,80.19838132611315,True
2024-08-02 08:00:00,36.0,27.266222222222222,27.266222222222222,35.273125,80.19838132611315,True
2024-08-02 09:00:00,47.0,32.18011111111111,32.18011111111111,32.79236111111111,80.19838132611315,True
2024-08-02 10:00:00,70.0,45.66544444444445,45.66544444444445,33.37923611111111,80.19838132611315,True
2024-08-02 11:00:00,86.0,58.94233333333333,58.94233333333333,36.55026388888889,80.19838132611315,True
2024-08-02 12:00:00,74.0,91.64333333333335,91.64333333333335,44.23580555555556,80.19838132611315,True
2024-08-02 13:00:00,80.0,81.16711111111111,81.16711111111111,50.086930555555554,80.19838132611315,True
2024-08-02 14:00:00,78.0,82.041,82.041,56.01034722222222,80.19838132611315,True
2024-08-02 15:00:00,77.0,80.9841111111111,80.9841111111111,62.48620833333334,80.19838132611315,True
2024-08-02 16:00:00,74.0,79.63622222222222,79.63622222222222,69.03245833333334,80.19838132611315,True
2024-08-02 17:00:00,71.0,78.675,78.675,74.84431944444444,80.19838132611315,True
2024-08-02 18:00:00,65.0,75.77860616446081,75.77860616446081,78.60846465944648,80.19838132611315,True
2024-08-02 19:00:00,52.0,71.66166666666666,71.66166666666666,80.19838132611315,80.19838132611315,True
2024-08-02 20:00:00,55.0,60.49022222222222,60.49022222222222,76.30424243722426,80.19838132611315,True
2024-08-02 21:00:00,55.0,55.90411111111111,55.90411111111111,73.14636743722427,80.19838132611315,True
2024-08-02 22:00:00,52.0,60.461666666666666,60.461666666666666,70.4489507705576,80.19838132611315,True
2024-08-02 23:00:00,56.0,55.79066666666667,55.79066666666667,67.29977021500204,80.19838132611315,True
2024-08-03 00:00:00,56.0,57.14677777777777,57.14677777777777,64.48858965944649,64.48858965944649,False
2024-08-03 01:00:00,46.0,60.41844444444444,60.41844444444444,62.206520215002044,64.48858965944649,False
2024-08-03 02:00:00,40.0,49.83222222222222,49.83222222222222,58.96322222222222,64.48858965944649,False
2024-08-03 03:00:00,48.0,44.531777777777776,44.531777777777776,55.57198611111111,64.48858965944649,False
2024-08-03 04:00:00,37.0,49.482,49.482,54.19595833333333,64.48858965944649,False
2024-08-03 05:00:00,34.0,46.18511111111111,46.18511111111111,52.98108333333333,64.48858965944649,False
2024-08-03 06:00:00,42.0,31.647,31.647,49.37925,64.48858965944649,False
2024-08-03 07:00:00,41.0,46.350505880637215,46.350505880637215,48.199229901746314,64.48858965944649,False
2024-08-03 08:00:00,49.0,42.459866904110264,42.459866904110264,46.36336604253788,64.48858965944649,False
2024-08-03 09:00:00,61.0,,61.0,46.43606048698233,64.48858965944649,False
2024-08-03 10:00:00,62.0,,62.0,47.95703270920455,64.48858965944649,False
2024-08-03 11:00:00,56.0,,56.0,49.390560486982324,64.48858965944649,False
2024-08-03 12:00:00,53.0,,53.0,49.83031048698233,64.48858965944649,False
2024-08-03 13:00:00,54.0,,54.0,50.80717159809344,64.48858965944649,False
2024-08-03 14:00:00,55.0,53.383781070781076,53.383781070781076,53.524269231941076,64.48858965944649,False
2024-08-03 15:00:00,60.0,57.75055555555556,57.75055555555556,54.949275441305865,64.48858965944649,False
2024-08-03 16:00:00,61.0,60.76611111111111,60.76611111111111,57.23755596718097,64.48858965944649,False
2024-08-03 17:00:00,60.0,63.297111111111114,63.297111111111114,57.52469485606986,64.48858965944649,False
2024-08-03 18:00:00,50.0,65.68041726863306,65.68041726863306,57.98474701464899,64.48858965944649,False
2024-08-03 19:00:00,50.0,53.70766666666667,53.70766666666667,57.698205347982324,64.48858965944649,False
2024-08-03 20:00:00,50.0,50.400666666666666,50.400666666666666,57.37328868131566,64.48858965944649,False
2024-08-03 21:00:00,47.0,52.026888888888884,52.026888888888884,57.12664979242677,64.48858965944649,False
2024-08-03 22:00:00,47.0,49.63677777777777,49.63677777777777,56.65827438080136,64.48858965944649,False
2024-08-03 23:00:00,42.0,47.23522222222222,47.23522222222222,55.343857714134685,64.48858965944649,False
2024-08-04 00:00:00,40.0,45.58444444444444,45.58444444444444,53.44614938080135,60.6049013830271,False
2024-08-04 01:00:00,41.0,42.704888888888895,42.704888888888895,50.87212160302357,60.6049013830271,False
2024-08-04 02:00:00,39.0,37.592333333333336,37.592333333333336,47.361111111111114,60.6049013830271,False
2024-08-04 03:00:00,36.0,42.10311111111111,42.10311111111111,45.91054166666667,60.6049013830271,False
2024-08-04 04:00:00,28.0,41.230000000000004,41.230000000000004,44.76420833333333,60.6049013830271,False
2024-08-04 05:00:00,27.0,29.089222222222222,29.089222222222222,41.897,60.6049013830271,False
2024-08-04 06:00:00,28.0,30.183444444444444,30.183444444444444,39.465333333333334,60.6049013830271,False
2024-08-04 07:00:00,31.0,26.95711111111111,26.95711111111111,36.930569444444444,60.6049013830271,False
2024-08-04 08:00:00,43.0,29.69333333333333,29.69333333333333,34.94418055555556,60.6049013830271,False
2024-08-04 09:00:00,49.0,42.358333333333334,42.358333333333334,34.90086111111111,60.6049013830271,False
2024-08-04 10:00:00,54.0,47.45044444444444,47.45044444444444,36.133125,60.6049013830271,False
2024-08-04 11:00:00,55.0,53.473333333333336,53.473333333333336,37.55440277777778,60.6049013830271,False
2024-08-04 12:00:00,58.0,55.36566666666667,55.36566666666667,39.32136111111111,60.6049013830271,False
2024-08-04 13:00:00,63.0,57.88202610369967,57.88202610369967,42.920461596295794,60.6049013830271,False
2024-08-04 14:00:00,65.0,63.27744444444445,63.27744444444445,47.05721159629579,60.6049013830271,False
2024-08-04 15:00:00,60.0,67.71855555555555,67.71855555555555,52.152392151851345,60.6049013830271,False
2024-08-04 16:00:00,58.0,63.92766666666667,63.92766666666667,56.43168381851802,60.6049013830271,False
2024-08-04 17:00:00,55.0,62.47711111111111,62.47711111111111,58.94653104074023,60.6049013830271,False
2024-08-04 18:00:00,52.0,58.57085162718377,58.57085162718377,60.336581938582654,60.6049013830271,False
2024-08-04 19:00:00,44.0,55.61988888888889,55.61988888888889,60.6049013830271,60.6049013830271,False
2024-08-04 20:00:00,43.0,50.61677777777778,50.61677777777778,60.01129027191599,60.6049013830271,False
2024-08-04 21:00:00,45.0,42.464444444444446,42.464444444444446,58.084092564509085,60.6049013830271,False
2024-08-04 22:00:00,45.0,46.031555555555556,46.031555555555556,55.92835645339797,60.6049013830271,False
2024-08-04 23:00:00,45.0,45.708666666666666,45.708666666666666,53.177120342286855,60.6049013830271,False
2024-08-05 00:00:00,44.0,45.812666666666665,45.812666666666665,50.912745342286854,63.67239455048198,False
2024-08-05 01:00:00,43.0,46.25244444444444,46.25244444444444,48.884662008953526,63.67239455048198,False
2024-08-05 02:00:00,33.0,46.67711111111111,46.67711111111111,47.39794444444444,63.67239455048198,False
2024-08-05 03:00:00,36.0,34.75588888888889,34.75588888888889,44.789944444444444,63.67239455048198,False
2024-08-05 04:00:00,44.0,40.40366666666667,40.40366666666667,43.513305555555554,63.67239455048198,False
2024-08-05 05:00:00,43.0,40.18211111111111,40.18211111111111,43.22801388888889,63.67239455048198,False
2024-08-05 06:00:00,13.0,46.034,46.034,43.228319444444445,63.67239455048198,False
2024-08-05 07:00:00,26.0,24.100777777777775,24.100777777777775,40.52733333333333,63.67239455048198,False
2024-08-05 08:00:00,36.0,17.775,17.775,37.022625,63.67239455048198,False
2024-08-05 09:00:00,48.0,36.134,36.134,35.75781944444444,63.67239455048198,False
2024-08-05 10:00:00,60.0,40.865,40.865,35.031305555555555,63.67239455048198,False
2024-08-05 11:00:00,67.0,57.71388888888889,57.71388888888889,37.90105555555556,63.67239455048198,False
2024-08-05 12:00:00,62.0,63.239000000000004,63.239000000000004,40.755472222222224,63.67239455048198,False
2024-08-05 13:00:00,63.0,67.93488888888889,67.93488888888889,44.22456944444445,63.67239455048198,False
2024-08-05 14:00:00,63.0,65.58033333333334,65.58033333333334,46.66786111111111,63.67239455048198,False
2024-08-05 15:00:00,62.0,62.46266666666667,62.46266666666667,51.463097222222224,63.67239455048198,False
2024-08-05 16:00:00,61.0,66.8468888888889,66.8468888888889,57.597083333333345,63.67239455048198,False
2024-08-05 17:00:00,62.0,60.795111111111105,60.795111111111105,60.679722222222225,63.67239455048198,False
2024-08-05 18:00:00,57.0,64.40048973718916,64.40048973718916,63.621658439370876,63.67239455048198,False
2024-08-05 19:00:00,53.0,58.11977777777778,58.11977777777778,63.67239455048198,63.67239455048198,False
2024-08-05 20:00:00,50.0,57.50522222222222,57.50522222222222,62.955672328259766,63.67239455048198,False
2024-08-05 21:00:00,50.0,51.790333333333336,51.790333333333336,60.937602883815316,63.67239455048198,False
2024-08-05 22:00:00,50.0,49.91177777777777,49.91177777777777,58.97903343937087,63.67239455048198,False
2024-08-05 23:00:00,50.0,50.367666666666665,50.367666666666665,57.46715843937087,63.67239455048198,False
2024-08-06 00:00:00,49.0,50.18211111111111,50.18211111111111,55.38406121714864,64.55214813642822,False
2024-08-06 01:00:00,43.0,49.72966666666667,49.72966666666667,54.000880661593094,64.55214813642822,False
2024-08-06 02:00:00,37.0,45.27711111111111,45.27711111111111,51.610458333333334,64.55214813642822,False
2024-08-06 03:00:00,44.0,38.79844444444445,38.79844444444445,49.19529166666666,64.55214813642822,False
2024-08-06 04:00:00,43.0,44.19133333333333,44.19133333333333,47.53105555555556,64.55214813642822,False
2024-08-06 05:00:00,42.0,44.23422222222222,44.23422222222222,46.58654166666667,64.55214813642822,False
2024-08-06 06:00:00,42.0,43.41511111111111,43.41511111111111,45.77445833333333,64.55214813642822,False
2024-08-06 07:00:00,42.0,42.941,42.941,44.846125,64.55214813642822,False
2024-08-06 08:00:00,42.0,42.782555555555554,42.782555555555554,43.92118055555556,64.55214813642822,False
2024-08-06 09:00:00,52.0,41.82977777777778,41.82977777777778,42.93369444444444,64.55214813642822,False
2024-08-06 10:00:00,59.0,47.69688888888889,47.69688888888889,43.23616666666667,64.55214813642822,False
2024-08-06 11:00:00,55.0,57.58547739979204,57.58547739979204,45.58454578608512,64.55214813642822,False
2024-08-06 12:00:00,58.0,59.66255555555555,59.66255555555555,47.51844856386289,64.55214813642822,False
2024-08-06 13:00:00,64.0,56.36077777777778,56.36077777777778,49.034268008307336,64.55214813642822,False
2024-08-06 14:00:00,71.0,61.623666666666665,61.623666666666665,51.31033745275179,64.55214813642822,False
2024-08-06 15:00:00,75.0,68.702,68.702,54.53046245275178,64.55214813642822,False
2024-08-06 16:00:00,65.0,79.32677777777778,79.32677777777778,59.098490230529556,64.55214813642822,False
2024-08-06 17:00:00,58.0,72.014,72.014,62.87151800830734,64.55214813642822,False
2024-08-06 18:00:00,53.0,61.14192991385596,61.14192991385596,64.55214813642822,64.55214813642822,False
2024-08-06 19:00:00,41.0,56.946555555555555,56.946555555555555,64.47228290589865,64.55214813642822,False
2024-08-06 20:00:00,43.0,49.01788888888889,49.01788888888889,63.14169957256533,64.55214813642822,False
2024-08-06 21:00:00,45.0,43.044333333333334,43.044333333333334,61.47714401700977,64.55214813642822,False
2024-08-06 22:00:00,41.0,46.03277777777778,46.03277777777778,59.52828290589866,64.55214813642822,False
2024-08-06 23:00:00,39.0,45.294666666666664,45.294666666666664,56.602366239232,64.55214813642822,False
2024-08-07 00:00:00,34.0,41.26811111111111,41.26811111111111,51.84503290589866,65.29181244188285,False
2024-08-07 01:00:00,31.0,38.57044444444444,38.57044444444444,47.664588461454215,65.29181244188285,False
2024-08-07 02:00:00,36.0,35.15477777777778,35.15477777777778,44.41619444444444,65.29181244188285,False
2024-08-07 03:00:00,30.0,38.57555555555555,38.57555555555555,42.119819444444445,65.29181244188285,False
2024-08-07 04:00:00,,32.482,32.482,40.05283333333333,65.29181244188285,False
2024-08-07 05:00:00,25.0,29.670444444444446,29.670444444444446,38.38109722222222,65.29181244188285,False
2024-08-07 06:00:00,25.0,27.526999999999997,27.526999999999997,36.067875,65.29181244188285,False
2024-08-07 07:00:00,25.0,27.604555555555557,27.604555555555557,33.856611111111114,65.29181244188285,False
2024-08-07 08:00:00,36.0,19.78666666666667,19.78666666666667,31.171430555555553,65.29181244188285,False
2024-08-07 09:00:00,53.0,34.29277777777778,34.29277777777778,30.63672222222222,65.29181244188285,False
2024-08-07 10:00:00,61.0,45.89566666666667,45.89566666666667,31.979333333333333,65.29181244188285,False
2024-08-07 11:00:00,70.0,59.76199999999999,59.76199999999999,34.62763888888889,65.29181244188285,False
2024-08-07 12:00:00,72.0,67.95777777777778,67.95777777777778,39.06211111111111,65.29181244188285,False
2024-08-07 13:00:00,73.0,73.91975461640733,73.91975461640733,44.59327488260647,65.29181244188285,False
2024-08-07 14:00:00,65.0,76.47866548420059,76.47866548420059,50.712233068131546,65.29181244188285,False
2024-08-07 15:00:00,60.0,,60.0,54.7616636236871,65.29181244188285,False
2024-08-07 16:00:00,58.0,65.03959044696883,65.03959044696883,60.41827909622487,65.29181244188285,False
2024-08-07 17:00:00,54.0,61.20711111111111,61.20711111111111,63.78257076289154,65.29181244188285,False
2024-08-07 18:00:00,52.0,57.96960009859721,57.96960009859721,65.29181244188285,65.29181244188285,False
2024-08-07 19:00:00,44.0,57.58277777777778,57.58277777777778,65.01940966410508,65.29181244188285,False
2024-08-07 20:00:00,44.0,49.650999999999996,49.650999999999996,62.73106244188286,65.29181244188285,False
2024-08-07 21:00:00,46.0,45.03388888888889,45.03388888888889,59.12032922594305,65.29181244188285,False
2024-08-07 22:00:00,47.0,46.83133333333333,46.83133333333333,55.414412707084644,65.29181244188285,False
2024-08-07 23:00:00,38.0,50.46011111111111,50.46011111111111,54.221926595973535,65.29181244188285,False
2024-08-08 00:00:00,29.0,47.06233333333333,47.06233333333333,51.974769456769096,75.98381811518853,True
2024-08-08 01:00:00,31.0,36.574555555555555,36.574555555555555,48.895700012324646,75.98381811518853,True
2024-08-08 02:00:00,25.0,41.91866666666667,41.91866666666667,46.88933333333333,75.98381811518853,True
2024-08-08 03:00:00,20.0,33.27,33.27,43.85023611111111,75.98381811518853,True
2024-08-08 04:00:00,22.0,27.614555555555558,27.614555555555558,41.09568055555555,75.98381811518853,True
2024-08-08 05:00:00,18.0,25.195,25.195,38.61581944444445,75.98381811518853,True
2024-08-08 06:00:00,11.0,27.929555555555556,27.929555555555556,36.25309722222222,75.98381811518853,True
2024-08-08 07:00:00,13.0,19.203222222222223,19.203222222222223,32.34598611111111,75.98381811518853,True
2024-08-08 08:00:00,34.0,16.960333333333335,16.960333333333335,28.583236111111113,75.98381811518853,True
2024-08-08 09:00:00,51.0,31.424111111111113,31.424111111111113,27.93943055555556,75.98381811518853,True
2024-08-08 10:00:00,54.0,49.263333333333335,49.263333333333335,28.85751388888889,75.98381811518853,True
2024-08-08 11:00:00,67.0,58.24877777777778,58.24877777777778,31.979861111111113,75.98381811518853,True
2024-08-08 12:00:00,73.0,66.19722222222222,66.19722222222222,36.80269444444444,75.98381811518853,True
2024-08-08 13:00:00,85.0,74.84935147405486,74.84935147405486,43.009488378701306,75.98381811518853,True
2024-08-08 14:00:00,82.0,83.63144444444445,83.63144444444445,49.97222448981241,75.98381811518853,True
2024-08-08 15:00:00,71.0,94.81311111111111,94.81311111111111,59.423460600923526,75.98381811518853,True
2024-08-08 16:00:00,66.0,79.47522222222223,79.47522222222223,67.23782171203464,75.98381811518853,True
2024-08-08 17:00:00,65.0,70.48166666666665,70.48166666666665,72.12001615647908,75.98381811518853,True
2024-08-08 18:00:00,61.0,68.91597122523122,68.91597122523122,74.57659589296631,75.98381811518853,True
2024-08-08 19:00:00,52.0,69.50655555555555,69.50655555555555,75.98381811518853,75.98381811518853,True
2024-08-08 20:00:00,47.0,63.49411111111111,63.49411111111111,75.64592922629964,75.98381811518853,True
2024-08-08 21:00:00,46.0,51.743,51.743,72.75763529204279,75.98381811518853,True
2024-08-08 22:00:00,43.0,51.39911111111111,51.39911111111111,68.72859362537612,75.98381811518853,True
2024-08-08 23:00:00,42.0,47.184555555555555,47.184555555555555,62.77502418093168,75.98381811518853,True
2024-08-09 00:00:00,44.0,44.29866666666667,44.29866666666667,58.37795473648723,58.37795473648723,False
2024-08-09 01:00:00,43.0,48.61655555555556,48.61655555555556,55.64481584759835,58.37795473648723,False
2024-08-09 02:00:00,44.0,46.36077777777778,46.36077777777778,52.82541666666666,58.37795473648723,False
2024-08-09 03:00:00,37.0,48.37611111111111,48.37611111111111,50.184111111111115,58.37795473648723,False
2024-08-09 04:00:00,32.0,43.31277777777778,43.31277777777778,47.66144444444445,58.37795473648723,False
2024-08-09 05:00:00,36.0,38.608333333333334,38.608333333333334,46.01961111111112,58.37795473648723,False
2024-08-09 06:00:00,28.0,38.61988888888889,38.61988888888889,44.42220833333333,58.37795473648723,False
2024-08-09 07:00:00,34.0,38.29222222222222,38.29222222222222,43.31066666666666,58.37795473648723,False
2024-08-09 08:00:00,38.0,35.37255555555556,35.37255555555556,42.19490277777778,58.37795473648723,False
2024-08-09 09:00:00,45.0,35.88688888888888,35.88688888888888,40.60369444444444,58.37795473648723,False
2024-08-09 10:00:00,51.0,43.89044444444445,43.89044444444445,40.29490277777778,58.37795473648723,False
2024-08-09 11:00:00,54.0,51.095666666666666,51.095666666666666,40.63484722222222,58.37795473648723,False
2024-08-09 12:00:00,57.0,53.78511111111111,53.78511111111111,41.943888888888885,58.37795473648723,False
2024-08-09 13:00:00,57.0,56.699444444444445,56.699444444444445,44.20527777777778,58.37795473648723,False
2024-08-09 14:00:00,48.0,58.81166666666666,58.81166666666666,46.72925,58.37795473648723,False
2024-08-09 15:00:00,43.0,57.25023188943776,57.25023188943776,49.099001208401944,58.37795473648723,False
2024-08-09 16:00:00,43.0,42.17444444444445,42.17444444444445,49.94923731951305,58.37795473648723,False
2024-08-09 17:00:00,41.0,44.354,44.354,51.00762620840194,58.37795473648723,False
2024-08-09 18:00:00,42.0,45.06548479506434,45.06548479506434,51.15450625222943,58.37795473648723,False
2024-08-09 19:00:00,44.0,42.458666666666666,42.458666666666666,50.07488125222943,58.37795473648723,False
2024-08-09 20:00:00,44.0,43.99388888888889,43.99388888888889,48.85097847445165,58.37795473648723,False
2024-08-09 21:00:00,43.0,44.532555555555554,44.532555555555554,47.33011736334054,58.37795473648723,False
2024-08-09 22:00:00,43.0,43.39433333333333,43.39433333333333,45.40295069667387,58.37795473648723,False
2024-08-09 23:00:00,40.0,43.74311111111111,43.74311111111111,43.71456059938304,58.37795473648723,False
2024-08-10 00:00:00,42.0,41.14333333333333,41.14333333333333,43.585671710494154,51.44228574984302,False
2024-08-10 01:00:00,35.0,42.284666666666666,42.284666666666666,43.32700504382749,51.44228574984302,False
2024-08-10 02:00:00,38.0,41.20355555555555,41.20355555555555,42.84426388888889,51.44228574984302,False
2024-08-10 03:00:00,38.0,35.70188888888889,35.70188888888889,41.99966666666666,51.44228574984302,False
2024-08-10 04:00:00,38.0,38.581,38.581,41.323055555555555,51.44228574984302,False
2024-08-10 05:00:00,38.0,39.49333333333333,39.49333333333333,40.693152777777776,51.44228574984302,False
2024-08-10 06:00:00,37.0,39.758,39.758,40.23861111111111,51.44228574984302,False
2024-08-10 07:00:00,37.0,37.699333333333335,37.699333333333335,39.48313888888889,51.44228574984302,False
2024-08-10 08:00:00,40.0,37.437999999999995,37.437999999999995,39.01997222222222,51.44228574984302,False
2024-08-10 09:00:00,47.0,39.50255555555555,39.50255555555555,38.67220833333333,51.44228574984302,False
2024-08-10 10:00:00,53.0,45.333358470256265,45.333358470256265,39.188433697670916,51.44228574984302,False
2024-08-10 11:00:00,53.0,52.132777777777775,52.132777777777775,41.242294808782034,51.44228574984302,False
2024-08-10 12:00:00,52.0,55.089000000000006,55.089000000000006,43.30579480878203,51.44228574984302,False
2024-08-10 13:00:00,46.0,54.24755555555556,54.24755555555556,45.15007258655981,51.44228574984302,False
2024-08-10 14:00:00,48.0,50.812111111111115,50.812111111111115,46.5318364754487,51.44228574984302,False
2024-08-10 15:00:00,50.0,47.798,47.798,47.79416980878203,51.44228574984302,False
2024-08-10 16:00:00,49.0,51.062666666666665,51.062666666666665,49.49725314211537,51.44228574984302,False
2024-08-10 17:00:00,48.0,50.818,50.818,50.911683697670924,51.44228574984302,False
2024-08-10 18:00:00,46.0,49.57817488763307,49.57817488763307,51.44228574984302,51.44228574984302,False
2024-08-10 19:00:00,39.0,49.332,49.332,51.0921885276208,51.44228574984302,False
2024-08-10 20:00:00,36.0,44.718333333333334,44.718333333333334,49.79585519428747,51.44228574984302,False
2024-08-10 21:00:00,38.0,38.40255555555555,38.40255555555555,47.815230194287466,51.44228574984302,False
2024-08-10 22:00:00,37.0,37.97833333333333,37.97833333333333,46.21100797206525,51.44228574984302,False
2024-08-10 23:00:00,36.0,40.64311111111111,40.64311111111111,45.31664686095414,51.44228574984302,False
2024-08-11 00:00:00,21.0,38.31144444444444,38.31144444444444,43.72274408317635,55.682280897491786,False
2024-08-11 01:00:00,30.0,29.098555555555556,29.098555555555556,41.0078135276208,55.682280897491786,False
2024-08-11 02:00:00,30.0,24.902444444444445,24.902444444444445,37.923347222222226,55.682280897491786,False
2024-08-11 03:00:00,29.0,32.69566666666667,32.69566666666667,35.843805555555555,55.682280897491786,False
2024-08-11 04:00:00,29.0,31.46488888888889,31.46488888888889,34.187124999999995,55.682280897491786,False
2024-08-11 05:00:00,30.0,31.135444444444445,31.135444444444445,33.27873611111111,55.682280897491786,False
2024-08-11 06:00:00,24.0,31.883555555555557,31.883555555555557,32.516888888888886,55.682280897491786,False
2024-08-11 07:00:00,23.0,29.032555555555557,29.032555555555557,31.065569444444442,55.682280897491786,False
2024-08-11 08:00:00,35.0,23.105555555555554,23.105555555555554,29.164833333333334,55.682280897491786,False
2024-08-11 09:00:00,42.0,31.189222222222224,31.189222222222224,29.426166666666667,55.682280897491786,False
2024-08-11 10:00:00,48.0,40.65524799074924,40.65524799074924,31.395267109954766,55.682280897491786,False
2024-08-11 11:00:00,51.0,47.46122222222222,47.46122222222222,33.240961554399206,55.682280897491786,False
2024-08-11 12:00:00,54.0,51.11488888888889,51.11488888888889,35.69721155439921,55.682280897491786,False
2024-08-11 13:00:00,55.0,54.37844444444445,54.37844444444445,38.60258655439921,55.682280897491786,False
2024-08-11 14:00:00,52.0,59.87266666666667,59.87266666666667,42.1012254432881,55.682280897491786,False
2024-08-11 15:00:00,52.0,54.568999999999996,54.568999999999996,45.29328099884365,55.682280897491786,False
2024-08-11 16:00:00,55.0,54.37422222222222,54.37422222222222,49.20186433217698,55.682280897491786,False
2024-08-11 17:00:00,56.0,54.76788888888889,54.76788888888889,52.14919766551032,55.682280897491786,False
2024-08-11 18:00:00,54.0,58.43624717993427,58.43624717993427,54.37182256415845,55.682280897491786,False
2024-08-11 19:00:00,43.0,57.94488888888889,57.94488888888889,55.682280897491786,55.682280897491786,False
2024-08-11 20:00:00,42.0,50.994,50.994,55.667169786380676,55.682280897491786,False
2024-08-11 21:00:00,40.0,44.34177777777778,44.34177777777778,54.41258645304734,55.682280897491786,False
2024-08-11 22:00:00,37.0,41.416222222222224,41.416222222222224,52.10553089749178,55.682280897491786,False
2024-08-11 23:00:00,37.0,37.73844444444445,37.73844444444445,50.00171145304734,55.682280897491786,False
2024-08-12 00:00:00,36.0,37.90922222222222,37.90922222222222,47.94358645304734,47.94358645304734,False
2024-08-12 01:00:00,42.0,37.02777777777778,37.02777777777778,45.72607256415845,47.94358645304734,False
2024-08-12 02:00:00,35.0,37.51122222222222,37.51122222222222,43.11044444444445,47.94358645304734,False
2024-08-12 03:00:00,37.0,39.12444444444444,39.12444444444444,40.75788888888889,47.94358645304734,False
2024-08-12 04:00:00,36.0,36.218222222222224,36.218222222222224,38.910916666666665,47.94358645304734,False
2024-08-12 05:00:00,31.0,37.98633333333333,37.98633333333333,38.116486111111115,47.94358645304734,False
2024-08-12 06:00:00,31.0,33.82666666666667,33.82666666666667,37.167791666666666,47.94358645304734,False
2024-08-12 07:00:00,31.0,31.740000000000002,31.740000000000002,36.41798611111111,47.94358645304734,False
2024-08-12 08:00:00,33.0,30.519111111111112,30.519111111111112,35.49422222222222,47.94358645304734,False
2024-08-12 09:00:00,36.0,32.75280405035577,32.75280405035577,34.95985050629447,47.94358645304734,False
2024-08-12 10:00:00,40.0,35.8140228264073,35.8140228264073,34.747700581817604,47.94358645304734,False
2024-08-12 11:00:00,44.0,40.617777777777775,40.617777777777775,34.93436724848427,47.94358645304734,False
2024-08-12 12:00:00,44.0,43.72044444444444,43.72044444444444,35.87214502626205,47.94358645304734,False
2024-08-12 13:00:00,41.0,45.503,45.503,36.811728359595385,47.94358645304734,False
2024-08-12 14:00:00,32.0,44.470888888888894,44.470888888888894,38.14225613737316,47.94358645304734,False
2024-08-12 15:00:00,23.0,40.19711111111111,40.19711111111111,39.19939502626205,47.94358645304734,False
2024-08-12 16:00:00,26.0,24.099777777777778,24.099777777777778,38.39697835959539,47.94358645304734,False
2024-08-12 17:00:00,26.0,26.42777777777778,26.42777777777778,37.60635007552313,47.94358645304734,False
2024-08-12 18:00:00,21.0,26.673766601951733,26.673766601951733,36.46381804746619,47.94358645304734,False
2024-08-12 19:00:00,24.0,23.576444444444444,23.576444444444444,34.33365138079952,47.94358645304734,False
2024-08-12 20:00:00,17.0,23.589333333333332,23.589333333333332,31.817262491910633,47.94358645304734,False
2024-08-12 21:00:00,17.0,22.948777777777778,22.948777777777778,28.99798471413286,47.94358645304734,False
2024-08-12 22:00:00,28.0,13.800888888888888,13.800888888888888,25.164234714132856,47.94358645304734,False
2024-08-12 23:00:00,30.0,23.87933333333333,23.87933333333333,23.124512491910636,47.94358645304734,False
2024-08-13 00:00:00,29.0,32.98922222222222,32.98922222222222,24.23569304746619,44.94056740072518,False
2024-08-13 01:00:00,32.0,29.85666666666667,29.85666666666667,24.664304158577302,44.94056740072518,False
2024-08-13 02:00:00,32.0,28.342222222222222,28.342222222222222,24.87286111111111,44.94056740072518,False
2024-08-13 03:00:00,27.0,33.13677777777778,33.13677777777778,26.067902777777775,44.94056740072518,False
2024-08-13 04:00:00,27.0,30.016222222222222,30.016222222222222,26.87126388888889,44.94056740072518,False
2024-08-13 05:00:00,28.0,28.265666666666668,28.265666666666668,27.535875,44.94056740072518,False
2024-08-13 06:00:00,23.0,27.386444444444447,27.386444444444447,29.234069444444444,44.94056740072518,False
2024-08-13 07:00:00,22.0,27.798555555555556,27.798555555555556,29.723972222222226,44.94056740072518,False
2024-08-13 08:00:00,24.0,21.91033333333333,21.91033333333333,28.339111111111112,44.94056740072518,False
2024-08-13 09:00:00,30.0,23.333666666666666,23.333666666666666,27.523736111111113,44.94056740072518,False
2024-08-13 10:00:00,36.0,27.74859453071183,27.74859453071183,27.449532649672314,44.94056740072518,False
2024-08-13 11:00:00,40.0,33.22877777777778,33.22877777777778,27.461032649672312,44.94056740072518,False
2024-08-13 12:00:00,43.0,38.17788888888889,38.17788888888889,28.481240983005645,44.94056740072518,False
2024-08-13 13:00:00,44.0,42.09066666666667,42.09066666666667,30.209365983005643,44.94056740072518,False
2024-08-13 14:00:00,46.0,43.318444444444445,43.318444444444445,32.20086598300564,44.94056740072518,False
2024-08-13 15:00:00,47.0,45.45466666666667,45.45466666666667,34.40787987189454,44.94056740072518,False
2024-08-13 16:00:00,47.0,47.495666666666665,47.495666666666665,37.6060465385612,44.94056740072518,False
2024-08-13 17:00:00,46.0,47.81355555555556,47.81355555555556,40.66603264967232,44.94056740072518,False
2024-08-13 18:00:00,43.0,47.29065031691255,47.29065031691255,43.108789622947405,44.94056740072518,False
2024-08-13 19:00:00,39.0,45.86611111111111,45.86611111111111,44.68845628961407,44.94056740072518,False
2024-08-13 20:00:00,37.0,40.19477777777777,40.19477777777777,44.94056740072518,44.94056740072518,False
2024-08-13 21:00:00,39.0,40.052,40.052,44.68573406739184,44.94056740072518,False
2024-08-13 22:00:00,39.0,36.940555555555555,36.940555555555555,43.88849795628074,44.94056740072518,False
2024-08-13 23:00:00,38.0,38.74466666666667,38.74466666666667,43.04974795628073,44.94056740072518,False
2024-08-14 00:00:00,37.0,38.65977777777778,38.65977777777778,41.945261845169625,51.8711676003908,False
2024-08-14 01:00:00,31.0,36.791777777777774,36.791777777777774,40.5675396229474,51.8711676003908,False
2024-08-14 02:00:00,34.0,36.70133333333333,36.70133333333333,39.243874999999996,51.8711676003908,False
2024-08-14 03:00:00,33.0,34.94844444444445,34.94844444444445,37.87916666666666,51.8711676003908,False
2024-08-14 04:00:00,,33.64944444444445,33.64944444444445,37.061,51.8711676003908,False
2024-08-14 05:00:00,27.0,32.62155555555555,32.62155555555555,36.132194444444444,51.8711676003908,False
2024-08-14 06:00:00,26.0,31.13911111111111,31.13911111111111,35.40701388888889,51.8711676003908,False
2024-08-14 07:00:00,20.0,22.138777777777776,22.138777777777776,33.33127777777778,51.8711676003908,False
2024-08-14 08:00:00,29.0,18.599222222222224,18.599222222222224,30.823708333333336,51.8711676003908,False
2024-08-14 09:00:00,32.0,26.784777777777776,26.784777777777776,29.572833333333335,51.8711676003908,False
2024-08-14 10:00:00,39.0,31.120973019541584,31.120973019541584,28.875288294109364,51.8711676003908,False
2024-08-14 11:00:00,46.0,35.949555555555555,35.949555555555555,29.00042718299825,51.8711676003908,False
2024-08-14 12:00:00,34.0,42.569111111111106,42.569111111111106,30.115385516331585,51.8711676003908,False
2024-08-14 13:00:00,38.0,43.148,43.148,31.43119107188714,51.8711676003908,False
2024-08-14 14:00:00,49.0,33.73755555555555,33.73755555555555,31.755996627442695,51.8711676003908,False
2024-08-14 15:00:00,55.0,44.01288888888889,44.01288888888889,34.49026051633159,51.8711676003908,False
2024-08-14 16:00:00,59.0,53.18077777777778,53.18077777777778,38.812954960776025,51.8711676003908,False
2024-08-14 17:00:00,60.0,58.53066666666667,58.53066666666667,42.78119107188714,51.8711676003908,False
2024-08-14 18:00:00,57.0,62.058563025348626,62.058563025348626,46.64838982261303,51.8711676003908,False
2024-08-14 19:00:00,42.0,60.379222222222225,60.379222222222225,49.70209815594636,51.8711676003908,False
2024-08-14 20:00:00,43.0,50.65233333333333,50.65233333333333,50.71250093372414,51.8711676003908,False
2024-08-14 21:00:00,44.0,42.29488888888889,42.29488888888889,50.60586204483524,51.8711676003908,False
2024-08-14 22:00:00,40.0,43.86,43.86,51.8711676003908,51.8711676003908,False
2024-08-14 23:00:00,43.0,42.85511111111111,42.85511111111111,51.72644537816858,51.8711676003908,False
2024-08-15 00:00:00,41.0,42.535444444444444,42.535444444444444,50.39577871150192,50.39577871150192,False
2024-08-15 01:00:00,32.0,41.809888888888885,41.809888888888885,48.305681489279685,50.39577871150192,False
2024-08-15 02:00:00,37.0,38.412777777777784,38.412777777777784,45.34995833333333,50.39577871150192,False
2024-08-15 03:00:00,37.0,37.178444444444445,37.178444444444445,42.44986111111111,50.39577871150192,False
2024-08-15 04:00:00,36.0,36.92644444444444,36.92644444444444,40.734125,50.39577871150192,False
2024-08-15 05:00:00,25.0,36.54020419958926,36.54020419958926,40.01478941383755,50.39577871150192,False
2024-08-15 06:00:00,24.0,35.820616246498595,35.820616246498595,39.00986644464987,50.39577871150192,False
2024-08-15 07:00:00,28.0,,28.0,37.152977555760984,50.39577871150192,False
2024-08-15 08:00:00,34.0,,34.0,36.086047000205426,50.39577871150192,False
2024-08-15 09:00:00,39.0,,39.0,35.73481088909432,50.39577871150192,False
2024-08-15 10:00:00,43.0,35.87924315058294,35.87924315058294,35.41811906069496,50.39577871150192,False
2024-08-15 11:00:00,45.0,41.546888888888894,41.546888888888894,35.96417461625052,50.39577871150192,False
2024-08-15 12:00:00,49.0,42.70922222222222,42.70922222222222,36.68702183847274,50.39577871150192,False
2024-08-15 13:00:00,50.0,46.75577777777778,46.75577777777778,37.963968535746304,50.39577871150192,False
2024-08-15 14:00:00,48.0,48.12588888888889,48.12588888888889,39.50212761604509,50.39577871150192,False
2024-08-15 15:00:00,46.0,48.42477777777778,48.42477777777778,42.05522483826731,50.39577871150192,False
2024-08-15 16:00:00,47.0,44.594888888888896,44.594888888888896,43.37958594937842,50.39577871150192,False
2024-08-15 17:00:00,46.0,45.83488888888889,45.83488888888889,44.233947060489534,50.39577871150192,False
2024-08-15 18:00:00,44.0,45.744327197728175,45.744327197728175,45.46708256638269,50.39577871150192,False
2024-08-15 19:00:00,30.0,43.779333333333334,43.779333333333334,45.74613812193825,50.39577871150192,False
2024-08-15 20:00:00,29.0,38.159,38.159,45.17736034416047,50.39577871150192,False
2024-08-15 21:00:00,23.0,26.46044444444444,26.46044444444444,42.6404436774938,50.39577871150192,False
2024-08-15 22:00:00,27.0,24.115444444444446,24.115444444444446,39.639138121938245,50.39577871150192,False
2024-08-15 23:00:00,26.0,25.688,25.688,36.79704089971602,50.39577871150192,False
2024-08-16 00:00:00,31.0,29.53033333333333,29.53033333333333,34.91397145527158,49.915183432344,False
2024-08-16 01:00:00,21.0,29.933555555555554,29.933555555555554,32.92630478860491,49.915183432344,False
2024-08-16 02:00:00,25.0,24.284777777777776,24.284777777777776,30.24386111111111,49.915183432344,False
2024-08-16 03:00:00,26.0,26.426333333333332,26.426333333333332,28.07473611111111,49.915183432344,False
2024-08-16 04:00:00,28.0,24.65266666666667,24.65266666666667,26.386444444444443,49.915183432344,False
2024-08-16 05:00:00,22.0,28.942888888888888,28.942888888888888,26.69675,49.915183432344,False
2024-08-16 06:00:00,20.0,23.321777777777775,23.321777777777775,26.597541666666665,49.915183432344,False
2024-08-16 07:00:00,29.0,21.727444444444448,21.727444444444448,26.102472222222225,49.915183432344,False
2024-08-16 08:00:00,39.0,24.676888888888886,24.676888888888886,25.495791666666666,49.915183432344,False
2024-08-16 09:00:00,43.0,34.102333333333334,34.102333333333334,26.016888888888886,49.915183432344,False
2024-08-16 10:00:00,49.0,41.641222222222225,41.641222222222225,28.186444444444444,49.915183432344,False
2024-08-16 11:00:00,52.0,44.07577777777778,44.07577777777778,30.392625,49.915183432344,False
2024-08-16 12:00:00,52.0,50.84011111111111,50.84011111111111,33.66605555555555,49.915183432344,False
2024-08-16 13:00:00,51.0,51.099333333333334,51.099333333333334,36.43561111111111,49.915183432344,False
2024-08-16 14:00:00,53.0,50.193333333333335,50.193333333333335,39.79455555555556,49.915183432344,False
2024-08-16 15:00:00,51.0,51.84477777777777,51.84477777777777,43.55922222222222,49.915183432344,False
2024-08-16 16:00:00,51.0,51.03088888888889,51.03088888888889,46.85347222222222,49.915183432344,False
2024-08-16 17:00:00,49.0,49.60744444444445,49.60744444444445,48.791611111111116,49.915183432344,False
2024-08-16 18:00:00,45.0,48.35390939874704,48.35390939874704,49.63069700817672,49.915183432344,False
2024-08-16 19:00:00,29.0,46.35166917111608,46.35166917111608,49.915183432344,49.915183432344,False
2024-08-16 20:00:00,30.0,40.07207952146843,40.07207952146843,48.56917948363867,49.915183432344,False
2024-08-16 21:00:00,28.0,,28.0,45.681762816972004,49.915183432344,False
2024-08-16 22:00:00,28.0,,28.0,42.90759615030534,49.915183432344,False
2024-08-16 23:00:00,31.0,,31.0,40.301998928083115,49.915183432344,False
2024-08-17 00:00:00,35.0,27.725438596491227,27.725438596491227,37.3888176415334,37.42467076694659,False
2024-08-17 01:00:00,33.0,34.51522222222222,34.51522222222222,35.50228986375563,37.42467076694659,False
2024-08-17 02:00:00,37.0,40.214222222222226,40.214222222222226,34.484828966690024,37.42467076694659,False
2024-08-17 03:00:00,26.0,39.53777777777778,39.53777777777778,33.63309254252274,37.42467076694659,False
2024-08-17 04:00:00,22.0,29.930999999999997,29.930999999999997,32.365457602339184,37.42467076694659,False
2024-08-17 05:00:00,20.0,22.949333333333335,22.949333333333335,31.73412426900585,37.42467076694659,False
2024-08-17 06:00:00,21.0,21.317444444444444,21.317444444444444,30.898804824561402,37.42467076694659,False
2024-08-17 07:00:00,25.0,18.302222222222223,18.302222222222223,29.31158260233918,37.42467076694659,False
2024-08-17 08:00:00,30.0,25.723666666666666,25.723666666666666,29.06136111111111,37.42467076694659,False
2024-08-17 09:00:00,37.0,26.18688888888889,26.18688888888889,28.020319444444443,37.42467076694659,False
2024-08-17 10:00:00,41.0,34.06066666666667,34.06066666666667,27.251125000000002,37.42467076694659,False
2024-08-17 11:00:00,32.0,40.50922222222222,40.50922222222222,27.372555555555557,37.42467076694659,False
2024-08-17 12:00:00,32.0,37.49088888888889,37.49088888888889,28.317541666666667,37.42467076694659,False
2024-08-17 13:00:00,31.0,29.513444444444442,29.513444444444442,29.138055555555557,37.42467076694659,False
2024-08-17 14:00:00,32.0,35.43788888888889,35.43788888888889,30.903111111111112,37.42467076694659,False
2024-08-17 15:00:00,40.0,27.54311111111111,27.54311111111111,32.05822222222223,37.42467076694659,False
2024-08-17 16:00:00,42.0,36.42322222222222,36.42322222222222,33.39566666666667,37.42467076694659,False
2024-08-17 17:00:00,45.0,42.49988888888889,42.49988888888889,35.43479166666667,37.42467076694659,False
2024-08-17 18:00:00,43.0,43.16358835779497,43.16358835779497,36.5726568780577,37.42467076694659,False
2024-08-17 19:00:00,32.0,44.614333333333335,44.614333333333335,37.085795766946596,37.42467076694659,False
2024-08-17 20:00:00,27.0,40.20188888888889,40.20188888888889,37.42467076694659,37.42467076694659,False
2024-08-17 21:00:00,23.0,24.707444444444445,24.707444444444445,36.8239207669466,37.42467076694659,False
2024-08-17 22:00:00,36.0,27.111666666666668,27.111666666666668,35.78314298916882,37.42467076694659,False
2024-08-17 23:00:00,37.0,25.705111111111112,25.705111111111112,35.55339298916881,37.42467076694659,False
2024-08-18 00:00:00,33.0,40.065333333333335,40.065333333333335,36.00865687805771,43.263868654968064,False
2024-08-18 01:00:00,28.0,34.876,34.876,35.05567076694659,43.263868654968064,False
2024-08-18 02:00:00,32.0,31.640888888888888,31.640888888888888,33.61533333333333,43.263868654968064,False
2024-08-18 03:00:00,29.0,34.13133333333334,34.13133333333334,32.30495833333334,43.263868654968064,False
2024-08-18 04:00:00,30.0,32.71522222222222,32.71522222222222,31.369125,43.263868654968064,False
2024-08-18 05:00:00,30.0,27.086666666666666,27.086666666666666,31.66652777777778,43.263868654968064,False
2024-08-18 06:00:00,26.0,34.92877777777778,34.92877777777778,32.64366666666667,43.263868654968064,False
2024-08-18 07:00:00,35.0,26.926222222222222,26.926222222222222,32.796305555555556,43.263868654968064,False
2024-08-18 08:00:00,41.0,30.29511111111111,30.29511111111111,31.575027777777777,43.263868654968064,False
2024-08-18 09:00:00,43.0,36.54188888888889,36.54188888888889,31.78326388888889,43.263868654968064,False
2024-08-18 10:00:00,47.0,41.88322222222222,41.88322222222222,33.06355555555556,43.263868654968064,False
2024-08-18 11:00:00,47.0,44.416000000000004,44.416000000000004,34.34913888888889,43.263868654968064,False
2024-08-18 12:00:00,44.0,46.857,46.857,36.11686111111111,43.263868654968064,False
2024-08-18 13:00:00,43.0,44.58866666666667,44.58866666666667,38.304611111111114,43.263868654968064,False
2024-08-18 14:00:00,43.0,42.88,42.88,39.29851388888889,43.263868654968064,False
2024-08-18 15:00:00,40.0,41.8089492397445,41.8089492397445,41.15885476607917,43.263868654968064,False
2024-08-18 16:00:00,43.0,41.467,41.467,42.55534087719029,43.263868654968064,False
2024-08-18 17:00:00,42.0,42.093333333333334,42.093333333333334,43.249271432745836,43.263868654968064,False
2024-08-18 18:00:00,42.0,,42.0,43.263868654968064,43.263868654968064,False
2024-08-18 19:00:00,43.0,,43.0,43.08686865496806,43.263868654968064,False
2024-08-18 20:00:00,43.0,,43.0,42.60474365496806,43.263868654968064,False
2024-08-18 21:00:00,42.0,,42.0,42.28116032163473,43.263868654968064,False
2024-08-18 22:00:00,37.0,,37.0,41.54616032163473,43.263868654968064,False
2024-08-18 23:00:00,28.0,,28.0,39.82004166666667,43.263868654968064,False
