ParameterCode,MethodCode
42101,54
42101,554
42101,593
42401,100
42401,600
42401,560
42401,600
42600,674
42600,699
42601,74
42601,99
42601,674
42601,699
42601,200
42601,256
42602,74
42602,99
42602,200
42602,256
42603,74
42603,99
42603,200
42603,256
42612,674
42612,699
43000,200
43102,228
43141,228
43202,228
43203,228
43204,228
43205,228
43206,228
43212,228
43214,228
43216,228
43217,228
43218,228
43220,228
43221,228
43224,228
43226,228
43227,228
43230,228
43231,228
43232,228
43233,228
43235,228
43238,228
43242,228
43243,228
43244,228
43245,228
43246,228
43247,228
43248,228
43249,228
43250,228
43252,228
43253,228
43256,228
43257,228
43261,228
43262,228
43263,228
43280,228
43284,228
43285,228
43291,228
43954,228
43960,228
44201,19
44201,87
44201,19
44201,87
45109,228
45201,228
45202,228
45203,228
45204,228
45207,228
45208,228
45209,228
45210,228
45211,228
45212,228
45213,228
45218,228
45219,228
45220,228
45225,228
61101,50
61101,68
61102,50
61102,68
61102,50
61103,20
61104,20
61301,128
62101,40
62201,12
63301,11
64101,11
68101,118
68101,145
68101,118
68101,145
68101,118
68102,118
68102,145
68102,118
68102,145
68102,118
68102,145
68102,118
68103,118
68103,145
68103,118
68103,145
68103,118
68104,118
68104,145
68104,118
68104,145
68104,118
68105,118
68105,145
68105,118
68105,145
68105,118
68106,118
68106,145
68106,118
68106,145
68106,118
68107,118
68107,145
68107,118
68107,145
68107,118
68108,118
68108,145
68108,118
68108,145
68108,118
68109,118
68109,145
68109,118
68109,145
68109,118
81102,98
81102,127
81102,98
81102,127
81102,226
85101,98
85101,127
85101,98
85101,127
85101,98
85101,127
85101,98
85101,127
85101,790
85101,790
85101,150
85129,811
86101,176
86101,208
88101,118
88101,145
88101,118
88101,145
88101,118
88101,145
88101,118
88101,145
88101,184
88101,184
88101,182
88101,181
88501,723
88501,721
88501,723
88501,760
88502,781
88502,760
88502,760
