UDAQ_mixing_height_m_15min_avg,UDAQ_mixing_height_m_15min_avg_smoothed,Time_start_15min_local
100,0,3803824800
100,0,3803825700
100,0,3803826600
100,0,3803827500
100,0,3803828400
100,0,3803829300
100,0,3803830200
100,0,3803831100
100,0,3803832000
100,0,3803832900
100,0,3803833800
100,0,3803834700
101.16666,0,3803835600
103.66666,0,3803836500
106.16666,0,3803837400
108.66666,0,3803838300
173,0,3803839200
308,0,3803840100
443,0,3803841000
578,0,3803841900
630.16669,0,3803842800
587.66669,0,3803843700
545.16669,0,3803844600
502.66666,0,3803845500
466,385.87088,3803846400
436,385.87088,3803847300
406,385.87088,3803848200
376,385.7399,3803849100
333.16666,385.22125,3803850000
275.66666,384.70428,3803850900
218.16667,384.18735,3803851800
160.66667,383.67041,3803852700
141.66667,383.15344,3803853600
166.66667,382.63651,3803854500
191.66667,382.11954,3803855400
216.66667,381.6026,3803856300
239.33333,380.95642,3803857200
259.33334,380.31024,3803858100
279.33334,379.79327,3803859000
299.33334,379.27634,3803859900
319.33334,378.7594,3803860800
339.33334,378.24243,3803861700
359.33334,377.72549,3803862600
379.33334,377.20853,3803863500
399.33334,376.69159,3803864400
419.33334,376.17465,3803865300
439.33334,375.65768,3803866200
459.33334,375.50818,3803867100
470,376.13446,3803868000
470,378.43777,3803868900
470,382.54898,3803869800
470,389.45438,3803870700
517.83331,399.90887,3803871600
620.33331,414.6221,3803872500
722.83331,434.22006,3803873400
825.33331,459.211,3803874300
832.16669,489.95712,3803875200
729.66669,526.65344,3803876100
627.16669,569.31403,3803877000
524.66669,617.76636,3803877900
470,686.16388,3803878800
470,761.46906,3803879700
470,826.28015,3803880600
470,894.02777,3803881500
552.83331,963.73926,3803882400
730.33331,1034.3833,3803883300
907.83331,1104.9049,3803884200
1085.3334,1174.2603,3803885100
1196.3334,1241.4512,3803886000
1231.3334,1305.5566,3803886900
1266.3334,1365.7612,3803887800
1301.3334,1421.3788,3803888700
1373.6666,1483.3538,3803889600
1488.6666,1537.2146,3803890500
1603.6666,1573.5977,3803891400
1718.6666,1604.2502,3803892300
1762.5,1629.3555,3803893200
1725,1649.2306,3803894100
1687.5,1664.3054,3803895000
1650,1675.0958,3803895900
1646.3334,1682.1736,3803896800
1681.3334,1686.1342,3803897700
1716.3334,1687.5645,3803898600
1751.3334,1687.0092,3803899500
1745.5,1684.1796,3803900400
1693,1679.7885,3803901300
1640.5,1675.3037,3803902200
1588,1670.0485,3803903100
1535.5,1663.9139,3803904000
1483,1656.6437,3803904900
1430.5,1647.8446,3803905800
1378,1637.0048,3803906700
1337.75,1623.5211,3803907600
1311.5,1606.7327,3803908500
1285.25,1585.9606,3803909400
1259,1560.5532,3803910300
1232.75,1521.1046,3803911200
1206.5,1473.2694,3803912100
1180.25,1427.9885,3803913000
1154,1376.7053,3803913900
1079.3334,1319.6998,3803914800
949.33331,1257.5168,3803915700
819.33331,1190.9652,3803916600
689.33331,1121.1014,3803917500
559.33331,1049.194,3803918400
429.33334,976.66888,3803919300
299.33334,905.03741,3803920200
169.33333,835.8075,3803921100
135,755.04333,3803922000
210,681.91449,3803922900
285,630.52759,3803923800
360,585.58765,3803924700
429.16666,546.90112,3803925600
491.66666,513.85059,3803926500
554.16669,485.52209,3803927400
616.66669,460.95959,3803928300
619.66669,439.58542,3803929200
554.66669,421.83575,3803930100
489.66666,408.66754,3803931000
424.66666,395.64087,3803931900
376,355.51987,3803932800
346,355.51987,3803933700
316,355.51987,3803934600
286,355.39923,3803935500
271.16666,354.92136,3803936400
273.66666,354.44507,3803937300
276.16666,353.96878,3803938200
278.66666,353.49249,3803939100
274.16666,353.0162,3803940000
261.66666,352.53992,3803940900
249.16667,352.06363,3803941800
236.66667,351.58734,3803942700
235.83333,350.99197,3803943600
248.33333,350.39661,3803944500
260.83334,349.92032,3803945400
273.33334,349.44403,3803946300
277.66666,348.96774,3803947200
272.66666,348.49146,3803948100
267.66666,348.01517,3803949000
262.66666,347.53888,3803949900
260,347.06259,3803950800
260,346.5863,3803951700
260,346.11002,3803952600
260,345.97229,3803953500
314.83334,346.54929,3803954400
432.33334,348.67145,3803955300
549.83331,352.45926,3803956200
667.33331,358.82153,3803957100
654.16669,368.4537,3803958000
491.66666,382.00964,3803958900
329.16666,400.06613,3803959800
166.66667,423.09137,3803960700
266.66666,451.41913,3803961600
666.66669,485.22906,3803962500
1066.6666,524.53418,3803963400
1466.6666,569.17548,3803964300
1619.3334,632.19312,3803965200
1489.3334,701.57507,3803966100
1359.3334,761.28839,3803967000
1229.3334,823.70728,3803967900
1160,887.93561,3803968800
1160,953.02307,3803969700
1160,1017.9977,3803970600
1160,1081.8978,3803971500
1174,1143.8038,3803972400
1204,1202.8671,3803973300
1234,1258.3362,3803974200
1264,1309.5791,3803975100
1325.5,1366.6793,3803976000
1423,1416.3037,3803976900
1520.5,1449.825,3803977800
1618,1478.0667,3803978700
1672.3334,1501.1973,3803979600
1677.3334,1519.509,3803980500
1682.3334,1533.3982,3803981400
1687.3334,1543.3398,3803982300
1673.6666,1549.8608,3803983200
1638.6666,1553.5099,3803984100
1603.6666,1554.8276,3803985000
1568.6666,1554.316,3803985900
1533.6666,1551.709,3803986800
1498.6666,1547.6633,3803987700
1463.6666,1543.5314,3803988600
1428.6666,1538.6895,3803989500
1408.8334,1533.0374,3803990400
1406.3334,1526.339,3803991300
1403.8334,1518.2321,3803992200
1401.3334,1508.2449,3803993100
1391.8334,1495.8218,3803994000
1374.3334,1480.3538,3803994900
1356.8334,1461.2156,3803995800
1339.3334,1437.8066,3803996700
1325.3334,1401.4609,3803997600
1315.3334,1357.3882,3803998500
1305.3334,1315.6689,3803999400
1295.3334,1268.4194,3804000300
1284.1666,1215.8978,3804001200
1271.6666,1158.6058,3804002100
1259.1666,1097.2888,3804003000
1246.6666,1032.9203,3804003900
1142,966.6687,3804004800
932,899.84814,3804005700
722,833.85095,3804006600
512,770.06635,3804007500
421,695.65479,3804008400
466,628.27795,3804009300
511,580.93292,3804010200
556,539.52777,3804011100
580,503.88419,3804012000
580,473.43323,3804012900
580,447.33298,3804013800
580,424.70242,3804014700
573.875,405.00946,3804015600
560.75,388.65591,3804016500
547.625,376.52347,3804017400
534.5,364.52142,3804018300
521.375,350.48999,3804019200
508.25,350.48999,3804020100
495.125,350.48999,3804021000
482,350.37103,3804021900
468.875,349.89993,3804022800
455.75,349.43036,3804023700
442.625,348.96082,3804024600
429.5,348.49127,3804025500
416.375,348.02173,3804026400
403.25,347.55219,3804027300
390.125,347.08264,3804028200
377,346.61307,3804029100
370,346.02615,3804030000
370,345.43921,3804030900
370,344.96967,3804031800
370,344.50009,3804032700
408.5,344.03055,3804033600
491,343.561,3804034500
573.5,343.09146,3804035400
656,342.62192,3804036300
675.5,342.15237,3804037200
623,341.6828,3804038100
570.5,341.21326,3804039000
518,341.07745,3804039900
455,341.6463,3804040800
380,343.73843,3804041700
305,347.47269,3804042600
230,353.74493,3804043500
409.33334,363.24081,3804044400
879.33331,376.60498,3804045300
1349.3334,394.40598,3804046200
1819.3334,417.10547,3804047100
2070,445.03247,3804048000
2070,478.36404,3804048900
2070,517.11304,3804049800
2070,561.12274,3804050700
2018.6666,623.24884,3804051600
1908.6666,691.64923,3804052500
1798.6666,750.5177,3804053400
1688.6666,812.05347,3804054300
1630,875.37305,3804055200
1630,939.53967,3804056100
1630,1003.595,3804057000
1630,1066.5912,3804057900
1577.5,1127.6212,3804058800
1465,1185.8489,3804059700
1352.5,1240.5332,3804060600
1240,1291.0511,3804061500
1183.5,1347.3435,3804062400
1191,1396.2659,3804063300
1198.5,1429.3129,3804064200
1206,1457.1549,3804065100
1210,1479.9583,3804066000
1210,1498.011,3804066900
1210,1511.7036,3804067800
1210,1521.5046,3804068700
1255.5,1527.9333,3804069600
1353,1531.5309,3804070500
1450.5,1532.83,3804071400
1548,1532.3256,3804072300
1601.1666,1529.7554,3804073200
1603.6666,1525.767,3804074100
1606.1666,1521.6935,3804075000
1608.6666,1516.92,3804075900
1596,1511.3479,3804076800
1566,1504.7444,3804077700
1536,1496.7521,3804078600
1506,1486.9062,3804079500
1488.8334,1474.6588,3804080400
1486.3334,1459.4097,3804081300
1483.8334,1440.5422,3804082200
1481.3334,1417.4645,3804083100
1499.8334,1381.6331,3804084000
1542.3334,1338.1838,3804084900
1584.8334,1297.0548,3804085800
1627.3334,1250.4739,3804086700
1645.3334,1198.6953,3804087600
1635.3334,1142.2139,3804088500
1625.3334,1081.7644,3804089400
1615.3334,1018.3065,3804090300
1477,952.99231,3804091200
1192,887.11713,3804092100
907,822.05359,3804093000
622,759.17145,3804093900
426.83334,685.81262,3804094800
334.33334,619.38904,3804095700
241.83333,572.71393,3804096600
149.33333,531.89453,3804097500
100,496.75525,3804098400
100,466.73511,3804099300
100,441.00409,3804100200
100,418.69373,3804101100
100,399.27939,3804102000
100,383.1572,3804102900
100,371.19641,3804103800
100,359.36417,3804104700
126.83334,352.62115,3804105600
184.33333,352.62115,3804106500
241.83333,352.62115,3804107400
299.33334,352.5015,3804108300
299.66666,352.02753,3804109200
234.66667,351.55511,3804110100
169.66667,351.0827,3804111000
104.66666,350.61029,3804111900
67.666664,350.13791,3804112800
62.666668,349.6655,3804113700
57.666668,349.19308,3804114600
52.666668,348.72067,3804115500
51.166668,348.13019,3804116400
53.666668,347.53967,3804117300
56.166668,347.06726,3804118200
58.666668,346.59488,3804119100
60,346.12247,3804120000
60,345.65005,3804120900
60,345.17764,3804121800
60,344.70526,3804122700
60,344.23285,3804123600
60,343.76044,3804124500
60,343.28802,3804125400
60,343.1514,3804126300
63.5,343.72372,3804127200
71,345.82855,3804128100
78.5,349.58551,3804129000
86,355.8959,3804129900
90,365.44952,3804130800
90,378.89496,3804131700
90,396.8042,3804132600
90,419.64172,3804133500
112.16666,447.73853,3804134400
159.66667,481.27277,3804135300
207.16667,520.25739,3804136200
254.66667,564.53473,3804137100
284.66666,627.03851,3804138000
294.66666,695.85486,3804138900
304.66666,755.08124,3804139800
314.66666,816.99121,3804140700
357.33334,880.69586,3804141600
437.33334,945.25262,3804142500
517.33331,1009.6975,3804143400
597.33331,1073.0767,3804144300
644.66669,1134.4779,3804145200
654.66669,1193.0594,3804146100
664.66669,1248.0764,3804147000
674.66669,1298.9015,3804147900
613.5,1355.5361,3804148800
471,1404.756,3804149700
328.5,1438.0039,3804150600
186,1466.0153,3804151500
267.5,1488.9573,3804152400
605,1507.1198,3804153300
942.5,1520.8956,3804154200
1280,1530.7562,3804155100
1469.3334,1537.224,3804156000
1489.3334,1540.8434,3804156900
1509.3334,1542.1504,3804157800
1529.3334,1541.6429,3804158700
1540,1539.0571,3804159600
1540,1535.0444,3804160500
1540,1530.9463,3804161400
1540,1526.1438,3804162300
1548.1666,1520.5378,3804163200
1565.6666,1513.894,3804164100
1583.1666,1505.8531,3804165000
1600.6666,1495.9474,3804165900
1619.3334,1483.6256,3804166800
1639.3334,1468.2837,3804167700
1659.3334,1449.3016,3804168600
1679.3334,1426.0835,3804169500
1522,1390.0342,3804170400
1162,1346.3208,3804171300
802,1304.9417,3804172200
442,1258.0775,3804173100
265.16666,1205.984,3804174000
297.66666,1149.1592,3804174900
330.16666,1088.3422,3804175800
362.66666,1024.4984,3804176700
380,958.78705,3804177600
380,892.51129,3804178500
380,827.05219,3804179400
380,763.78766,3804180300
380,689.98279,3804181200
380,623.15533,3804182100
380,576.19635,3804183000
380,535.12878,3804183900
347.33334,499.77579,3804184800
277.33334,469.57312,3804185700
207.33333,443.68567,3804186600
137.33333,421.23962,3804187500
188.66667,401.70724,3804188400
378.66666,385.48703,3804189300
568.66669,373.45349,3804190200
758.66669,361.54932,3804191100
815.08331,335.1644,3804192000
718.83331,335.1644,3804192900
622.58331,335.1644,3804193800
526.33331,335.05066,3804194700
430.08334,334.60016,3804195600
333.83334,334.15112,3804196500
237.58333,333.70212,3804197400
141.33333,333.25308,3804198300
128.5,332.80408,3804199200
211,332.35507,3804200100
293.5,331.90604,3804201000
376,331.45703,3804201900
380.33334,330.89575,3804202800
295.33334,330.33447,3804203700
210.33333,329.88547,3804204600
125.33334,329.43643,3804205500
106.83334,328.98743,3804206400
164.33333,328.53842,3804207300
221.83333,328.08939,3804208200
279.33334,327.64038,3804209100
315.83334,327.19135,3804210000
328.33334,326.74234,3804210900
340.83334,326.29333,3804211800
353.33334,326.16345,3804212700
368.16666,326.70743,3804213600
385.66666,328.70807,3804214500
403.16666,332.27902,3804215400
420.66666,338.27701,3804216300
391.5,347.3577,3804217200
309,360.13748,3804218100
226.5,377.16013,3804219000
144,398.86707,3804219900
100,425.57291,3804220800
100,457.44705,3804221700
100,494.50168,3804222600
100,536.58704,3804223500
125.66666,595.99658,3804224400
180.66667,661.40607,3804225300
235.66667,717.70044,3804226200
290.66666,776.54553,3804227100
293.16666,837.09637,3804228000
235.66667,898.45728,3804228900
178.16667,959.71173,3804229800
120.66666,1019.9532,3804230700
213.66667,1078.3147,3804231600
478.66666,1133.9962,3804232500
743.66669,1186.2896,3804233400
1008.6667,1234.5985,3804234300
1150,1288.4294,3804235200
1150,1335.2125,3804236100
1150,1366.8146,3804237000
1150,1393.4392,3804237900
1183.8334,1415.2454,3804238800
1256.3334,1432.5088,3804239700
1328.8334,1445.6027,3804240600
1401.3334,1454.9751,3804241500
1440.7778,1461.1227,3804242400
1442.4445,1464.5629,3804243300
1444.1111,1465.8052,3804244200
1445.7778,1465.3229,3804245100
1447.4445,1462.8651,3804246000
1449.1111,1459.051,3804246900
1450.7778,1455.1556,3804247800
1452.4445,1450.5909,3804248700
1454.1111,1445.2626,3804249600
1455.7778,1438.9478,3804250500
1457.4445,1431.3048,3804251400
1459.1111,1421.8895,3804252300
1460.7778,1410.1777,3804253200
1462.4445,1395.5953,3804254100
1464.1111,1377.553,3804255000
1465.7778,1355.4843,3804255900
1467.4445,1321.2195,3804256800
1469.1111,1279.6703,3804257700
1470.7778,1240.3397,3804258600
1472.4445,1195.7954,3804259500
1474.1111,1146.281,3804260400
1475.7778,1092.2692,3804261300
1477.4445,1034.463,3804262200
1479.1111,973.77985,3804263100
1480,911.32159,3804264000
1480,848.3269,3804264900
1480,786.1084,3804265800
1480,725.97583,3804266700
1478.8334,655.82471,3804267600
1476.3334,592.3056,3804268500
1473.8334,547.67133,3804269400
1471.3334,508.63687,3804270300
1332.3334,475.03406,3804271200
1037.3334,446.32657,3804272100
742.33331,421.7207,3804273000
447.33334,400.38586,3804273900
266.66666,381.82043,3804274800
216.66667,366.40323,3804275700
166.66667,354.96542,3804276600
116.66666,343.65054,3804277500
90,312.64774,3804278400
90,312.64774,3804279300
90,312.64774,3804280200
90,312.54163,3804281100
119.16666,312.1214,3804282000
181.66667,311.70255,3804282900
244.16667,311.28369,3804283800
306.66666,310.86484,3804284700
348.16666,310.44598,3804285600
365.66666,310.02713,3804286500
383.16666,309.60828,3804287400
400.66666,309.18942,3804288300
372.66666,308.66586,3804289200
292.66666,308.1423,3804290100
212.66667,307.72345,3804291000
132.66667,307.3046,3804291900
87.666664,306.88574,3804292800
82.666664,306.46689,3804293700
77.666664,306.04803,3804294600
72.666664,305.62918,3804295500
70,305.21033,3804296400
70,304.79147,3804297300
70,304.37262,3804298200
70,304.2515,3804299100
80.5,304.75891,3804300000
103,306.62515,3804300900
125.5,309.95621,3804301800
148,315.55124,3804302700
336.16666,324.02188,3804303600
713.66669,335.94312,3804304500
1091.1666,351.82214,3804305400
1468.6666,372.07077,3804306300
1670,396.98251,3804307200
1670,426.7153,3804308100
1670,461.28058,3804309000
1670,500.53857,3804309900
1479.8334,555.95691,3804310800
1072.3334,616.97217,3804311700
664.83331,669.48462,3804312600
257.33334,724.37646,3804313500
133.33333,780.85944,3804314400
333.33334,838.09802,3804315300
533.33331,895.23737,3804316200
733.33331,951.43176,3804317100
833,1005.8725,3804318000
818,1057.8134,3804318900
803,1106.5935,3804319800
788,1151.657,3804320700
791.66669,1201.8715,3804321600
816.66669,1245.5117,3804322500
841.66669,1274.9906,3804323400
866.66669,1299.8267,3804324300
915,1320.1678,3804325200
990,1336.2715,3804326100
1065,1348.4857,3804327000
1140,1357.2285,3804327900
1204.5,1362.9631,3804328800
1257,1366.1721,3804329700
1309.5,1367.3309,3804330600
1362,1366.8811,3804331500
1390,1364.5884,3804332400
1390,1361.0305,3804333300
1390,1357.397,3804334200
1390,1353.1389,3804335100
1458.8334,1348.1685,3804336000
1606.3334,1342.2778,3804336900
1753.8334,1335.1484,3804337800
1901.3334,1326.3656,3804338700
1980,1315.4406,3804339600
1980,1301.8379,3804340500
1980,1285.0076,3804341400
1980,1264.4215,3804342300
1759.5,1232.4587,3804343200
1287,1193.7008,3804344100
814.5,1157.0125,3804345000
342,1115.4608,3804345900
91.166664,1069.2727,3804346800
93.666664,1018.8895,3804347700
96.166664,964.96674,3804348600
98.666664,908.36041,3804349500
100,850.09814,3804350400
100,791.33551,3804351300
100,733.29688,3804352200
100,677.20404,3804353100
100,611.76575,3804354000
100,552.51392,3804354900
100,510.87823,3804355800
100,474.46613,3804356700
98.833336,443.12079,3804357600
96.333336,416.34192,3804358500
93.833336,393.3891,3804359400
91.333336,373.48758,3804360300
90,369.83743,3804361200
90,366.18729,3804362100
90,362.53717,3804363000
90,358.88702,3804363900
90,355.23688,3804364800
90,355.23688,3804365700
90,355.23688,3804366600
90,355.11633,3804367500
90,354.63882,3804368400
90,354.16293,3804369300
90,353.68701,3804370200
90,353.21109,3804371100
90,352.7352,3804372000
90,352.25928,3804372900
90,351.78339,3804373800
90,351.30746,3804374700
90,350.71259,3804375600
90,350.11771,3804376500
90,349.64178,3804377400
90,349.16589,3804378300
90,348.68997,3804379200
90,348.21405,3804380100
90,347.73816,3804381000
90,347.26224,3804381900
91.166664,346.78635,3804382800
93.666664,346.31042,3804383700
96.166664,345.83453,3804384600
98.666664,345.69687,3804385500
100,346.27344,3804386400
100,348.39389,3804387300
100,352.17871,3804388200
100,358.53589,3804389100
97.666664,368.1604,3804390000
92.666664,381.70557,3804390900
87.666664,399.74765,3804391800
82.666664,422.75458,3804392700
78.833336,451.05981,3804393600
76.333336,484.84283,3804394500
73.833336,524.11664,3804395400
71.333336,568.72235,3804396300
70,631.68988,3804397200
70,701.01666,3804398100
70,760.68237,3804399000
70,823.05164,3804399900
66.5,887.22876,3804400800
59,952.26447,3804401700
51.5,1017.1874,3804402600
44,1081.0366,3804403500
40,1142.8933,3804404400
40,1201.9095,3804405300
40,1257.3346,3804406200
40,1308.5366,3804407100
115.83334,1365.5914,3804408000
278.33334,1415.1764,3804408900
440.83334,1448.6709,3804409800
603.33331,1476.8901,3804410700
765.83331,1500.0022,3804411600
928.33331,1518.2994,3804412500
1090.8334,1532.1776,3804413400
1253.3334,1542.1113,3804414300
1341.1666,1548.6271,3804415200
1343.6666,1552.2733,3804416100
1346.1666,1553.59,3804417000
1348.6666,1553.0787,3804417900
1417.6666,1550.4738,3804418800
1562.6666,1546.4313,3804419700
1707.6666,1542.3027,3804420600
1852.6666,1537.4646,3804421500
1886.8334,1531.817,3804422400
1794.3334,1525.124,3804423300
1701.8334,1517.0234,3804424200
1609.3334,1507.0443,3804425100
1607.8334,1494.6311,3804426000
1710.3334,1479.1754,3804426900
1812.8334,1460.0524,3804427800
1915.3334,1436.6621,3804428700
1924.5,1400.3453,3804429600
1827,1356.3077,3804430500
1729.5,1314.6217,3804431400
1632,1267.4098,3804432300
1529.0555,1214.9299,3804433200
1419.8889,1157.6835,3804434100
1310.7222,1096.4154,3804435000
1201.5555,1032.098,3804435900
1092.3889,965.89923,3804436800
983.22223,899.1319,3804437700
874.05554,833.18719,3804438600
764.88892,769.45337,3804439500
655.72223,695.10101,3804440400
546.55554,627.77783,3804441300
437.38889,580.47052,3804442200
328.22223,539.09833,3804443100
249,503.48309,3804444000
204,473.05637,3804444900
159,446.97687,3804445800
114,424.36435,3804446700
86.5,404.68707,3804447600
79,388.34653,3804448500
71.5,376.22375,3804449400
64,364.23126,3804450300
60,259.02966,3804451200
60,259.02966,3804452100
60,259.02966,3804453000
60,258.94177,3804453900
60,258.5936,3804454800
60,258.24655,3804455700
60,257.89954,3804456600
60,257.55252,3804457500
63.5,257.20551,3804458400
71,256.85849,3804459300
78.5,256.51147,3804460200
86,256.16443,3804461100
86.5,255.73067,3804462000
79,255.29689,3804462900
71.5,254.94987,3804463800
64,254.60284,3804464700
63.5,254.25583,3804465600
71,253.90881,3804466500
78.5,253.56178,3804467400
86,253.21477,3804468300
86.5,252.86775,3804469200
79,252.52074,3804470100
71.5,252.17371,3804471000
64,252.07335,3804471900
60,252.49376,3804472800
60,254.03993,3804473700
60,256.79971,3804474600
60,261.43524,3804475500
59.708332,268.45319,3804476400
59.083332,278.32996,3804477300
58.458332,291.48581,3804478200
57.833332,308.26187,3804479100
57.208332,328.90131,3804480000
56.583332,353.535,3804480900
55.958332,382.17245,3804481800
55.333332,414.69785,3804482700
54.708332,460.61212,3804483600
54.083332,511.16345,3804484500
53.458332,554.67023,3804485400
52.833332,600.14825,3804486300
52.208332,646.94458,3804487200
51.583332,694.36694,3804488100
50.958332,741.70709,3804489000
50.333332,788.26434,3804489900
50,833.36865,3804490800
50,876.40179,3804491700
50,916.81628,3804492600
50,954.15155,3804493500
212.16667,995.75446,3804494400
559.66669,1031.9105,3804495300
907.16669,1056.3339,3804496200
1254.6666,1076.9105,3804497100
1280.1666,1093.7633,3804498000
937.66669,1107.1052,3804498900
595.16669,1117.2247,3804499800
252.66667,1124.4683,3804500700
225.16667,1129.2194,3804501600
557.66669,1131.8781,3804502500
890.16669,1132.8381,3804503400
1222.6666,1132.4655,3804504300
1407,1130.5659,3804505200
1422,1127.6183,3804506100
1437,1124.6078,3804507000
1452,1121.08,3804507900
1454.1666,1116.9619,3804508800
1441.6666,1112.0815,3804509700
1429.1666,1106.1748,3804510600
1416.6666,1098.8982,3804511500
1410,1089.8468,3804512400
1410,1078.5769,3804513300
1410,1064.6329,3804514200
1410,1047.5774,3804515100
1331.25,1021.0961,3804516000
1162.5,988.98499,3804516900
993.75,958.58856,3804517800
825,924.1629,3804518700
656.25,885.89594,3804519600
487.5,844.15326,3804520500
318.75,799.47809,3804521400
150,752.57953,3804522300
64.666664,704.30908,3804523200
74.666664,655.62402,3804524100
84.666664,607.53882,3804525000
94.666664,561.0658,3804525900
100,506.84995,3804526800
100,457.75958,3804527700
100,423.26428,3804528600
100,393.09674,3804529500
107,367.12701,3804530400
122,344.94064,3804531300
137,342.75381,3804532200
152,340.56696,3804533100
167,338.38013,3804534000
182,336.1933,3804534900
197,334.00647,3804535800
212,331.81961,3804536700
227,329.63278,3804537600
242,329.63278,3804538500
257,329.63278,3804539400
272,329.5209,3804540300
279.41666,329.07785,3804541200
278.16666,328.63623,3804542100
276.91666,328.19464,3804543000
275.66666,327.75302,3804543900
274.41666,327.3114,3804544800
273.16666,326.86981,3804545700
271.91666,326.42819,3804546600
270.66666,325.9866,3804547500
270,325.43457,3804548400
270,324.88257,3804549300
270,324.44098,3804550200
270,323.99936,3804551100
246.66667,323.55774,3804552000
196.66667,323.11615,3804552900
146.66667,322.67453,3804553800
96.666664,322.23294,3804554700
96.833336,321.79132,3804555600
154.33333,321.34973,3804556500
211.83333,320.90811,3804557400
269.33334,320.7804,3804558300
291.83334,321.3154,3804559200
274.33334,323.28302,3804560100
256.83334,326.79504,3804561000
239.33333,332.69403,3804561900
245.16667,341.62485,3804562800
277.66666,354.1937,3804563700
310.16666,370.93539,3804564600
342.66666,392.28409,3804565500
358.83334,418.54916,3804566400
356.33334,449.89725,3804567300
353.83334,486.34033,3804568200
351.33334,527.73108,3804569100
350,586.1601,3804570000
350,650.49011,3804570900
350,705.85535,3804571800
350,763.72925,3804572700
354.66666,823.28076,3804573600
364.66666,883.62891,3804574500
374.66666,943.87244,3804575400
384.66666,1003.1198,3804576300
397,1060.5181,3804577200
412,1115.2805,3804578100
427,1166.7108,3804579000
442,1214.2224,3804579900
508.33334,1267.1649,3804580800
633.33331,1313.1759,3804581700
758.33331,1344.2563,3804582600
883.33331,1370.4417,3804583500
975.66669,1391.8879,3804584400
1030.6666,1408.8663,3804585300
1085.6666,1421.7441,3804586200
1140.6666,1430.9619,3804587100
1170,1437.0081,3804588000
1170,1440.3915,3804588900
1170,1441.6133,3804589800
1170,1441.1389,3804590700
1259.8334,1438.7217,3804591600
1452.3334,1434.9706,3804592500
1644.8334,1431.1395,3804593400
1837.3334,1426.6501,3804594300
1937.6666,1421.4097,3804595200
1932.6666,1415.199,3804596100
1927.6666,1407.6824,3804597000
1922.6666,1398.4224,3804597900
1927,1386.9038,3804598800
1942,1372.5621,3804599700
1957,1354.8175,3804600600
1972,1333.113,3804601500
1964.8334,1299.4138,3804602400
1932.3334,1258.5503,3804603300
1899.8334,1219.8689,3804604200
1867.3334,1176.0598,3804605100
1850,1127.3625,3804606000
1850,1074.2422,3804606900
1850,1017.39,3804607800
1850,957.70844,3804608700
1774.1666,896.28101,3804609600
1611.6666,834.32593,3804610500
1449.1666,773.13428,3804611400
1286.6666,713.9942,3804612300
1181.6666,645.00085,3804613200
1142.381,582.53003,3804614100
1103.0952,538.63245,3804615000
1063.8096,500.24222,3804615900
1024.5238,467.194,3804616800
985.2381,438.96033,3804617700
945.95239,414.76053,3804618600
906.66669,413.21915,3804619500
867.38098,411.67776,3804620400
828.09521,410.13638,3804621300
788.80951,408.595,3804622200
749.5238,407.05362,3804623100
710.2381,405.51224,3804624000
670.95239,403.97086,3804624900
631.66669,403.97086,3804625800
592.38098,403.83374,3804626700
553.09521,403.29074,3804627600
513.80951,402.74954,3804628500
474.5238,402.20834,3804629400
435.2381,401.66714,3804630300
395.95239,401.12598,3804631200
356.66666,400.58478,3804632100
317.38095,400.04358,3804633000
278.09525,399.50238,3804633900
238.80952,398.82587,3804634800
199.5238,398.14938,3804635700
160.2381,397.60818,3804636600
120.95238,397.06699,3804637500
146.66667,396.52579,3804638400
246.66667,395.98459,3804639300
346.66666,395.44339,3804640200
446.66666,394.90219,3804641100
500,394.36099,3804642000
500,393.81979,3804642900
500,393.27859,3804643800
500,393.12207,3804644700
480.16666,393.77774,3804645600
437.66666,396.18909,3804646500
395.16666,400.49313,3804647400
352.66666,407.72244,3804648300
324.16666,418.66733,3804649200
311.66666,434.07068,3804650100
299.16666,454.58795,3804651000
286.66666,480.75113,3804651900
260.16666,512.93945,3804652800
217.66667,551.35706,3804653700
175.16667,596.01874,3804654600
132.66667,646.74384,3804655500
138,718.34967,3804656400
198,797.18719,3804657300
258,865.03833,3804658200
318,935.96381,3804659100
355.83334,1008.9453,3804660000
368.33334,1082.903,3804660900
380.83334,1156.7324,3804661800
393.33334,1229.3411,3804662700
551.66669,1299.6837,3804663600
876.66669,1366.7961,3804664500
1201.6666,1429.8248,3804665400
1526.6666,1488.0511,3804666300
1709.3334,1552.9332,3804667200
1729.3334,1609.3204,3804668100
1749.3334,1647.41,3804669000
1769.3334,1679.5006,3804669900
1777.6666,1705.7834,3804670800
1772.6666,1726.5908,3804671700
1767.6666,1742.3728,3804672600
1762.6666,1753.6693,3804673500
1742.5,1761.079,3804674400
1705,1765.2253,3804675300
1667.5,1766.7227,3804676200
1630,1766.1414,3804677100
1645,1763.1791,3804678000
1720,1758.5819,3804678900
1795,1753.887,3804679800
1870,1748.3851,3804680700
1926.3334,1741.9628,3804681600
1961.3334,1734.3516,3804682500
1996.3334,1725.1398,3804683400
2031.3334,1713.7915,3804684300
2050,1699.6754,3804685200
2050,1682.0994,3804686100
2050,1660.353,3804687000
2050,1633.7538,3804687900
2053.5,1592.4548,3804688800
2061,1542.3759,3804689700
2068.5,1494.9709,3804690600
2076,1441.2822,3804691500
2080,1381.6028,3804692400
2080,1316.5029,3804693300
2080,1246.8296,3804694200
2080,1173.6887,3804695100
1898,1098.4083,3804696000
1508,1022.4813,3804696900
1118,947.48981,3804697800
728,875.01257,3804698700
520,790.46002,3804699600
520,713.90094,3804700500
520,660.10364,3804701400
520,613.05573,3804702300
469.83334,572.55457,3804703200
362.33334,537.95367,3804704100
254.83333,508.29642,3804705000
147.33333,482.58173,3804705900
128.5,460.20499,3804706800
211,441.62271,3804707700
293.5,427.83685,3804708600
376,414.19913,3804709500
431.66666,415.46716,3804710400
456.66666,415.46716,3804711300
481.66666,415.46716,3804712200
506.66666,415.32614,3804713100
508.33334,414.7677,3804714000
483.33334,414.21109,3804714900
458.33334,413.65451,3804715800
433.33334,413.0979,3804716700
420,412.54132,3804717600
420,411.98471,3804718500
420,411.4281,3804719400
420,410.87152,3804720300
416.5,410.17575,3804721200
409,409.48001,3804722100
401.5,408.92343,3804723000
394,408.36682,3804723900
392.33334,407.81021,3804724800
397.33334,407.25363,3804725700
402.33334,406.69702,3804726600
407.33334,406.14041,3804727500
386.66666,405.58383,3804728400
336.66666,405.02722,3804729300
286.66666,404.47064,3804730200
236.66667,404.30966,3804731100
318.5,404.98395,3804732000
551,407.46396,3804732900
783.5,411.89047,3804733800
1016,419.32553,3804734700
1383.8334,430.58185,3804735600
1906.3334,446.42358,3804736500
2428.8333,467.52472,3804737400
2951.3333,494.43246,3804738300
2864.8333,527.5368,3804739200
2082.3333,567.04773,3804740100
1299.8334,612.98041,3804741000
517.33331,665.14905,3804741900
157.16667,738.79266,3804742800
279.66666,819.87372,3804743700
402.16666,889.65582,3804744600
524.66669,962.59967,3804745500
562,1037.6581,3804746400
502,1113.7205,3804747300
442,1189.6511,3804748200
382,1264.3259,3804749100
438.66666,1336.6704,3804750000
628.66669,1405.6929,3804750900
818.66669,1470.5151,3804751800
1008.6667,1530.3986,3804752700
1181.1666,1597.127,3804753600
1333.6666,1655.1189,3804754500
1486.1666,1694.2925,3804755400
1638.6666,1727.2963,3804756300
1720,1754.327,3804757200
1720,1775.7266,3804758100
1720,1791.9576,3804759000
1720,1803.5757,3804759900
1741,1811.1962,3804760800
1786,1815.4607,3804761700
1831,1817.0005,3804762600
1876,1816.4027,3804763500
1877.8334,1813.3561,3804764400
1830.3334,1808.6282,3804765300
1782.8334,1803.7994,3804766200
1735.3334,1798.1411,3804767100
1687.8334,1791.536,3804768000
1640.3334,1783.7083,3804768900
1592.8334,1774.2343,3804769800
1545.3334,1762.563,3804770700
1520,1748.0452,3804771600
1520,1729.969,3804772500
1520,1707.6038,3804773400
1520,1680.2476,3804774300
1516.5,1637.7733,3804775200
1509,1586.2692,3804776100
1501.5,1537.5153,3804777000
1494,1482.2986,3804777900
1486.5,1420.9208,3804778800
1479,1353.9683,3804779700
1471.5,1282.3121,3804780600
1464,1207.0898,3804781500
1337.5,1129.6671,3804782400
1075,1051.5793,3804783300
812.5,974.45374,3804784200
550,899.91388,3804785100
410,812.95514,3804786000
410,734.21729,3804786900
410,678.88904,3804787800
410,630.50226,3804788700
376.16666,588.84845,3804789600
303.66666,584.33667,3804790500
231.16667,579.82489,3804791400
158.66667,575.31311,3804792300
151.5,570.80127,3804793200
219,566.28949,3804794100
286.5,561.77771,3804795000
354,557.26593,3804795900
423.83334,552.75415,3804796800
496.33334,552.75415,3804797700
568.83331,552.75415,3804798600
641.33331,552.56653,3804799500
646.16669,551.82355,3804800400
573.66669,551.08301,3804801300
501.16666,550.34253,3804802200
428.66666,549.60199,3804803100
357.33334,548.86145,3804804000
287.33334,548.12091,3804804900
217.33333,547.38043,3804805800
147.33333,546.63989,3804806700
138,545.71423,3804807600
198,544.78857,3804808500
258,544.0481,3804809400
318,543.30756,3804810300
350,542.56702,3804811200
350,541.82654,3804812100
350,541.086,3804813000
350,540.34546,3804813900
341.83334,539.60492,3804814800
324.33334,538.86444,3804815700
306.83334,538.1239,3804816600
289.33334,537.90973,3804817500
270.66666,538.80688,3804818400
250.66667,542.10632,3804819300
230.66667,547.99554,3804820200
210.66667,557.88745,3804821100
200,572.86334,3804822000
200,593.93982,3804822900
200,622.01361,3804823800
200,657.81274,3804824700
252.5,701.85608,3804825600
365,754.42297,3804826500
477.5,815.53363,3804827400
590,884.94092,3804828300
640.66669,982.91925,3804829200
620.66669,1090.7928,3804830100
600.66669,1183.6337,3804831000
580.66669,1280.6812,3804831900
580.5,1380.5417,3804832800
603,1481.7383,3804833700
625.5,1582.7594,3804834600
648,1682.1099,3804835500
742.83331,1778.3599,3804836400
920.33331,1870.1899,3804837300
1097.8334,1956.4321,3804838200
1275.3334,2036.1034,3804839100
1370,2124.8816,3804840000
1370,2202.0364,3804840900
1370,2254.1545,3804841800
1370,2298.064,3804842700
1417.8334,2334.0269,3804843600
1520.3334,2362.4976,3804844500
1622.8334,2384.092,3804845400
1725.3334,2399.5493,3804846300
1896.6666,2409.688,3804847200
2146.6667,2415.3616,3804848100
2396.6667,2417.4102,3804849000
2646.6667,2416.6147,3804849900
2720.5,2412.5615,3804850800
2593,2406.2712,3804851700
2465.5,2399.8469,3804852600
2338,2392.3188,3804853500
2280.5,2383.5312,3804854400
2303,2373.1167,3804855300
2325.5,2360.5122,3804856200
2348,2344.9844,3804857100
2327.3333,2325.6692,3804858000
2257.3333,2301.6199,3804858900
2187.3333,2271.8643,3804859800
2117.3333,2235.4685,3804860700
2018.5555,2178.9592,3804861600
1886.8889,2110.436,3804862500
1755.2222,2045.5718,3804863400
1623.5555,1972.1094,3804864300
1491.8889,1890.45,3804865200
1360.2222,1801.3735,3804866100
1228.5555,1706.0394,3804867000
1096.8889,1605.9606,3804867900
965.22223,1502.9542,3804868800
833.55554,1399.0632,3804869700
701.88892,1296.4523,3804870600
570.22223,1197.2815,3804871500
525.66669,1081.588,3804872400
580.66669,976.83209,3804873300
635.66669,903.22119,3804874200
690.66669,838.8454,3804875100
724.66669,783.42755,3804876000
734.66669,736.08307,3804876900
744.66669,695.50299,3804877800
754.66669,660.31757,3804878700
714.5,629.6994,3804879600
617,604.27325,3804880500
519.5,585.41003,3804881400
422,566.74951,3804882300
372.33334,560.94006,3804883200
377.33334,560.94006,3804884100
382.33334,560.94006,3804885000
387.33334,560.74969,3804885900
378.33334,559.99567,3804886800
353.33334,559.2442,3804887700
328.33334,558.49274,3804888600
303.33334,557.74121,3804889500
329.66666,556.98975,3804890400
414.66666,556.23822,3804891300
499.66666,555.48676,3804892200
584.66669,554.73529,3804893100
611.33331,553.7959,3804894000
571.33331,552.85657,3804894900
531.33331,552.10504,3804895800
491.33334,551.35358,3804896700
464.16666,550.60211,3804897600
451.66666,549.85059,3804898500
439.16666,549.09912,3804899400
426.66666,548.34766,3804900300
404.83334,547.59613,3804901200
372.33334,546.84467,3804902100
339.83334,546.09314,3804903000
307.33334,545.87585,3804903900
313.33334,546.78625,3804904800
363.33334,550.13458,3804905700
413.33334,556.11102,3804906600
463.33334,566.14941,3804907500
490,581.34705,3804908400
490,602.73566,3804909300
490,631.22522,3804910200
490,667.5545,3804911100
464.33334,712.25012,3804912000
409.33334,765.59552,3804912900
354.33334,827.61115,3804913800
299.33334,898.04626,3804914700
663.16669,997.47565,3804915600
1505.6666,1106.9468,3804916500
2348.1667,1201.1625,3804917400
3190.6667,1299.6472,3804918300
3348.3333,1400.9867,3804919200
2723.3333,1503.6819,3804920100
2098.3333,1606.199,3804921000
1473.3334,1707.0208,3804921900
1389.6666,1804.6962,3804922800
1924.6666,1897.8862,3804923700
2459.6667,1985.4056,3804924600
2994.6667,2066.2568,3804925500
3271.8333,2156.3496,3804926400
3254.3333,2234.6472,3804927300
3236.8333,2287.5371,3804928200
3219.3333,2332.0969,3804929100
3163.3333,2368.5923,3804930000
3063.3333,2397.4846,3804930900
2963.3333,2419.3989,3804931800
2863.3333,2435.085,3804932700
2922,2445.3738,3804933600
3162,2451.1313,3804934500
3402,2453.2104,3804935400
3642,2452.4033,3804936300
3369.8333,2448.2898,3804937200
2512.3333,2441.9065,3804938100
1654.8334,2435.3872,3804939000
797.33331,2427.7476,3804939900
340,2418.8298,3804940800
340,2408.261,3804941700
340,2395.4697,3804942600
340,2379.7119,3804943500
674.83331,2360.1108,3804944400
1392.3334,2335.7053,3804945300
2109.8333,2305.509,3804946200
2827.3333,2268.5745,3804947100
2868.1667,2211.228,3804948000
2135.6667,2141.6902,3804948900
1403.1666,2075.8655,3804949800
670.66669,2001.3151,3804950700
295.16666,1918.4462,3804951600
327.66666,1828.0508,3804952500
360.16666,1731.3047,3804953400
392.66666,1629.7438,3804954300
414.66666,1525.212,3804955200
424.66666,1419.7825,3804956100
434.66666,1315.6519,3804957000
444.66666,1215.0125,3804957900
446.5,1097.6056,3804958800
439,991.29834,3804959700
431.5,916.59729,3804960600
424,851.26813,3804961500
420,795.0296,3804962400
420,746.98401,3804963300
420,705.80292,3804964200
420,670.09644,3804965100
388.5,639.02484,3804966000
321,613.22217,3804966900
253.5,594.07953,3804967800
186,575.1427,3804968700
151.16667,495.97577,3804969600
153.66667,495.97577,3804970500
156.16667,495.97577,3804971400
158.66667,495.80743,3804972300
151.83333,495.14078,3804973200
134.33333,494.47632,3804974100
116.83334,493.81186,3804975000
99.333336,493.1474,3804975900
161.16667,492.48294,3804976800
313.66666,491.81848,3804977700
466.16666,491.15405,3804978600
618.66669,490.48959,3804979500
690.66669,489.65903,3804980400
670.66669,488.82843,3804981300
650.66669,488.164,3804982200
630.66669,487.49954,3804983100
586.16669,486.83508,3804984000
513.66669,486.17062,3804984900
441.16666,485.50616,3804985800
368.66666,484.84171,3804986700
292.66666,484.17725,3804987600
212.66667,483.51279,3804988500
132.66667,482.84836,3804989400
52.666668,482.65619,3804990300
98.666664,483.46115,3804991200
288.66666,486.42169,3804992100
478.66666,491.70599,3804993000
668.66669,500.58182,3804993900
761.83331,514.01935,3804994800
744.33331,532.93091,3804995700
726.83331,558.12097,3804996600
709.33331,590.24286,3804997500
689.5,629.76215,3804998400
667,676.92938,3804999300
644.5,731.76282,3805000200
622,794.04065,3805001100
603,881.95477,3805002000
588,978.74762,3805002900
573,1062.052,3805003800
558,1149.1309,3805004700
779.83331,1238.7339,3805005600
1272.3334,1329.5356,3805006500
1764.8334,1420.1799,3805007400
2257.3333,1509.3252,3805008300
2462.8333,1595.6885,3805009200
2340.3333,1678.0859,3805010100
2217.8333,1755.4694,3805011000
2095.3333,1826.9569,3805011900
2044,1906.6158,3805012800
2074,1975.8455,3805013700
2104,2022.61,3805014600
2134,2062.009,3805015500
2095.1667,2094.2778,3805016400
1977.6666,2119.8242,3805017300
1860.1666,2139.2004,3805018200
1742.6666,2153.0698,3805019100
1730.1666,2162.167,3805020000
1837.6666,2167.2578,3805020900
1945.1666,2169.0962,3805021800
2052.6667,2168.3826,3805022700
2155.5,2164.7454,3805023600
2253,2159.1013,3805024500
2350.5,2153.3372,3805025400
2448,2146.5823,3805026300
2504.6667,2138.6973,3805027200
2514.6667,2129.3525,3805028100
2524.6667,2118.0427,3805029000
2534.6667,2104.1099,3805029900
2528.3333,2086.7788,3805030800
2503.3333,2065.1997,3805031700
2478.3333,2038.5006,3805032600
2453.3333,2005.8435,3805033500
2392.1667,1955.1385,3805034400
2289.6667,1893.6541,3805035300
2187.1667,1835.4526,3805036200
2084.6667,1769.5363,3805037100
1982.1666,1696.2648,3805038000
1879.6666,1616.3383,3805038900
1777.1666,1530.7966,3805039800
1674.6666,1440.9979,3805040700
1572.1666,1348.5723,3805041600
1469.6666,1255.3528,3805042500
1367.1666,1163.282,3805043400
1264.6666,1074.2979,3805044300
1162.1666,970.48834,3805045200
1059.6666,876.49286,3805046100
957.16669,810.44318,3805047000
854.66669,752.67999,3805047900
752.16669,702.95465,3805048800
649.66669,660.47339,3805049700
547.16669,624.06158,3805050600
444.66666,592.49042,3805051500
392.33334,565.01727,3805052400
397.33334,542.20288,3805053300
402.33334,525.27728,3805054200
407.33334,508.53354,3805055100
439.16666,502.52649,3805056000
501.66666,502.52649,3805056900
564.16669,502.52649,3805057800
626.66669,502.35593,3805058700
630.83331,501.68048,3805059600
568.33331,501.00723,3805060500
505.83334,500.33401,3805061400
443.33334,499.66077,3805062300
410,498.98755,3805063200
410,498.3143,3805064100
410,497.64108,3805065000
410,496.96786,3805065900
405.33334,496.12631,3805066800
395.33334,495.28476,3805067700
385.33334,494.61154,3805068600
375.33334,493.93832,3805069500
353.66666,493.26508,3805070400
318.66666,492.59186,3805071300
283.66666,491.91861,3805072200
248.66667,491.24539,3805073100
230,490.57214,3805074000
230,489.89893,3805074900
230,489.22568,3805075800
230,489.03098,3805076700
213.66667,489.84659,3805077600
178.66667,492.84625,3805078500
143.66667,498.20032,3805079400
108.66666,507.19336,3805080300
91.166664,520.80841,3805081200
93.666664,539.96973,3805082100
96.166664,565.49249,3805083000
98.666664,598.03864,3805083900
97.666664,638.07983,3805084800
92.666664,685.87012,3805085700
87.666664,741.42773,3805086600
82.666664,804.52814,3805087500
493,893.60339,3805088400
1378,991.67468,3805089300
2263,1076.0793,3805090200
3148,1164.3082,3805091100
3553.5,1255.0948,3805092000
3411,1347.0958,3805092900
3268.5,1438.9373,3805093800
3126,1529.26,3805094700
3024.3333,1616.7639,3805095600
2969.3333,1700.2496,3805096500
2914.3333,1778.6552,3805097400
2859.3333,1851.0869,3805098300
2799.6667,1931.798,3805099200
2734.6667,2001.9419,3805100100
2669.6667,2049.3242,3805101000
2604.6667,2089.2437,3805101900
2519.8333,2121.9387,3805102800
2412.3333,2147.8223,3805103700
2304.8333,2167.4546,3805104600
2197.3333,2181.5071,3805105500
2143.5,2190.7244,3805106400
2151,2195.8826,3805107300
2158.5,2197.7451,3805108200
2166,2197.022,3805109100
2173.5,2193.3369,3805110000
2181,2187.6184,3805110900
2188.5,2181.7778,3805111800
2196,2174.9338,3805112700
2173.9443,2166.9446,3805113600
2118.1111,2157.4766,3805114500
2062.2778,2146.0173,3805115400
2006.4445,2131.9004,3805116300
1950.6111,2114.3403,3805117200
1894.7778,2092.4766,3805118100
1838.9445,2065.4246,3805119000
1783.1111,2032.3362,3805119900
1727.2778,1980.9615,3805120800
1671.4445,1918.6649,3805121700
1615.6111,1859.6949,3805122600
1559.7778,1792.9078,3805123500
1503.9445,1718.6686,3805124400
1448.1111,1637.6864,3805125300
1392.2778,1551.0151,3805126200
1336.4445,1460.0303,3805127100
1280.6111,1366.3839,3805128000
1224.7778,1271.9332,3805128900
1168.9445,1178.6462,3805129800
1113.1111,1088.4869,3805130700
1057.2778,983.30634,3805131600
1001.4445,888.06934,3805132500
945.61108,821.14734,3805133400
889.77777,762.62122,3805134300
771.33331,712.23907,3805135200
581.33331,669.19672,3805136100
391.33334,632.30408,3805137000
201.33333,600.31586,3805137900
102.33334,572.47992,3805138800
107.33334,549.3642,3805139700
112.33334,532.21503,3805140600
117.33334,515.25012,3805141500
146.83333,301.08066,3805142400
204.33333,301.08066,3805143300
261.83334,301.08066,3805144200
319.33334,300.97849,3805145100
354.66666,300.57376,3805146000
364.66666,300.17041,3805146900
374.66666,299.76706,3805147800
384.66666,299.36371,3805148700
392.33334,298.96036,3805149600
397.33334,298.55701,3805150500
402.33334,298.15363,3805151400
407.33334,297.75027,3805152300
405.33334,297.24609,3805153200
395.33334,296.74188,3805154100
385.33334,296.33853,3805155000
375.33334,295.93518,3805155900
358.33334,295.53183,3805156800
333.33334,295.12848,3805157700
308.33334,294.72513,3805158600
283.33334,294.32175,3805159500
285.16666,293.9184,3805160400
317.66666,293.51505,3805161300
350.16666,293.11169,3805162200
382.66666,292.99503,3805163100
407,293.4837,3805164000
422,295.28088,3805164900
437,298.48871,3805165800
452,303.87674,3805166700
430.83334,312.03397,3805167600
368.33334,323.51416,3805168500
305.83334,338.80573,3805169400
243.33333,358.30521,3805170300
204.16667,382.29526,3805171200
191.66667,410.92804,3805172100
179.16667,444.21451,3805173000
166.66667,482.02008,3805173900
160,535.38812,3805174800
160,594.14594,3805175700
160,644.71558,3805176600
160,697.57654,3805177500
476.16666,751.96985,3805178400
1153.6666,807.09076,3805179300
1831.1666,862.11609,3805180200
2508.6667,916.23151,3805181100
2858.3333,968.65808,3805182000
2833.3333,1018.6772,3805182900
2808.3333,1065.6526,3805183800
2783.3333,1109.049,3805184700
2689.5,1157.4056,3805185600
2517,1199.4313,3805186500
2344.5,1227.8196,3805187400
2172,1251.7367,3805188300
2038,1271.3253,3805189200
1948,1286.8331,3805190100
1858,1298.5955,3805191000
1768,1307.0149,3805191900
1647.6666,1312.5372,3805192800
1492.6666,1315.6277,3805193700
1337.6666,1316.7435,3805194600
1182.6666,1316.3103,3805195500
1121,1314.1024,3805196400
1166,1310.6763,3805197300
1211,1307.177,3805198200
1256,1303.0765,3805199100
1287.5834,1298.2899,3805200000
1303.8334,1292.6173,3805200900
1320.0834,1285.7517,3805201800
1336.3334,1277.2938,3805202700
1352.5834,1266.7731,3805203600
1368.8334,1253.6736,3805204500
1385.0834,1237.4659,3805205400
1401.3334,1217.6415,3805206300
1417.5834,1186.8612,3805207200
1433.8334,1149.5372,3805208100
1450.0834,1114.2063,3805209000
1466.3334,1074.1919,3805209900
1482.5834,1029.7126,3805210800
1498.8334,981.19348,3805211700
1515.0834,929.26569,3805212600
1531.3334,874.7536,3805213500
1550.5,818.64691,3805214400
1573,762.05829,3805215300
1595.5,706.16693,3805216200
1618,652.14941,3805217100
1484.1666,589.13214,3805218000
1171.6666,532.07245,3805218900
859.16669,491.9772,3805219800
546.66669,456.91223,3805220700
352,426.72656,3805221600
292,400.93845,3805222500
232,378.83481,3805223400
172,359.66959,3805224300
137.66667,342.99213,3805225200
132.66667,329.1427,3805226100
127.66666,324.74783,3805227000
122.66666,320.353,3805227900
121.16666,315.95813,3805228800
123.66666,315.95813,3805229700
126.16666,315.95813,3805230600
128.66667,315.85089,3805231500
137.875,315.42621,3805232400
154.75,315.0029,3805233300
171.625,314.57962,3805234200
188.5,314.15634,3805235100
205.375,313.73306,3805236000
222.25,313.30975,3805236900
239.125,312.88647,3805237800
256,312.4632,3805238700
272.875,311.93408,3805239600
289.75,311.40497,3805240500
306.625,310.98169,3805241400
323.5,310.55841,3805242300
340.375,310.1351,3805243200
357.25,309.71182,3805244100
374.125,309.28854,3805245000
391,308.86526,3805245900
398.83334,308.44196,3805246800
396.33334,308.01868,3805247700
393.83334,307.5954,3805248600
391.33334,307.47296,3805249500
400.5,307.98578,3805250400
423,309.87177,3805251300
445.5,313.2381,3805252200
468,318.89236,3805253100
473,327.4527,3805254000
458,339.50015,3805254900
443,355.54733,3805255800
428,376.01035,3805256700
404.83334,401.18585,3805257600
372.33334,431.23346,3805258500
339.83334,466.16473,3805259400
307.33334,505.83841,3805260300
516.33331,561.84351,3805261200
1001.3333,623.50482,3805262100
1486.3334,676.5733,3805263000
1971.3334,732.04633,3805263900
2191.5,789.12738,3805264800
2109,846.97198,3805265700
2026.5,904.71631,3805266600
1944,961.50574,3805267500
1873.1666,1016.5229,3805268400
1815.6666,1069.0137,3805269300
1758.1666,1118.3103,3805270200
1700.6666,1163.851,3805271100
1680.5,1214.5972,3805272000
1703,1258.6995,3805272900
1725.5,1288.4905,3805273800
1748,1313.5895,3805274700
1730.8334,1334.1461,3805275600
1668.3334,1350.4202,3805276500
1605.8334,1362.7638,3805277400
1543.3334,1371.5991,3805278300
1480.8334,1377.3944,3805279200
1418.3334,1380.6375,3805280100
1355.8334,1381.8086,3805281000
1293.3334,1381.3539,3805281900
1277.5,1379.037,3805282800
1315,1375.4414,3805283700
1352.5,1371.7693,3805284600
1390,1367.4662,3805285500
1397.1666,1362.4431,3805286400
1369.6666,1356.4901,3805287300
1342.1666,1349.2853,3805288200
1314.6666,1340.4094,3805289100
1305.8334,1329.3688,3805290000
1318.3334,1315.6221,3805290900
1330.8334,1298.6135,3805291800
1343.3334,1277.8094,3805292700
1350,1245.5083,3805293600
1350,1206.34,3805294500
1350,1169.2632,3805295400
1350,1127.2715,3805296300
1331.3334,1080.5944,3805297200
1291.3334,1029.6777,3805298100
1251.3334,975.18402,3805299000
1211.3334,917.97833,3805299900
1206.3334,859.09918,3805300800
1241.3334,799.71429,3805301700
1276.3334,741.06116,3805302600
1311.3334,684.37445,3805303500
1229.6666,618.24329,3805304400
1014.6667,558.36407,3805305300
799.66669,516.28754,3805306200
584.66669,479.4899,3805307100
470,447.81265,3805308000
470,420.75024,3805308900
470,397.55438,3805309800
470,377.44214,3805310700
466.5,359.94058,3805311600
459,345.40683,3805312500
451.5,334.62445,3805313400
444,323.95798,3805314300
437.66666,302.28561,3805315200
432.66666,302.28561,3805316100
427.66666,302.28561,3805317000
422.66666,302.18301,3805317900
414.16666,301.7767,3805318800
401.66666,301.37173,3805319700
389.16666,300.96677,3805320600
376.66666,300.5618,3805321500
370,300.15683,3805322400
370,299.75186,3805323300
370,299.34689,3805324200
370,298.94193,3805325100
361.83334,298.4357,3805326000
344.33334,297.92947,3805326900
326.83334,297.52451,3805327800
309.33334,297.11954,3805328700
280.16666,296.71457,3805329600
237.66667,296.3096,3805330500
195.16667,295.90463,3805331400
152.66667,295.49966,3805332300
127.66666,295.0947,3805333200
122.66666,294.68973,3805334100
117.66666,294.28476,3805335000
112.66666,294.16763,3805335900
112.33334,294.65823,3805336800
117.33334,296.46265,3805337700
122.33334,299.68329,3805338600
127.33334,305.0929,3805339500
127.66666,313.28278,3805340400
122.66666,324.8089,3805341300
117.66666,340.16165,3805342200
112.66666,359.7392,3805343100
110,383.82526,3805344000
110,412.5726,3805344900
110,445.99228,3805345800
110,483.94916,3805346700
112.33334,537.53076,3805347600
117.33334,596.52374,3805348500
122.33334,647.29578,3805349400
127.33334,700.36835,3805350300
225.66667,754.97931,3805351200
430.66666,810.3208,3805352100
635.66669,865.56635,3805353000
840.66669,919.89838,3805353900
960.5,972.53473,3805354800
983,1022.754,3805355700
1005.5,1069.9175,3805356600
1028,1113.4874,3805357500
1040,1162.0377,3805358400
1040,1204.2316,3805359300
1040,1232.7334,3805360200
1040,1256.7462,3805361100
1043.5,1276.4133,3805362000
1051,1291.9832,3805362900
1058.5,1303.7926,3805363800
1066,1312.2456,3805364700
1098,1317.7902,3805365600
1158,1320.8929,3805366500
1218,1322.0133,3805367400
1278,1321.5784,3805368300
1326.9166,1319.3617,3805369200
1363.1666,1315.9218,3805370100
1399.4166,1312.4084,3805371000
1435.6666,1308.2916,3805371900
1471.9166,1303.4858,3805372800
1508.1666,1297.7905,3805373700
1544.4166,1290.8973,3805374600
1580.6666,1282.4056,3805375500
1581.3334,1271.8428,3805376400
1541.3334,1258.6909,3805377300
1501.3334,1242.4185,3805378200
1461.3334,1222.5146,3805379100
1452.8334,1191.6112,3805380000
1480.3334,1154.1378,3805380900
1507.8334,1118.6654,3805381800
1535.3334,1078.4908,3805382700
1415.8334,1033.8336,3805383600
1128.3334,985.1203,3805384500
840.83331,932.98474,3805385400
553.33331,878.25446,3805386300
400,821.92322,3805387200
400,765.10815,3805388100
400,708.9931,3805389000
400,654.7594,3805389900
423.33334,591.48993,3805390800
473.33334,534.20184,3805391700
523.33331,493.94614,3805392600
573.33331,458.74084,3805393500
588.33331,428.43439,3805394400
563.33331,402.54303,3805395300
538.33331,401.35001,3805396200
513.33331,400.15698,3805397100
488.33334,398.96396,3805398000
463.33334,397.77097,3805398900
438.33334,396.57794,3805399800
413.33334,395.38492,3805400700
388.33334,394.19189,3805401600
363.33334,394.19189,3805402500
338.33334,394.19189,3805403400
313.33334,394.05814,3805404300
288.33334,393.52826,3805405200
263.33334,393.00018,3805406100
238.33333,392.47208,3805407000
213.33333,391.94397,3805407900
188.33333,391.41589,3805408800
163.33333,390.88779,3805409700
138.33333,390.35968,3805410600
113.33334,389.8316,3805411500
112.83334,389.17148,3805412400
140.33333,388.51135,3805413300
167.83333,387.98325,3805414200
195.33333,387.45517,3805415100
222.83333,386.92706,3805416000
250.33333,386.39896,3805416900
277.83334,385.87088,3805417800
305.33334,385.34277,3805418700
321.16666,384.81467,3805419600
323.66666,384.28659,3805420500
326.16666,383.75848,3805421400
328.66666,383.60574,3805422300
316,384.24554,3805423200
286,386.59851,3805424100
256,390.79837,3805425000
226,397.85269,3805425900
196,408.53262,3805426800
166,423.56311,3805427700
136,443.58371,3805428600
106,469.11356,3805429500
101.66666,500.52271,3805430400
126.66666,538.01031,3805431300
151.66667,581.59088,3805432200
176.66667,631.08807,3805433100
207.5,700.96051,3805434000
245,777.88965,3805434900
282.5,844.09827,3805435800
320,913.30688,3805436700
378.5,984.52167,3805437600
461,1056.6891,3805438500
543.5,1128.7314,3805439400
626,1199.5824,3805440300
708.5,1268.2222,3805441200
791,1333.7101,3805442100
873.5,1395.213,3805443000
956,1452.0299,3805443900
1000,1515.3412,3805444800
1000,1570.3636,3805445700
1000,1607.5311,3805446600
1000,1638.8448,3805447500
1051.3334,1664.4915,3805448400
1161.3334,1684.7952,3805449300
1271.3334,1700.1951,3805450200
1381.3334,1711.2181,3805451100
1480.8334,1718.4484,3805452000
1568.3334,1722.4945,3805452900
1655.8334,1723.9556,3805453800
1743.3334,1723.3883,3805454700
1787.0834,1720.4977,3805455600
1780.8334,1716.0118,3805456500
1774.5834,1711.4305,3805457400
1768.3334,1706.0619,3805458300
1762.0834,1699.795,3805459200
1755.8334,1692.368,3805460100
1749.5834,1683.3792,3805461000
1743.3334,1672.3057,3805461900
1757.5,1658.5312,3805462800
1795,1641.3807,3805463700
1832.5,1620.1608,3805464600
1870,1594.2054,3805465500
1859.6666,1553.9061,3805466400
1794.6666,1505.0394,3805467300
1729.6666,1458.7821,3805468200
1664.6666,1406.3931,3805469100
1627.6666,1348.1583,3805470000
1622.6666,1284.6343,3805470900
1617.6666,1216.6475,3805471800
1612.6666,1145.2771,3805472700
1607.6666,1071.8191,3805473600
1602.6666,997.73004,3805474500
1597.6666,924.55389,3805475400
1592.6666,853.83112,3805476300
1521.1666,771.32532,3805477200
1373.6666,696.61951,3805478100
1226.1666,644.12451,3805479000
1078.6666,598.21545,3805479900
931.16669,558.6947,3805480800
783.66669,524.9314,3805481700
636.16669,519.46558,3805482600
488.66666,513.99976,3805483500
422.83334,508.53394,3805484400
450.33334,503.06808,3805485300
477.83334,497.60226,3805486200
505.33334,492.13644,3805487100
475.66666,486.67062,3805488000
380.66666,486.67062,3805488900
285.66666,486.67062,3805489800
190.66667,486.50546,3805490700
169.16667,485.85129,3805491600
231.66667,485.19931,3805492500
294.16666,484.5473,3805493400
356.66666,483.89532,3805494300
353.83334,483.24335,3805495200
276.33334,482.59134,3805496100
198.83333,481.93936,3805497000
121.33334,481.28735,3805497900
91.666664,480.47238,3805498800
116.66666,479.65738,3805499700
141.66667,479.0054,3805500600
166.66667,478.35342,3805501500
191.66667,477.70142,3805502400
216.66667,477.04944,3805503300
241.66667,476.39743,3805504200
266.66666,475.74545,3805505100
259,475.09348,3805506000
214,474.44147,3805506900
169,473.78949,3805507800
124,473.60092,3805508700
99.416664,474.39081,3805509600
98.166664,477.29581,3805510500
96.916664,482.48096,3805511400
95.666664,491.19025,3805512300
94.416664,504.3757,3805513200
93.166664,522.93243,3805514100
91.916664,547.6499,3805515000
90.666664,579.16913,3805515900
93.5,617.94696,3805516800
101,664.22931,3805517700
108.5,718.034,3805518600
116,779.14343,3805519500
130.5,865.40814,3805520400
153,960.38507,3805521300
175.5,1042.1265,3805522200
198,1127.5717,3805523100
339.5,1215.4937,3805524000
617,1304.5918,3805524900
894.5,1393.5355,3805525800
1172,1481.0083,3805526700
1369,1565.7512,3805527600
1474,1646.6028,3805528500
1579,1722.5345,3805529400
1684,1792.6808,3805530300
1819.3334,1870.8452,3805531200
1989.3334,1938.776,3805532100
2159.3333,1984.6632,3805533000
2329.3333,2023.3231,3805533900
2442.1667,2054.9866,3805534800
2489.6667,2080.0535,3805535700
2537.1667,2099.0664,3805536600
2584.6667,2112.6755,3805537500
2610,2121.6021,3805538400
2610,2126.5974,3805539300
2610,2128.4011,3805540200
2610,2127.7009,3805541100
2419.8333,2124.1321,3805542000
2012.3334,2118.594,3805542900
1604.8334,2112.9377,3805543800
1197.3334,2106.3096,3805544700
1241.3334,2098.5725,3805545600
1801.3334,2089.4031,3805546500
2361.3333,2078.3054,3805547400
2921.3333,2064.634,3805548300
3221.1667,2047.6281,3805549200
3223.6667,2026.454,3805550100
3226.1667,2000.2557,3805551000
3228.6667,1968.2112,3805551900
2934.8333,1918.4576,3805552800
2302.3333,1858.1267,3805553700
1669.8334,1801.0172,3805554600
1037.3334,1736.3374,3805555500
660.33331,1664.4407,3805556400
575.33331,1586.0137,3805557300
490.33334,1502.0769,3805558200
405.33334,1413.9629,3805559100
330.83334,1323.2714,3805560000
268.33334,1231.8008,3805560900
205.83333,1141.4573,3805561800
143.33333,1054.1427,3805562700
115.83334,952.28076,3805563600
128.33333,860.04871,3805564500
140.83333,795.23822,3805565400
153.33333,738.55878,3805566300
160,689.7663,3805567200
160,648.08203,3805568100
160,612.35339,3805569000
160,581.37451,3805569900
189.16667,554.41681,3805570800
251.66667,532.03046,3805571700
314.16666,529.66608,3805572600
376.66666,527.30176,3805573500
412.33334,524.93738,3805574400
417.33334,524.93738,3805575300
422.33334,524.93738,3805576200
427.33334,524.75922,3805577100
437,524.05365,3805578000
452,523.3504,3805578900
467,522.64716,3805579800
482,521.94385,3805580700
484.16666,521.2406,3805581600
471.66666,520.53735,3805582500
459.16666,519.83411,3805583400
446.66666,519.13086,3805584300
443.5,518.25177,3805585200
451,517.37274,3805586100
458.5,516.66943,3805587000
466,515.96619,3805587900
473.5,515.26294,3805588800
481,514.55969,3805589700
488.5,513.85645,3805590600
496,513.1532,3805591500
500,512.44995,3805592400
500,511.74667,3805593300
500,511.04343,3805594200
500,510.84003,3805595100
504.66666,511.69202,3805596000
514.66669,514.82544,3805596900
524.66669,520.41827,3805597800
534.66669,529.81238,3805598700
526,544.03461,3805599600
496,564.05042,3805600500
466,590.71143,3805601400
436,624.70905,3805602300
408.33334,666.53595,3805603200
383.33334,716.45752,3805604100
358.33334,774.4928,3805605000
333.33334,840.40723,3805605900
328.16666,933.45496,3805606800
345.66666,1035.8999,3805607700
363.16666,1124.0686,3805608600
380.66666,1216.2323,3805609500
398.16666,1311.0676,3805610400
415.66666,1407.1715,3805611300
433.16666,1503.1088,3805612200
450.66666,1597.4596,3805613100
466.41666,1688.8658,3805614000
480.16666,1776.0747,3805614900
493.91666,1857.9769,3805615800
507.66666,1933.6388,3805616700
521.41669,2017.9493,3805617600
535.16669,2091.2214,3805618500
548.91669,2140.7168,3805619400
562.66669,2182.4165,3805620300
576.41669,2216.5696,3805621200
590.16669,2243.6077,3805622100
603.91669,2264.1155,3805623000
617.66669,2278.7947,3805623900
631.41669,2288.4231,3805624800
645.16669,2293.811,3805625700
658.91669,2295.7568,3805626600
672.66669,2295.0015,3805627500
718.03333,2291.1519,3805628400
799.53333,2285.1782,3805629300
881.03333,2279.0774,3805630200
962.53333,2271.9282,3805631100
1044.0333,2263.5828,3805632000
1125.5333,2253.6924,3805632900
1207.0333,2241.7219,3805633800
1288.5333,2226.9756,3805634700
1370.0333,2208.6326,3805635600
1451.5333,2185.7935,3805636500
1533.0333,2157.5354,3805637400
1614.5333,2122.9712,3805638300
1696.0333,2069.3054,3805639200
1777.5333,2004.2306,3805640100
1859.0333,1942.6307,3805641000
1940.5333,1872.8652,3805641900
2022.0333,1795.3152,3805642800
2103.5334,1710.7214,3805643700
2185.0334,1620.1848,3805644600
2266.5334,1525.1425,3805645500
2277.3333,1427.3198,3805646400
2207.3333,1328.6569,3805647300
2137.3333,1231.2097,3805648200
2067.3333,1137.0295,3805649100
1834,1027.1583,3805650000
1414,927.67413,3805650900
994,857.76758,3805651800
574,796.63141,3805652700
358.16666,744.00244,3805653600
375.66666,699.04053,3805654500
393.16666,660.50256,3805655400
410.66666,627.08783,3805656300
411.83334,598.0105,3805657200
394.33334,573.86389,3805658100
376.83334,555.94989,3805659000
359.33334,538.22845,3805659900
341.83334,249.52301,3805660800
324.33334,249.52301,3805661700
306.83334,249.52301,3805662600
289.33334,249.43832,3805663500
271.83334,249.10294,3805664400
254.33333,248.76865,3805665300
236.83333,248.43437,3805666200
219.33333,248.10008,3805667100
206.5,247.76579,3805668000
199,247.43152,3805668900
191.5,247.09723,3805669800
184,246.76294,3805670700
169.5,246.34509,3805671600
147,245.92723,3805672500
124.5,245.59294,3805673400
102,245.25867,3805674300
127.33334,244.92438,3805675200
207.33333,244.59009,3805676100
287.33334,244.25581,3805677000
367.33334,243.92152,3805677900
370.33334,243.58725,3805678800
285.33334,243.25296,3805679700
200.33333,242.91867,3805680600
115.33334,242.82199,3805681500
74.666664,243.22697,3805682400
84.666664,244.71642,3805683300
94.666664,247.37491,3805684200
104.66666,251.84029,3805685100
110,258.60068,3805686000
110,268.11496,3805686900
110,280.78796,3805687800
110,296.94833,3805688700
117,316.83029,3805689600
132,340.55991,3805690500
147,368.14633,3805691400
162,399.47803,3805692300
181.66667,443.70718,3805693200
206.66667,492.40323,3805694100
231.66667,534.31323,3805695000
256.66666,578.12219,3805695900
279.33334,623.20105,3805696800
299.33334,668.88293,3805697700
319.33334,714.48566,3805698600
339.33334,759.33423,3805699500
429.33334,802.78314,3805700400
599.33331,844.23694,3805701300
769.33331,883.16815,3805702200
939.33331,919.13318,3805703100
1053.3334,959.20923,3805704000
1103.3334,994.03833,3805704900
1153.3334,1017.5653,3805705800
1203.3334,1037.3868,3805706700
1249.8334,1053.6211,3805707600
1292.3334,1066.4734,3805708500
1334.8334,1076.2214,3805709400
1377.3334,1083.1991,3805710300
1426.8334,1087.7759,3805711200
1484.3334,1090.337,3805712100
1541.8334,1091.2618,3805713000
1599.3334,1090.9028,3805713900
1451.5,1089.073,3805714800
1069,1086.2335,3805715700
686.5,1083.3335,3805716600
304,1079.9352,3805717500
135,1075.9683,3805718400
210,1071.267,3805719300
285,1065.577,3805720200
360,1058.5675,3805721100
408.16666,1049.8484,3805722000
425.66666,1038.9921,3805722900
443.16666,1025.5598,3805723800
460.66666,1009.1302,3805724700
480.20834,983.62079,3805725600
502.08334,952.68823,3805726500
523.95831,923.40741,3805727400
545.83331,890.24518,3805728300
567.70831,853.38263,3805729200
589.58331,813.172,3805730100
611.45831,770.13641,3805731000
633.33331,724.95911,3805731900
655.20831,678.46021,3805732800
677.08331,631.56195,3805733700
698.95831,585.24152,3805734600
720.83331,540.47406,3805735500
742.70831,488.24802,3805736400
764.58331,440.95932,3805737300
786.45831,407.73004,3805738200
808.33331,378.66968,3805739100
807.16669,376.78452,3805740000
779.66669,374.89935,3805740900
752.16669,373.01422,3805741800
724.66669,371.12906,3805742700
683.16669,369.2439,3805743600
625.66669,367.35873,3805744500
568.16669,365.4736,3805745400
510.66666,363.58844,3805746300
453.16666,361.70328,3805747200
395.66666,361.70328,3805748100
338.16666,361.70328,3805749000
280.66666,361.58054,3805749900
232.5,361.09436,3805750800
195,360.60977,3805751700
157.5,360.12521,3805752600
120,359.64062,3805753500
104.66666,359.15607,3805754400
114.66666,358.67148,3805755300
124.66666,358.18692,3805756200
134.66667,357.70236,3805757100
140,357.09665,3805758000
140,356.49094,3805758900
140,356.00635,3805759800
140,355.52179,3805760700
140,355.0372,3805761600
140,354.55264,3805762500
140,354.06805,3805763400
140,353.5835,3805764300
136.5,353.09891,3805765200
129,352.61435,3805766100
121.5,352.12979,3805767000
114,351.98962,3805767900
111.16666,352.57669,3805768800
113.66666,354.73575,3805769700
116.16666,358.58945,3805770600
118.66666,365.06238,3805771500
116.5,374.86206,3805772400
109,388.65378,3805773300
101.5,407.02429,3805774200
94,430.45001,3805775100
90,459.27048,3805776000
90,493.66846,3805776900
90,533.65717,3805777800
90,579.07489,3805778700
176.33333,643.1886,3805779600
361.33334,713.77728,3805780500
546.33331,774.52917,3805781400
731.33331,838.03369,3805782300
828.83331,903.37909,3805783200
826.33331,969.59863,3805784100
823.83331,1035.7032,3805785000
821.33331,1100.7148,3805785900
815.33331,1163.6975,3805786800
805.33331,1223.788,3805787700
795.33331,1280.2219,3805788600
785.33331,1332.3561,3805789500
832.5,1390.4495,3805790400
945,1440.9369,3805791300
1057.5,1475.0413,3805792200
1170,1503.774,3805793100
1230,1527.3069,3805794000
1230,1545.9373,3805794900
1230,1560.0679,3805795800
1230,1570.1825,3805796700
1262.6666,1576.8169,3805797600
1332.6666,1580.5294,3805798500
1402.6666,1581.8701,3805799400
1472.6666,1581.3496,3805800300
1549.6666,1578.6973,3805801200
1634.6666,1574.5812,3805802100
1719.6666,1570.3773,3805803000
1804.6666,1565.4512,3805803900
1879.1666,1559.7008,3805804800
1941.6666,1552.886,3805805700
2004.1666,1544.6379,3805806600
2066.6667,1534.4772,3805807500
2058,1521.838,3805808400
1968,1506.101,3805809300
1878,1486.6299,3805810200
1788,1462.8137,3805811100
1698,1425.8359,3805812000
1608,1380.9967,3805812900
1518,1338.5519,3805813800
1428,1290.4806,3805814700
1338,1237.0454,3805815600
1248,1178.757,3805816500
1158,1116.3735,3805817400
1068,1050.8854,3805818300
1022.3333,983.48157,3805819200
1027.3334,915.49884,3805820100
1032.3334,848.35376,3805821000
1037.3334,783.45984,3805821900
973.5,707.75403,3805822800
831,639.20532,3805823700
688.5,591.03687,3805824600
546,548.91156,3805825500
468.83334,512.64801,3805826400
466.33334,481.66748,3805827300
463.83334,455.11325,3805828200
461.33334,432.08911,3805829100
460,412.05362,3805830000
460,395.41565,3805830900
460,383.07217,3805831800
460,370.86139,3805832700
449.5,297.79813,3805833600
427,297.79813,3805834500
404.5,297.79813,3805835400
382,297.69708,3805836300
370,297.29678,3805837200
370,296.89783,3805838100
370,296.49887,3805839000
370,296.09991,3805839900
396.83334,295.70096,3805840800
454.33334,295.302,3805841700
511.83334,294.90305,3805842600
569.33331,294.50409,3805843500
603.5,294.00537,3805844400
611,293.50668,3805845300
618.5,293.10773,3805846200
626,292.70877,3805847100
620.66669,292.30981,3805848000
600.66669,291.91086,3805848900
580.66669,291.5119,3805849800
560.66669,291.11295,3805850700
550,290.71399,3805851600
550,290.315,3805852500
550,289.91605,3805853400
550,289.80069,3805854300
573.33331,290.284,3805855200
623.33331,292.06161,3805856100
673.33331,295.23444,3805857000
723.33331,300.56375,3805857900
683.5,308.63205,3805858800
541,319.98706,3805859700
398.5,335.11191,3805860600
256,354.3988,3805861500
180,378.12732,3805862400
180,406.44791,3805863300
180,439.37149,3805864200
180,476.76486,3805865100
181.16667,529.55103,3805866000
183.66667,587.66827,3805866900
186.16667,637.68658,3805867800
188.66667,689.97125,3805868700
285.66666,743.77155,3805869600
490.66666,798.2915,3805870500
695.66669,852.71692,3805871400
900.66669,906.24231,3805872300
1010,958.09735,3805873200
1010,1007.5711,3805874100
1010,1054.0344,3805875000
1010,1096.9575,3805875900
1015.8333,1144.7871,3805876800
1028.3334,1186.3545,3805877700
1040.8334,1214.4333,3805878600
1053.3334,1238.0897,3805879500
1064.6666,1257.4648,3805880400
1074.6666,1272.8036,3805881300
1084.6666,1284.4376,3805882200
1094.6666,1292.7651,3805883100
1125.6666,1298.2274,3805884000
1180.6666,1301.2841,3805884900
1235.6666,1302.3878,3805885800
1290.6666,1301.9594,3805886700
1324.6666,1299.7755,3805887600
1334.6666,1296.3867,3805888500
1344.6666,1292.9257,3805889400
1354.6666,1288.8699,3805890300
1383.3334,1284.1354,3805891200
1433.3334,1278.5247,3805892100
1483.3334,1271.7339,3805893000
1533.3334,1263.3682,3805893900
1585.6666,1252.962,3805894800
1640.6666,1240.0055,3805895700
1695.6666,1223.9745,3805896600
1750.6666,1204.3662,3805897500
1753.1666,1173.9215,3805898400
1695.6666,1137.0044,3805899300
1638.1666,1102.0587,3805900200
1580.6666,1062.4806,3805901100
1495.1666,1018.4862,3805902000
1377.6666,970.49603,3805902900
1260.1666,919.13446,3805903800
1142.6666,865.21667,3805904700
1025.1666,809.72168,3805905600
907.66669,753.75,3805906500
790.16669,698.46802,3805907400
672.66669,645.03943,3805908300
572.66669,582.70917,3805909200
492.66666,526.27155,3805910100
412.66666,486.61343,3805911000
332.66666,451.93076,3805911900
311,422.07422,3805912800
356,396.56723,3805913700
401,374.70456,3805914600
446,355.74829,3805915500
449,339.25266,3805916400
404,325.55426,3805917300
359,315.3916,3805918200
314,305.3382,3805919100
301.66666,282.12521,3805920000
326.66666,282.12521,3805920900
351.66666,282.12521,3805921800
376.66666,282.02948,3805922700
414.5,281.65027,3805923600
467,281.27231,3805924500
519.5,280.89435,3805925400
572,280.51639,3805926300
622.75,280.13843,3805927200
671.5,279.76047,3805928100
720.25,279.38251,3805929000
769,279.00455,3805929900
817.75,278.53207,3805930800
866.5,278.05963,3805931700
915.25,277.68167,3805932600
964,277.30371,3805933500
896.66669,276.92575,3805934400
696.66669,276.54779,3805935300
496.66666,276.16983,3805936200
296.66666,275.79187,3805937100
188.83333,275.41391,3805938000
186.33333,275.03595,3805938900
183.83333,274.65799,3805939800
181.33333,274.54868,3805940700
182.33333,275.00656,3805941600
187.33333,276.69061,3805942500
192.33333,279.69647,3805943400
197.33333,284.74527,3805944300
190.66667,292.38895,3805945200
170.66667,303.14636,3805946100
150.66667,317.47519,3805947000
130.66667,335.74704,3805947900
299.66666,358.22675,3805948800
684.66669,385.05685,3805949700
1069.6666,416.24765,3805950600
1454.6666,451.67307,3805951500
1622.6666,501.68115,3805952400
1542.6666,556.73969,3805953300
1462.6666,604.12561,3805954200
1382.6666,653.65857,3805955100
1226.8334,704.62732,3805956000
984.33331,756.27795,3805956900
741.83331,807.83905,3805957800
499.33334,858.54742,3805958700
461,907.67334,3805959600
656,954.54333,3805960500
851,998.56128,3805961400
1046,1039.2255,3805962300
1144.1666,1084.5377,3805963200
1131.6666,1123.9175,3805964100
1119.1666,1150.5186,3805965000
1106.6666,1172.9299,3805965900
1126.8334,1191.2853,3805966800
1184.3334,1205.8168,3805967700
1241.8334,1216.8386,3805968600
1299.3334,1224.7279,3805969500
1330,1229.9026,3805970400
1330,1232.7985,3805971300
1330,1233.8441,3805972200
1330,1233.4381,3805973100
1289.1666,1231.3693,3805974000
1201.6666,1228.1588,3805974900
1114.1666,1224.8799,3805975800
1026.6666,1221.0375,3805976700
1013.8333,1216.5522,3805977600
1086.3334,1211.2368,3805978500
1158.8334,1204.8033,3805979400
1231.3334,1196.8781,3805980300
1271.1666,1187.0195,3805981200
1273.6666,1174.7449,3805982100
1276.1666,1159.5576,3805983000
1278.6666,1140.9812,3805983900
1247.3334,1112.1389,3805984800
1177.3334,1077.1647,3805985700
1107.3334,1044.0581,3805986600
1037.3334,1006.5629,3805987500
1000,964.88403,3805988400
1000,919.41956,3805989300
1000,870.76105,3805990200
1000,819.68091,3805991100
933.5,767.10657,3805992000
791,714.08069,3805992900
648.5,661.70813,3805993800
506,611.09143,3805994700
442.83334,552.04163,3805995600
470.33334,498.57425,3805996500
497.83334,461.00333,3805997400
525.33331,460.54266,3805998300
516.66669,460.08203,3805999200
466.66666,459.62137,3806000100
416.66666,459.16074,3806001000
366.66666,458.70007,3806001900
344.66666,458.23941,3806002800
354.66666,457.77878,3806003700
364.66666,457.31812,3806004600
374.66666,456.85748,3806005500
384.66666,456.39682,3806006400
394.66666,456.39682,3806007300
404.66666,456.39682,3806008200
414.66666,456.24191,3806009100
421.94446,455.62845,3806010000
426.11111,455.01703,3806010900
430.27777,454.40561,3806011800
434.44446,453.79416,3806012700
438.61111,453.18274,3806013600
442.77777,452.57129,3806014500
446.94446,451.95987,3806015400
451.11111,451.34845,3806016300
455.27777,450.58414,3806017200
459.44446,449.81985,3806018100
463.61111,449.20844,3806019000
467.77777,448.59698,3806019900
472.33334,447.98557,3806020800
477.33334,447.37415,3806021700
482.33334,446.7627,3806022600
487.33334,446.15128,3806023500
497,445.53983,3806024400
512,444.92841,3806025300
527,444.31699,3806026200
542,444.14014,3806027100
540.66669,444.88089,3806028000
520.66669,447.60516,3806028900
500.66666,452.46777,3806029800
480.66666,460.63528,3806030700
471.16666,473.00055,3806031600
473.66666,490.40292,3806032500
476.16666,513.58282,3806033400
478.66666,543.14136,3806034300
480,579.50702,3806035200
480,622.91034,3806036100
480,673.36804,3806037000
480,730.67609,3806037900
468.33334,811.57465,3806038800
443.33334,900.64343,3806039700
418.33334,977.30005,3806040600
393.33334,1057.4301,3806041500
390.5,1139.8827,3806042400
413,1223.4385,3806043300
435.5,1306.8494,3806044200
458,1388.8809,3806045100
705.66669,1468.3523,3806046000
1210.6666,1544.1744,3806046900
1715.6666,1615.3827,3806047800
2220.6667,1681.1654,3806048700
2430.5,1754.4677,3806049600
2303,1818.1727,3806050500
2175.5,1861.2054,3806051400
2048,1897.4604,3806052300
1994,1927.1542,3806053200
2024,1950.6619,3806054100
2054,1968.4921,3806055000
2084,1981.2545,3806055900
2080.1667,1989.6259,3806056800
2037.6666,1994.3104,3806057700
1995.1666,1996.002,3806058600
1952.6666,1995.3452,3806059500
1930,1991.9984,3806060400
1930,1986.8048,3806061300
1930,1981.5005,3806062200
1930,1975.2847,3806063100
1953.3334,1968.0288,3806064000
2003.3334,1959.4299,3806064900
2053.3333,1949.0226,3806065800
2103.3333,1936.2015,3806066700
1897.8334,1920.2535,3806067600
1400.3334,1900.3965,3806068500
902.83331,1875.828,3806069400
405.33334,1845.7769,3806070300
147,1799.1182,3806071200
162,1742.5402,3806072100
177,1688.9833,3806073000
192,1628.327,3806073900
400.66666,1560.9026,3806074800
830.66669,1487.3542,3806075700
1260.6666,1408.6389,3806076600
1690.6666,1326.0061,3806077500
1920,1240.9561,3806078400
1920,1155.1754,3806079300
1920,1070.4519,3806080200
1920,988.56873,3806081100
1811.5,893.04327,3806082000
1579,806.54858,3806082900
1346.5,745.76971,3806083800
1114,692.61603,3806084700
944.5,646.85876,3806085600
847,607.76752,3806086500
749.5,574.26141,3806087400
652,545.20959,3806088300
597.66669,519.92883,3806089200
592.66669,498.93503,3806090100
587.66669,483.36008,3806091000
582.66669,467.95248,3806091900
580,354.32001,3806092800
580,354.32001,3806093700
580,354.32001,3806094600
580,354.19974,3806095500
581.16669,353.72348,3806096400
583.66669,353.24881,3806097300
586.16669,352.77414,3806098200
588.66669,352.29944,3806099100
587.66669,351.82477,3806100000
582.66669,351.3501,3806100900
577.66669,350.8754,3806101800
572.66669,350.40073,3806102700
558.56665,349.80737,3806103600
534.06665,349.21402,3806104500
509.56668,348.73935,3806105400
485.06668,348.26468,3806106300
460.56668,347.78998,3806107200
436.06668,347.31531,3806108100
411.56668,346.84064,3806109000
387.06668,346.36594,3806109900
362.56668,345.89127,3806110800
338.06668,345.4166,3806111700
313.56668,344.94189,3806112600
289.06668,344.80463,3806113500
264.56668,345.3797,3806114400
240.06667,347.49469,3806115300
215.56667,351.26971,3806116200
191.06667,357.6105,3806117100
166.56667,367.21017,3806118000
142.06667,380.72037,3806118900
117.56667,398.71591,3806119800
93.066666,421.66345,3806120700
80,449.8956,3806121600
80,483.59143,3806122500
80,522.76385,3806123400
80,567.25452,3806124300
118.5,630.05945,3806125200
201,699.20728,3806126100
283.5,758.71906,3806127000
366,820.92731,3806127900
463.66666,884.93878,3806128800
578.66669,949.80664,3806129700
693.66669,1014.562,3806130600
808.66669,1078.2465,3806131500
935.33331,1139.9435,3806132400
1075.3334,1198.8074,3806133300
1215.3334,1254.0894,3806134200
1355.3334,1305.1593,3806135100
1495.3334,1362.0668,3806136000
1635.3334,1411.5237,3806136900
1775.3334,1444.9319,3806137800
1915.3334,1473.0782,3806138700
1773,1496.1306,3806139600
1308,1514.3807,3806140500
843,1528.2229,3806141400
378,1538.1311,3806142300
131.16667,1544.63,3806143200
133.66667,1548.2668,3806144100
136.16667,1549.5801,3806145000
138.66667,1549.0702,3806145900
326.66666,1546.4719,3806146800
726.66669,1542.4399,3806147700
1126.6666,1538.3219,3806148600
1526.6666,1533.4963,3806149500
1565,1527.8634,3806150400
1190,1521.1876,3806151300
815,1513.108,3806152200
440,1503.1545,3806153100
240,1490.7733,3806154000
240,1475.3575,3806154900
240,1456.2839,3806155800
240,1432.954,3806156700
378.83334,1396.731,3806157600
676.33331,1352.807,3806158500
973.83331,1311.2286,3806159400
1271.3334,1264.1385,3806160300
1316.8334,1211.7942,3806161200
1074.3334,1154.6954,3806162100
831.83331,1093.5854,3806163000
589.33331,1029.4342,3806163900
465.83334,963.40625,3806164800
478.33334,896.81116,3806165700
490.83334,831.03668,3806166600
503.33334,767.46741,3806167500
510,693.30695,3806168400
510,626.15753,3806169300
510,578.97229,3806170200
510,537.70691,3806171100
510,502.18359,3806172000
510,471.83539,3806172900
510,445.82321,3806173800
510,444.56281,3806174700
510,443.30243,3806175600
510,442.04205,3806176500
510,440.78165,3806177400
510,439.52124,3806178300
505.33334,438.26086,3806179200
495.33334,438.26086,3806180100
485.33334,438.26086,3806181000
475.33334,438.11212,3806181900
463,437.52304,3806182800
448,436.93591,3806183700
433,436.34875,3806184600
418,435.76163,3806185500
370.33334,435.1745,3806186400
285.33334,434.58737,3806187300
200.33333,434.00021,3806188200
115.33334,433.41309,3806189100
70,432.67917,3806190000
70,431.94525,3806190900
70,431.35812,3806191800
70,430.77097,3806192700
108.5,430.18384,3806193600
191,429.59671,3806194500
273.5,429.00958,3806195400
356,428.42242,3806196300
394.16666,427.8353,3806197200
381.66666,427.24817,3806198100
369.16666,426.66104,3806199000
356.66666,426.49124,3806199900
350,427.20251,3806200800
350,429.81857,3806201700
350,434.48795,3806202600
350,442.3309,3806203500
350,454.2048,3806204400
350,470.91565,3806205300
350,493.17447,3806206200
350,521.55841,3806207100
655.66669,556.479,3806208000
1310.6666,598.15759,3806208900
1965.6666,646.61023,3806209800
2620.6667,701.64099,3806210700
2970,779.32489,3806211600
2970,864.85431,3806212500
2970,938.46484,3806213400
2970,1015.4106,3806214300
2936.1667,1094.5869,3806215200
2863.6667,1174.8224,3806216100
2791.1667,1254.9187,3806217000
2718.6667,1333.6904,3806217900
2645,1410.004,3806218800
2570,1482.8131,3806219700
2495,1551.1918,3806220600
2420,1614.3606,3806221500
2366,1684.7499,3806222400
2336,1745.9235,3806223300
2306,1787.2462,3806224200
2276,1822.0605,3806225100
2240.1667,1850.5743,3806226000
2197.6667,1873.1479,3806226900
2155.1667,1890.2695,3806227800
2112.6667,1902.5249,3806228700
2069.5833,1910.5636,3806229600
2025.8334,1915.062,3806230500
1982.0834,1916.6863,3806231400
1938.3334,1916.0557,3806232300
1894.5834,1912.8419,3806233200
1850.8334,1907.8546,3806234100
1807.0834,1902.7611,3806235000
1763.3334,1896.7922,3806235900
1702.4333,1889.8248,3806236800
1621.9333,1881.5675,3806237700
1541.4333,1871.5737,3806238600
1460.9333,1859.2622,3806239500
1380.4333,1843.9479,3806240400
1299.9333,1824.88,3806241300
1219.4333,1801.2877,3806242200
1138.9333,1772.4307,3806243100
1058.4333,1727.6262,3806244000
977.93335,1673.2964,3806244900
897.43335,1621.8677,3806245800
816.93335,1563.6217,3806246700
736.43335,1498.8766,3806247600
655.93335,1428.2509,3806248500
575.43335,1352.6635,3806249400
494.93332,1273.3142,3806250300
414.43332,1191.6438,3806251200
333.93332,1109.272,3806252100
253.43333,1027.915,3806253000
172.93333,949.28571,3806253900
146.33333,857.55615,3806254800
181.33333,774.49854,3806255700
216.33333,716.13483,3806256600
251.33333,665.09338,3806257500
293.33334,621.15436,3806258400
343.33334,583.61646,3806259300
393.33334,551.44183,3806260200
443.33334,523.54443,3806261100
463,499.26828,3806262000
448,479.10873,3806262900
433,464.15268,3806263800
418,449.35736,3806264700
414.66666,354.32001,3806265600
424.66666,354.32001,3806266500
434.66666,354.32001,3806267400
444.66666,354.19974,3806268300
434.83334,353.72348,3806269200
402.33334,353.24881,3806270100
369.83334,352.77414,3806271000
337.33334,352.29944,3806271900
320,351.82477,3806272800
320,351.3501,3806273700
320,350.8754,3806274600
320,350.40073,3806275500
311.83334,349.80737,3806276400
294.33334,349.21402,3806277300
276.83334,348.73935,3806278200
259.33334,348.26468,3806279100
288.5,347.78998,3806280000
371,347.31531,3806280900
453.5,346.84064,3806281800
536,346.36594,3806282700
566,345.89127,3806283600
536,345.4166,3806284500
506,344.94189,3806285400
476,344.80463,3806286300
418,345.3797,3806287200
328,347.49469,3806288100
238,351.26971,3806289000
148,357.6105,3806289900
100,367.21017,3806290800
100,380.72037,3806291700
100,398.71591,3806292600
100,421.66345,3806293500
96.5,449.8956,3806294400
89,483.59143,3806295300
81.5,522.76385,3806296200
74,567.25452,3806297100
390.83334,630.05945,3806298000
1078.3334,699.20728,3806298900
1765.8334,758.71906,3806299800
2453.3333,820.92731,3806300700
2500.3333,884.93878,3806301600
1815.3334,949.80664,3806302500
1130.3334,1014.562,3806303400
445.33334,1078.2465,3806304300
80,1139.9435,3806305200
80,1198.8074,3806306100
80,1254.0894,3806307000
80,1305.1593,3806307900
367,1362.0668,3806308800
982,1411.5237,3806309700
1597,1444.9319,3806310600
2212,1473.0782,3806311500
2267,1496.1306,3806312400
1682,1514.3807,3806313300
1097,1528.2229,3806314200
512,1538.1311,3806315100
223.33333,1544.63,3806316000
273.33334,1548.2668,3806316900
323.33334,1549.5801,3806317800
373.33334,1549.0702,3806318700
389.5,1546.4719,3806319600
367,1542.4399,3806320500
344.5,1538.3219,3806321400
322,1533.4963,3806322300
299.5,1527.8634,3806323200
277,1521.1876,3806324100
254.5,1513.108,3806325000
232,1503.1545,3806325900
209.5,1490.7733,3806326800
187,1475.3575,3806327700
164.5,1456.2839,3806328600
142,1432.954,3806329500
175.5,1396.731,3806330400
273,1352.807,3806331300
370.5,1311.2286,3806332200
468,1264.1385,3806333100
513,1211.7942,3806334000
498,1154.6954,3806334900
483,1093.5854,3806335800
468,1029.4342,3806336700
443.66666,963.40625,3806337600
408.66666,896.81116,3806338500
373.66666,831.03668,3806339400
338.66666,767.46741,3806340300
292,693.30695,3806341200
232,626.15753,3806342100
172,578.97229,3806343000
112,537.70691,3806343900
127.83334,502.18359,3806344800
230.33333,471.83539,3806345700
332.83334,445.82321,3806346600
435.33334,423.26907,3806347500
486.5,403.64258,3806348400
479,387.34421,3806349300
471.5,387.01031,3806350200
464,386.67645,3806351100
460,386.34256,3806352000
460,386.34256,3806352900
460,386.34256,3806353800
460,386.21146,3806354700
730.66669,385.69217,3806355600
1310.6666,385.17456,3806356500
1890.6666,384.65698,3806357400
2470.6667,384.1394,3806358300
2528,383.62183,3806359200
1988,383.10425,3806360100
1448,382.58667,3806361000
908,382.06909,3806361900
603.66669,381.42212,3806362800
568.66669,380.77515,3806363700
533.66669,380.25757,3806364600
498.66666,379.73999,3806365500
593.16669,379.22241,3806366400
835.66669,378.7048,3806367300
1078.1666,378.18723,3806368200
1320.6666,377.66965,3806369100
1408,377.15207,3806370000
1318,376.63449,3806370900
1228,376.11691,3806371800
1138,375.96722,3806372700
1070.1666,376.59427,3806373600
1027.6666,378.90039,3806374500
985.16669,383.01663,3806375400
942.66669,389.93048,3806376300
859.33331,400.39774,3806377200
729.33331,415.12894,3806378100
599.33331,434.75085,3806379000
469.33334,459.77234,3806379900
393,490.55606,3806380800
378,527.29724,3806381700
363,570.00995,3806382600
348,618.52155,3806383500
340,687.00269,3806384400
340,762.3999,3806385300
340,827.29022,3806386200
340,895.12067,3806387100
693.5,964.91742,3806388000
1451,1035.6478,3806388900
2208.5,1106.2556,3806389800
2966,1175.6957,3806390700
3291.8333,1242.9688,3806391600
3124.3333,1307.1526,3806392500
2956.8333,1367.4308,3806393400
2789.3333,1423.1163,3806394300
2623,1485.1671,3806395200
2458,1539.0938,3806396100
2293,1575.5212,3806397000
2128,1606.2114,3806397900
2033,1631.3473,3806398800
2018,1651.2467,3806399700
2003,1666.34,3806400600
1988,1677.1436,3806401500
1926.3334,1684.2299,3806402400
1811.3334,1688.1954,3806403300
1696.3334,1689.6273,3806404200
1581.3334,1689.0714,3806405100
1535.1666,1686.2383,3806406000
1567.6666,1681.8418,3806406900
1600.1666,1677.3517,3806407800
1632.6666,1672.09,3806408700
1665.1666,1665.9479,3806409600
1697.6666,1658.6688,3806410500
1730.1666,1649.859,3806411400
1762.6666,1639.006,3806412300
1621.3334,1625.5059,3806413200
1281.3334,1608.6968,3806414100
941.33331,1587.8994,3806415000
601.33331,1562.4608,3806415900
420,1522.9641,3806416800
420,1475.0704,3806417700
420,1429.7343,3806418600
420,1378.3883,3806419500
427,1321.3131,3806420400
442,1259.0541,3806421300
457,1192.421,3806422200
472,1122.4719,3806423100
447.33334,1050.4766,3806424000
377.33334,977.86279,3806424900
307.33334,906.14374,3806425800
237.33333,836.82922,3806426700
183.66667,755.96631,3806427600
148.66667,682.74811,3806428500
113.66666,631.2984,3806429400
78.666664,586.30353,3806430300
104.33334,547.5697,3806431200
199.33333,514.47876,3806432100
294.33334,486.11563,3806433000
389.33334,461.52307,3806433900
440,458.04849,3806434800
440,454.57388,3806435700
440,451.0993,3806436600
440,447.62469,3806437500
443.5,444.15012,3806438400
451,444.15012,3806439300
458.5,444.15012,3806440200
466,443.99936,3806441100
471.16666,443.40237,3806442000
473.66666,442.80734,3806442900
476.16666,442.21231,3806443800
478.66666,441.61728,3806444700
476.5,441.02228,3806445600
469,440.42725,3806446500
461.5,439.83221,3806447400
454,439.23718,3806448300
450,438.49341,3806449200
450,437.74963,3806450100
450,437.1546,3806451000
450,436.55957,3806451900
481.5,435.96454,3806452800
549,435.36954,3806453700
616.5,434.77451,3806454600
684,434.17947,3806455500
751.5,433.58444,3806456400
819,432.98944,3806457300
886.5,432.39441,3806458200
954,432.22232,3806459100
945.66669,432.94318,3806460000
850.66669,435.59436,3806460900
755.66669,440.32648,3806461800
660.66669,448.27484,3806462700
555.16669,460.30829,3806463600
437.66666,477.24371,3806464500
320.16666,499.80161,3806465400
202.66667,528.56702,3806466300
171.5,563.95679,3806467200
239,606.1955,3806468100
306.5,655.29919,3806469000
374,711.06946,3806469900
463.66666,789.7973,3806470800
578.66669,876.47601,3806471700
693.66669,951.07568,3806472600
808.66669,1029.0555,3806473500
853.66669,1109.2958,3806474400
818.66669,1190.6094,3806475300
783.66669,1271.782,3806476200
748.66669,1351.6123,3806477100
783.66669,1428.9513,3806478000
898.66669,1502.7388,3806478900
1013.6667,1572.0363,3806479800
1128.6666,1636.054,3806480700
1190,1707.3892,3806481600
1190,1769.3848,3806482500
1190,1811.2628,3806483400
1190,1846.545,3806484300
1071,1875.4419,3806485200
816,1898.3188,3806486100
561,1915.6705,3806487000
306,1928.0906,3806487900
437.16666,1936.2373,3806488800
1009.6667,1940.7961,3806489700
1582.1666,1942.4423,3806490600
2154.6667,1941.8032,3806491500
2454.1667,1938.5461,3806492400
2441.6667,1933.4919,3806493300
2429.1667,1928.33,3806494200
2416.6667,1922.2809,3806495100
2337.6667,1915.2198,3806496000
2182.6667,1906.8516,3806496900
2027.6666,1896.7235,3806497800
1872.6666,1884.2466,3806498700
1768.5,1868.7264,3806499600
1722.4286,1849.4022,3806500500
1676.3572,1825.493,3806501400
1630.2858,1796.2482,3806502300
1584.2142,1750.8416,3806503200
1538.1428,1695.7817,3806504100
1492.0714,1643.662,3806505000
1446,1584.6333,3806505900
1399.9286,1519.0181,3806506800
1353.8572,1447.4434,3806507700
1307.7858,1370.8402,3806508600
1261.7142,1290.4247,3806509500
1215.6428,1207.6569,3806510400
1169.5714,1124.1781,3806511300
1123.5,1041.7279,3806512200
1077.4286,962.04199,3806513100
1031.3572,869.07977,3806514000
985.28571,784.90607,3806514900
939.21429,725.75812,3806515800
893.14288,674.03076,3806516700
847.07141,629.50128,3806517600
801,591.45898,3806518500
754.92859,558.85199,3806519400
708.85712,530.57971,3806520300
662.78571,505.97733,3806521200
616.71429,485.54688,3806522100
570.64288,470.38983,3806523000
524.57141,455.39569,3806523900
504.43332,322.37735,3806524800
513.93335,322.37735,3806525700
523.43335,322.37735,3806526600
532.93335,322.26794,3806527500
542.43335,321.83463,3806528400
551.93335,321.40274,3806529300
561.43335,320.97086,3806530200
570.93335,320.53897,3806531100
580.43335,320.10709,3806532000
589.93335,319.6752,3806532900
599.43335,319.24332,3806533800
608.93335,318.81143,3806534700
618.43335,318.27155,3806535600
627.93335,317.73169,3806536500
637.43335,317.2998,3806537400
646.93335,316.86792,3806538300
656.43335,316.43604,3806539200
665.93335,316.00415,3806540100
675.43335,315.57227,3806541000
684.93335,315.14038,3806541900
655,314.7085,3806542800
580,314.27661,3806543700
505,313.84473,3806544600
430,313.71982,3806545500
355,314.24304,3806546400
280,316.16736,3806547300
205,319.60205,3806548200
130,325.37122,3806549100
90,334.10544,3806550000
90,346.39767,3806550900
90,362.77087,3806551800
90,383.64966,3806552700
387.5,409.33664,3806553600
1025,439.99472,3806554500
1662.5,475.63568,3806555400
2300,516.11536,3806556300
2381,573.25836,3806557200
1826,636.17236,3806558100
1271,690.31903,3806559000
716,746.91907,3806559900
420,805.15985,3806560800
420,864.17969,3806561700
420,923.09723,3806562600
420,981.04041,3806563500
630,1037.1753,3806564400
1080,1090.7325,3806565300
1530,1141.0308,3806566200
1980,1187.4966,3806567100
2158.1667,1239.2738,3806568000
2025.6666,1284.2721,3806568900
1893.1666,1314.6685,3806569800
1760.6666,1340.2773,3806570700
1690,1361.2516,3806571600
1690,1377.8563,3806572500
1690,1390.4507,3806573400
1690,1399.4655,3806574300
1658.8889,1405.3785,3806575200
1592.2222,1408.6875,3806576100
1525.5555,1409.8824,3806577000
1458.8889,1409.4185,3806577900
1392.2222,1407.0544,3806578800
1325.5555,1403.386,3806579700
1258.8889,1399.6392,3806580600
1192.2222,1395.2487,3806581500
1125.5555,1390.1235,3806582400
1058.8889,1384.0496,3806583300
992.22223,1376.6984,3806584200
925.55554,1367.6422,3806585100
858.88892,1356.3772,3806586000
792.22223,1342.3512,3806586900
725.55554,1324.9971,3806587800
658.88892,1303.7704,3806588700
592.22223,1270.8129,3806589600
525.55554,1230.8489,3806590500
458.88889,1193.0188,3806591400
392.22223,1150.174,3806592300
325.55554,1102.5486,3806593200
258.88889,1050.5974,3806594100
192.22223,994.99658,3806595000
125.55556,936.62866,3806595900
92.333336,876.55328,3806596800
97.333336,815.96191,3806597700
102.33334,756.11713,3806598600
107.33334,698.27869,3806599500
142.66667,630.80396,3806600400
212.66667,569.70819,3806601300
282.66666,526.77679,3806602200
352.66666,489.23157,3806603100
392.33334,456.91074,3806604000
397.33334,429.29852,3806604900
402.33334,405.63138,3806605800
407.33334,385.11053,3806606700
406.5,367.25339,3806607600
399,364.02005,3806608500
391.5,360.78668,3806609400
384,357.55334,3806610300
367.16666,354.32001,3806611200
339.66666,354.32001,3806612100
312.16666,354.32001,3806613000
284.66666,354.19974,3806613900
270,353.72348,3806614800
270,353.24881,3806615700
270,352.77414,3806616600
270,352.29944,3806617500
280.5,351.82477,3806618400
303,351.3501,3806619300
325.5,350.8754,3806620200
348,350.40073,3806621100
360,349.80737,3806622000
360,349.21402,3806622900
360,348.73935,3806623800
360,348.26468,3806624700
371.66666,347.78998,3806625600
396.66666,347.31531,3806626500
421.66666,346.84064,3806627400
446.66666,346.36594,3806628300
456.5,345.89127,3806629200
449,345.4166,3806630100
441.5,344.94189,3806631000
434,344.80463,3806631900
435.83334,345.3797,3806632800
448.33334,347.49469,3806633700
460.83334,351.26971,3806634600
473.33334,357.6105,3806635500
480,367.21017,3806636400
480,380.72037,3806637300
480,398.71591,3806638200
480,421.66345,3806639100
478.83334,449.8956,3806640000
476.33334,483.59143,3806640900
473.83334,522.76385,3806641800
471.33334,567.25452,3806642700
464.16666,630.05945,3806643600
451.66666,699.20728,3806644500
439.16666,758.71906,3806645400
426.66666,820.92731,3806646300
420,884.93878,3806647200
420,949.80664,3806648100
420,1014.562,3806649000
420,1078.2465,3806649900
493.5,1139.9435,3806650800
651,1198.8074,3806651700
808.5,1254.0894,3806652600
966,1305.1593,3806653500
995.75,1362.0668,3806654400
879.5,1411.5237,3806655300
763.25,1444.9319,3806656200
647,1473.0782,3806657100
530.75,1496.1306,3806658000
414.5,1514.3807,3806658900
298.25,1528.2229,3806659800
182,1538.1311,3806660700
120,1544.63,3806661600
120,1548.2668,3806662500
120,1549.5801,3806663400
120,1549.0702,3806664300
120.19444,1546.4719,3806665200
120.61111,1542.4399,3806666100
121.02778,1538.3219,3806667000
121.44444,1533.4963,3806667900
121.86111,1527.8634,3806668800
122.27778,1521.1876,3806669700
122.69444,1513.108,3806670600
123.11111,1503.1545,3806671500
123.52778,1490.7733,3806672400
123.94444,1475.3575,3806673300
124.36111,1456.2839,3806674200
124.77778,1432.954,3806675100
125.19444,1396.731,3806676000
125.61111,1352.807,3806676900
126.02778,1311.2286,3806677800
126.44444,1264.1385,3806678700
126.86111,1211.7942,3806679600
127.27778,1154.6954,3806680500
127.69444,1093.5854,3806681400
128.11111,1029.4342,3806682300
128.52777,963.40625,3806683200
128.94444,896.81116,3806684100
129.36111,831.03668,3806685000
129.77777,767.46741,3806685900
156.83333,693.30695,3806686800
214.33333,626.15753,3806687700
271.83334,578.97229,3806688600
329.33334,537.70691,3806689500
358.83334,502.18359,3806690400
356.33334,471.83539,3806691300
353.83334,445.82321,3806692200
351.33334,423.26907,3806693100
350,403.64258,3806694000
350,387.34421,3806694900
350,375.25272,3806695800
350,363.29117,3806696700
336,351.46338,3806697600
306,351.46338,3806698500
276,351.46338,3806699400
246,351.34412,3806700300
216,350.87167,3806701200
186,350.40082,3806702100
156,349.92996,3806703000
126,349.45914,3806703900
110,348.98828,3806704800
110,348.51743,3806705700
110,348.04657,3806706600
110,347.57571,3806707500
113.5,346.98715,3806708400
121,346.39859,3806709300
128.5,345.92773,3806710200
136,345.45688,3806711100
140,344.98602,3806712000
140,344.51517,3806712900
140,344.04431,3806713800
140,343.57346,3806714700
141.16667,343.1026,3806715600
143.66667,342.63174,3806716500
146.16667,342.16089,3806717400
148.66667,342.02472,3806718300
144.16667,342.59515,3806719200
131.66667,344.69308,3806720100
119.16666,348.43768,3806721000
106.66666,354.72736,3806721900
107,364.24963,3806722800
122,377.65091,3806723700
137,395.50134,3806724600
152,418.26389,3806725500
165.83333,446.26843,3806726400
178.33333,479.6926,3806727300
190.83333,518.54919,3806728200
203.33333,562.68115,3806729100
477.16666,624.97974,3806730000
1049.6666,693.57007,3806730900
1622.1666,752.60205,3806731800
2194.6667,814.30878,3806732700
2316.8333,877.8042,3806733600
1924.3334,942.14905,3806734500
1531.8334,1006.3823,3806735400
1139.3334,1069.5533,3806736300
1157.5,1130.7529,3806737200
1645,1189.1422,3806738100
2132.5,1243.9785,3806739000
2620,1294.6367,3806739900
2650.1667,1351.0854,3806740800
2157.6667,1400.1437,3806741700
1665.1666,1433.2825,3806742600
1172.6666,1461.2019,3806743500
910,1484.0685,3806744400
910,1502.1714,3806745300
910,1515.902,3806746200
910,1525.7302,3806747100
862.16669,1532.1768,3806748000
759.66669,1535.7843,3806748900
657.16669,1537.087,3806749800
554.66669,1536.5812,3806750700
830.16669,1534.0039,3806751600
1537.6666,1530.0044,3806752500
2245.1667,1525.9196,3806753400
2952.6667,1521.1329,3806754300
3261.1667,1515.5454,3806755200
3113.6667,1508.9235,3806756100
2966.1667,1500.9089,3806757000
2818.6667,1491.0358,3806757900
2738.8333,1478.7544,3806758800
2736.3333,1463.4629,3806759700
2733.8333,1444.5431,3806760600
2731.3333,1421.4011,3806761500
2707.25,1385.4701,3806762400
2658.5,1341.9004,3806763300
2609.75,1300.6571,3806764200
2561,1253.9468,3806765100
2512.25,1202.0244,3806766000
2463.5,1145.386,3806766900
2414.75,1084.7687,3806767800
2366,1021.1346,3806768700
2109,955.63898,3806769600
1614,889.58087,3806770500
1119,824.33667,3806771400
624,761.27985,3806772300
356.5,687.71735,3806773200
349,621.10925,3806774100
341.5,574.3045,3806775000
334,533.37177,3806775900
326.5,498.13486,3806776800
319,468.03134,3806777700
311.5,442.22888,3806778600
304,419.85657,3806779500
300,400.38831,3806780400
300,384.22134,3806781300
300,372.22733,3806782200
300,360.36221,3806783100
280.16666,0,3806784000
237.66667,0,3806784900
195.16667,0,3806785800
152.66667,0,3806786700
132.33333,0,3806787600
137.33333,0,3806788500
142.33333,0,3806789400
147.33333,0,3806790300
187.33333,0,3806791200
267.33334,0,3806792100
347.33334,0,3806793000
427.33334,0,3806793900
431.5,0,3806794800
349,0,3806795700
266.5,0,3806796600
184,0,3806797500
168,0,3806798400
228,0,3806799300
288,0,3806800200
348,0,3806801100
370.66666,0,3806802000
350.66666,0,3806802900
330.66666,0,3806803800
310.66666,0,3806804700
322.16666,0,3806805600
369.66666,0,3806806500
417.16666,0,3806807400
464.66666,0,3806808300
466.66666,0,3806809200
416.66666,0,3806810100
366.66666,0,3806811000
316.66666,0,3806811900
592.16669,0,3806812800
1239.6666,0,3806813700
1887.1666,0,3806814600
2534.6667,0,3806815500
2590.6667,0,3806816400
1970.6666,0,3806817300
1350.6666,0,3806818200
730.66669,0,3806819100
403.5,0,3806820000
411,0,3806820900
418.5,0,3806821800
426,0,3806822700
659.83331,0,3806823600
1152.3334,0,3806824500
1644.8334,0,3806825400
2137.3333,0,3806826300
2320.0833,0,3806827200
2148.8333,0,3806828100
1977.5834,0,3806829000
1806.3334,0,3806829900
1635.0834,0,3806830800
1463.8334,0,3806831700
1292.5834,0,3806832600
1121.3334,0,3806833500
1081.3334,0,3806834400
1191.3334,0,3806835300
1301.3334,0,3806836200
1411.3334,0,3806837100
1470,0,3806838000
1470,0,3806838900
1470,0,3806839800
1470,0,3806840700
1339.3334,0,3806841600
1059.3334,0,3806842500
779.33331,0,3806843400
499.33334,0,3806844300
350,0,3806845200
350,0,3806846100
350,0,3806847000
350,0,3806847900
