,varname,Duplicate_name,case,points_considered_in_odr,odr_eq_adj,metrics_init_slope,metrics_init_intercept,metrics_init_rmse,metrics_init_norm_rmse,metrics_init_r2,metrics_corr_slope,metrics_corr_intercept,metrics_corr_rmse,metrics_corr_norm_rmse,metrics_corr_r2,did_slope_improve,slope_distance_from_1_init,slope_distance_from_1_corr,slope_distance_improvement_val,intercept_error_init,intercept_error_corr,did_rmse_improve,rmse_percent_improvement
0,Br2_CIMS,,All NaNs in duplicate,,,,,,,,,,,,,,,,,,,,
1,BrO_CIMS,,All NaNs in duplicate,,,,,,,,,,,,,,,,,,,,
2,Cl2_CIMS,,All NaNs in duplicate,,,,,,,,,,,,,,,,,,,,
3,ClNO2_CIMS,,All NaNs in duplicate,,,,,,,,,,,,,,,,,,,,
4,BrCl_CIMS,,All NaNs in duplicate,,,,,,,,,,,,,,,,,,,,
5,NCl3_CIMS,,All NaNs in duplicate,,,,,,,,,,,,,,,,,,,,
6,NO_LIF,NO,"Has duplicate, has duplicate data not all NaNs, has vardata not all NaNs",218,Correction applied: O_hat = -0.3741 + 1.6905 * M,1.6904518206678762,-0.374067913658074,0.8577816174239329,0.6604602781877162,0.5637922209362046,0.8604969013265665,0.12673812291679012,0.9533944863546543,0.7340786686143563,0.4611285082853742,True,0.6904518206678762,0.13950309867343347,0.5509487219944428,0.41174072294703545,0.1395020648641059,False,-11.146528089266292
7,NO2_LIF,NO2,"Has duplicate, has duplicate data not all NaNs, has vardata not all NaNs",390,Correction applied: O_hat = -1.2949 + 1.0029 * M,1.002935946878585,-1.2949280998739199,2.2239889441457814,0.5724061143933494,0.6723512402051077,0.9996375845346909,0.001531068242732585,1.822183203689276,0.4689901045066678,0.7800482818748249,True,0.002935946878585005,0.0003624154653091294,0.0025735314132758758,0.30787298029943455,0.0003640159967011251,True,18.06689469001997
8,NOy_LIF,NOy,"Has duplicate, has duplicate data not all NaNs, has vardata not all NaNs",368,Correction applied: O_hat = 0.5014 + 1.3346 * M,1.3346045525242156,0.5013878742319875,3.167412906576603,0.6211230972748876,0.6142060980316506,0.9643385325063919,0.2350099971854121,2.4805365809479363,0.4864280753743845,0.7633877274875721,True,0.3346045525242156,0.0356614674936081,0.2989430850306075,0.07608548093658989,0.035662706618400215,True,21.68572099338494
9,N2O5_CIMS,,All NaNs in duplicate,,,,,,,,,,,,,,,,,,,,
10,C4H7NO5_CIMS,,All NaNs in duplicate,,,,,,,,,,,,,,,,,,,,
11,ISOPN_CIMS,,All NaNs in duplicate,,,,,,,,,,,,,,,,,,,,
12,C5H10O3_CIMS,,All NaNs in duplicate,,,,,,,,,,,,,,,,,,,,
13,C5H9NO5_CIMS,,All NaNs in duplicate,,,,,,,,,,,,,,,,,,,,
14,C10H17NO4_CIMS,,All NaNs in duplicate,,,,,,,,,,,,,,,,,,,,
15,HNO3_CIMS,,All NaNs in duplicate,,,,,,,,,,,,,,,,,,,,
16,Methanol_PTR,,All NaNs in duplicate,,,,,,,,,,,,,,,,,,,,
17,Acetonitrile_PTR,,All NaNs in duplicate,,,,,,,,,,,,,,,,,,,,
18,Acetaldehyde_PTR,,All NaNs in duplicate,,,,,,,,,,,,,,,,,,,,
19,Ethanol_PTR,,All NaNs in duplicate,,,,,,,,,,,,,,,,,,,,
20,Methanethiol_PTR,,All NaNs in duplicate,,,,,,,,,,,,,,,,,,,,
21,Acrolein_PTR,Acrolein_WAS,"Has duplicate, has duplicate data not all NaNs, has vardata not all NaNs",297,Correction applied: O_hat = -0.0709 + 1.4391 * M,1.43908938974428,-0.07094370824440369,0.10301817962484443,0.912253168715141,0.16779415616918447,0.7381465743705198,0.06227034661495999,0.11961500371715418,1.0592224262185612,-0.12195214820433553,True,0.43908938974428,0.2618534256294802,0.1772359641147998,0.2983255599104306,0.26185318584879497,False,-16.110577912315556
22,Acetone_Propanal_PTR,,All NaNs in duplicate,,,,,,,,,,,,,,,,,,,,
23,DMS_PTR,,All NaNs in duplicate,,,,,,,,,,,,,,,,,,,,
24,MVK_MACR_PTR,,All NaNs in duplicate,,,,,,,,,,,,,,,,,,,,
25,Benzene_PTR,"['Benzene_WAS', 'Benzene']","Has duplicate list, has duplicate data not all NaNs, has vardata not all NaNs","[297, 476]","['Correction applied: O_hat = -0.1278 + 2.2647 * M', 'Correction applied: O_hat = -0.2668 + 2.8052 * M']","[np.float64(2.264741318908118), np.float64(2.8051682949051893)]","[np.float64(-0.12781934056073985), np.float64(-0.26683505992786277)]","[np.float64(0.14959590787504198), np.float64(0.17503222080169437)]","[np.float64(0.762377906823122), np.float64(0.8699179340256018)]","[0.41877992718799506, 0.2432427880606287]","[np.float64(0.7193749381560318), np.float64(0.4356330039305519)]","[np.float64(0.04640047746124644), np.float64(0.09557870494750532)]","[np.float64(0.18158765309647915), np.float64(0.2765838631825948)]","[np.float64(0.9254157873640174), np.float64(1.37463412017848)]","[0.14360562049743586, -0.8896189643588637]","[False, False]","[np.float64(1.264741318908118), np.float64(0.2806250618439682)]","[np.float64(1.8051682949051893), np.float64(0.5643669960694482)]","[np.float64(-0.5404269759970712), np.float64(-0.28374193422548)]","[np.float64(0.7730389999980964), np.float64(0.28062559655462316)]","[np.float64(1.5755908709897717), np.float64(0.5643671225851138)]","[False, False]","[np.float64(-17.003348078143574), np.float64(-52.314245195758616)]"
26,Toluene_PTR,"['Toluene_WAS', 'Toluene']","Has duplicate list, has duplicate data not all NaNs, has vardata not all NaNs","[297, 476]","['Correction applied: O_hat = 0.0183 + 1.3266 * M', 'Correction applied: O_hat = -0.0468 + 0.8208 * M']","[np.float64(1.326633769905753), np.float64(0.8208041573548817)]","[np.float64(0.018310401084201434), np.float64(-0.04684797734797567)]","[np.float64(0.18782628641056112), np.float64(0.2904821788596831)]","[np.float64(0.5783155820554159), np.float64(0.9508693044132587)]","[0.6655510875519055, 0.0958475659246456]","[np.float64(0.9599616871260658), np.float64(1.0904210777420074)]","[np.float64(0.01319805304248741), np.float64(-0.029940984220473896)]","[np.float64(0.16814723626406422), np.float64(0.23276287102274507)]","[np.float64(0.5177239494503155), np.float64(0.7619299405267209)]","[0.7319619121655672, 0.4194627657289475]","[True, False]","[np.float64(0.3266337699057531), np.float64(0.04003831287393422)]","[np.float64(0.17919584264511834), np.float64(0.09042107774200736)]","[np.float64(0.14743792726063476), np.float64(-0.05038276486807314)]","[np.float64(0.05555175036533495), np.float64(0.04004144663752382)]","[np.float64(0.1414778024336121), np.float64(0.09041979803627835)]","[False, False]","[np.float64(-54.65469951566364), np.float64(-38.42800880604795)]"
27,Styrene_PTR,Styrene,All NaNs in duplicate,,,,,,,,,,,,,,,,,,,,
28,Benzaldehyde_PTR,,All NaNs in duplicate,,,,,,,,,,,,,,,,,,,,
29,C8Aromatics_PTR,,All NaNs in duplicate,,,,,,,,,,,,,,,,,,,,
30,C9Aromatics_PTR,,All NaNs in duplicate,,,,,,,,,,,,,,,,,,,,
31,Naphthalene_PTR,,All NaNs in duplicate,,,,,,,,,,,,,,,,,,,,
32,Octanal_PTR,,All NaNs in duplicate,,,,,,,,,,,,,,,,,,,,
33,Monoterpenes_PTR,,All NaNs in duplicate,,,,,,,,,,,,,,,,,,,,
34,Nonanal_PTR,,All NaNs in duplicate,,,,,,,,,,,,,,,,,,,,
35,C7H4ClF3_PTR,,All NaNs in duplicate,,,,,,,,,,,,,,,,,,,,
36,D5_siloxane_PTR,,All NaNs in duplicate,,,,,,,,,,,,,,,,,,,,
37,PAN_CIMS,,All NaNs in duplicate,,,,,,,,,,,,,,,,,,,,
38,APAN_CIMS,,All NaNs in duplicate,,,,,,,,,,,,,,,,,,,,
39,PPN_CIMS,,All NaNs in duplicate,,,,,,,,,,,,,,,,,,,,
40,HCOOH_CIMS,,All NaNs in duplicate,,,,,,,,,,,,,,,,,,,,
41,HONO_CIMS,,All NaNs in duplicate,,,,,,,,,,,,,,,,,,,,
42,O3_ppbv,O3,"Has duplicate, has duplicate data not all NaNs, has vardata not all NaNs",745,Correction applied: O_hat = -1.2559 + 1.0828 * M,1.082762792080193,-1.2559184208981582,4.883419207277264,0.3266427143165142,0.8933045371839401,0.9968434280492541,0.15541353603761004,4.144124043829285,0.27719265307461677,0.9231642330814551,True,0.08276279208019299,0.0031565719507459233,0.07960622012944707,0.02550978829761123,0.0031567069460350645,True,15.13888388582906
43,CO2_Piccaro,,All NaNs in duplicate,,,,,,,,,,,,,,,,,,,,
44,CH4_Piccaro,CH4_CRDS,"Has duplicate, has duplicate data not all NaNs, has vardata not all NaNs",1775,Correction applied: O_hat = 41.2942 + 1.0051 * M,1.0051432610225013,41.294246235608895,52.034843067893384,0.6711873828453296,0.549507497109237,0.9999711462484739,0.05764660941655062,8.681566828441458,0.11198185244789965,0.9874600647223368,True,0.005143261022501289,2.8853751526058957e-05,0.00511440727097523,0.020665464553964584,2.8848909282831036e-05,True,83.3158585351857
45,CO_Piccaro,,All NaNs in duplicate,,,,,,,,,,,,,,,,,,,,
46,H2O_Piccaro,H2O_CRDS,"Has duplicate, has duplicate data not all NaNs, has vardata not all NaNs",1778,Correction applied: O_hat = 0.0000 + 1.0141 * M,1.0140750665003826,0.0,206543.81017314008,0.05820325714171056,0.9966123808580959,0.9999997322554363,0.0,84226.11182813034,0.02373459674569637,0.9994366689173192,True,0.014075066500382594,2.6774456374223377e-07,0.014074798755818851,0.0,0.0,True,59.221188106520415
47,HCHO_CRDS,Formaldehyde,"Has duplicate, has duplicate data not all NaNs, has vardata not all NaNs",1794,Correction applied: O_hat = -0.1990 + 1.0465 * M,1.046529889178146,-0.19900922741017932,0.24443085058199593,0.20116419262361981,0.9595329676060872,0.9991779499954544,0.0020103487206182937,0.229452870988377,0.18883746232378532,0.964340412823113,True,0.046529889178146044,0.0008220500045456047,0.04570783917360044,0.08133387543568091,0.0008216174423311453,True,6.12769605716954
48,H2O_CRDS,H2O_Piccaro,"Has duplicate, has duplicate data not all NaNs, has vardata not all NaNs",1778,Correction applied: O_hat = 0.0000 + 0.9861 * M,0.9861202908781179,0.0,206543.81017314008,0.059839899901269596,0.9964191863798061,1.0000002677772677,0.0,83057.07791445445,0.024063307558462203,0.9994209572293469,True,0.013879709121882078,2.6777726769289245e-07,0.013879441344614385,0.0,0.0,True,59.787186144755466
49,CH4_CRDS,CH4_Piccaro,"Has duplicate, has duplicate data not all NaNs, has vardata not all NaNs",1775,Correction applied: O_hat = -41.0862 + 0.9949 * M,0.9948847018656013,-41.08623818604441,52.034843067893384,0.6746166627232488,0.5448923583761465,1.0000125461789457,-0.024375255988619438,8.637150847183449,0.11197815802695135,0.9874608921248911,True,0.005115298134398705,1.2546178945749276e-05,0.0051027519554529555,0.021103228699138183,1.2519924540149225e-05,True,83.40121668875993
50,Acetone_WAS,,All NaNs in duplicate,,,,,,,,,,,,,,,,,,,,
51,Benzene_WAS,"['Benzene_PTR', 'Benzene']","Has duplicate list, has duplicate data not all NaNs, has vardata not all NaNs","[297, 218]","['Correction applied: O_hat = 0.0564 + 0.4415 * M', 'Correction applied: O_hat = -0.0174 + 0.9752 * M']","[np.float64(0.44154768873179556), np.float64(0.975169879964747)]","[np.float64(0.05643937743064447), np.float64(-0.017386293425988263)]","[np.float64(0.14959590787504198), np.float64(0.060515420861789515)]","[np.float64(1.374944445494216), np.float64(0.5672737943521882)]","[-0.8904722281953972, 0.6782004422412713]","[np.float64(1.3900175584260135), np.float64(1.0040394988063013)]","[np.float64(-0.050486815546517995), np.float64(-0.0005116405291207168)]","[np.float64(0.0801801926137678), np.float64(0.055979785598007294)]","[np.float64(0.7369406826625434), np.float64(0.5247565815617549)]","[0.4569184302368644, 0.7246305301076212]","[True, True]","[np.float64(0.5584523112682045), np.float64(0.3900175584260135)]","[np.float64(0.02483012003525298), np.float64(0.004039498806301278)]","[np.float64(0.5336221912329515), np.float64(0.3859780596197122)]","[np.float64(0.43600101693027643), np.float64(0.39001675641980554)]","[np.float64(0.13727181075895264), np.float64(0.0040396086830725535)]","[True, True]","[np.float64(59.547408935585146), np.float64(30.182525417886108)]"
52,C2Cl4_WAS,,All NaNs in duplicate,,,,,,,,,,,,,,,,,,,,
53,C2HCl3_WAS,,All NaNs in duplicate,,,,,,,,,,,,,,,,,,,,
54,CCl4_WAS,,All NaNs in duplicate,,,,,,,,,,,,,,,,,,,,
55,CF2Cl2_WAS,,All NaNs in duplicate,,,,,,,,,,,,,,,,,,,,
56,CH2Cl2_WAS,,All NaNs in duplicate,,,,,,,,,,,,,,,,,,,,
57,Ethyl_WAS,Ethylbenzene,"Has duplicate, has duplicate data not all NaNs, has vardata not all NaNs",41,Correction applied: O_hat = -0.0034 + 0.8207 * M,0.8207004011708723,-0.0034393347184785267,0.02006558900313377,1.0688926955169435,-0.14253159452947717,1.1311312484196603,-0.003163121532819302,0.015937603383106312,0.8489951547192515,0.2792072272632343,True,0.17929959882912772,0.13113124841966028,0.04816835040946743,0.14258111573065685,0.13113041743740284,True,20.572461737269528
58,Ethane_WAS,Ethane,"Has duplicate, has duplicate data not all NaNs, has vardata not all NaNs",218,Correction applied: O_hat = -0.3290 + 1.0237 * M,1.023695830454736,-0.32896526604329474,0.5698478365221639,0.41255515594184733,0.829798243305798,0.9983431068325805,0.0032090060684402217,0.5032151807274235,0.36431482941891014,0.8672747050654703,True,0.02369583045473611,0.0016568931674194598,0.02203893728731665,0.16992571214034474,0.0016575994420354007,True,11.693061116350957
59,Ethene_WAS,Ethylene,"Has duplicate, has duplicate data not all NaNs, has vardata not all NaNs",218,Correction applied: O_hat = -0.1852 + 1.1189 * M,1.1189257988691856,-0.1851644531092039,0.22179627711839076,0.5556749315426136,0.6912253704551118,0.9860478366671865,0.005325095451264056,0.18973142945881383,0.47534160828016303,0.774050355437628,True,0.11892579886918564,0.013952163332813461,0.10497363553637218,0.4851373208077213,0.013951935681456213,True,14.456891736943495
60,Ethyne_WAS,Acetylene,"Has duplicate, has duplicate data not all NaNs, has vardata not all NaNs",218,Correction applied: O_hat = -0.0415 + 1.5085 * M,1.5085346242599913,-0.04152157791350975,0.15101388017954093,0.7422583989436217,0.4490524691976516,0.8575432291039599,0.03436096355856591,0.16250781080205443,0.7987529842843389,0.3619936700968628,True,0.5085346242599913,0.14245677089604014,0.36607785336395116,0.17214453587054743,0.14245730584168284,False,-7.611174952162228
61,Isoprene_WAS,Isoprene,"Has duplicate, has duplicate data not all NaNs, has vardata not all NaNs",218,Correction applied: O_hat = -0.0097 + 0.8478 * M,0.8477978052414656,-0.009671062531523993,0.19654451359854358,0.5661057282643831,0.6795243044262526,1.0214984449035496,-0.005796629607574075,0.1649955438691404,0.47523546097656033,0.7741512566303962,True,0.15220219475853436,0.021498444903549574,0.13070374985498479,0.035869940653876255,0.021499681067972447,True,16.051819077404648
62,Limonene_WAS,,All NaNs in duplicate,,,,,,,,,,,,,,,,,,,,
63,MACR_WAS,,All NaNs in duplicate,,,,,,,,,,,,,,,,,,,,
64,Propane_WAS,Propane,"Has duplicate, has duplicate data not all NaNs, has vardata not all NaNs",218,Correction applied: O_hat = -0.3636 + 1.1943 * M,1.1942566320680976,-0.3635587566654109,0.7400578033875057,0.5393738990990977,0.7090757969706363,0.9694801594787658,0.02684803375138316,0.7616469745470598,0.555108663834156,0.6918543713362579,True,0.19425663206809762,0.030519840521234243,0.16373679154686338,0.4130940375643549,0.030506107911547172,False,-2.9172276896119196
65,Propene_WAS,Propylene,"Has duplicate, has duplicate data not all NaNs, has vardata not all NaNs",218,Correction applied: O_hat = -0.1273 + 1.3716 * M,1.3715841984092518,-0.12728924109775147,0.10203015691691007,0.6501667454229455,0.5772832031461347,0.9524233123792528,0.005366420740659027,0.08408682309004645,0.5358264434105718,0.7128900225419772,True,0.37158419840925183,0.04757668762074718,0.32400751078850465,1.128514968453773,0.04757736066792745,True,17.586304254609814
66,Toluene_WAS,"['Toluene_PTR', 'Toluene']","Has duplicate list, has duplicate data not all NaNs, has vardata not all NaNs","[297, 218]","['Correction applied: O_hat = -0.0138 + 0.7538 * M', 'Correction applied: O_hat = -0.0739 + 0.7129 * M']","[np.float64(0.7537832891651961), np.float64(0.7129176341841357)]","[np.float64(-0.013801133470360685), np.float64(-0.07390656599836481)]","[np.float64(0.18782628641056112), np.float64(0.3013044589493736)]","[np.float64(0.7403805425828106), np.float64(1.2362155531415782)]","[0.45183665216478286, -0.528228893829138]","[np.float64(1.0417032704330849), np.float64(1.1732940544183055)]","[np.float64(-0.009785911145912946), np.float64(-0.03930743885733808)]","[np.float64(0.12674703212285518), np.float64(0.1881227918146886)]","[np.float64(0.49961609850901006), np.float64(0.7718449370203612)]","[0.7503837541106351, 0.4042553931960349]","[False, False]","[np.float64(0.2462167108348039), np.float64(0.04170327043308486)]","[np.float64(0.2870823658158643), np.float64(0.17329405441830548)]","[np.float64(-0.04086565498106043), np.float64(-0.13159078398522062)]","[np.float64(0.05881502382909262), np.float64(0.0417037193700302)]","[np.float64(0.3258297886192268), np.float64(0.17329359470352088)]","[False, False]","[np.float64(-60.41655548189115), np.float64(-48.423823945906875)]"
67,Alpha_Pinene_WAS,Alphapinene,"Has duplicate, has duplicate data not all NaNs, has vardata not all NaNs",38,Correction applied: O_hat = 0.0181 + 2.5112 * M,2.51118823340906,0.018100269741070603,0.058661086536853466,1.1820827427305107,-0.39731961066128707,0.9480705073195518,0.0036665020151615633,0.018833073731067226,0.3795062922347979,0.8559749741541962,True,1.5111882334090598,0.05192949268044822,1.4592587407286115,0.25635864709678824,0.05192958500787902,True,67.89511609329728
68,Beta_Pinene_WAS,Betapinene,All NaNs in duplicate,,,,,,,,,,,,,,,,,,,,
69,iButane_WAS,Isobutane,"Has duplicate, has duplicate data not all NaNs, has vardata not all NaNs",218,Correction applied: O_hat = -0.0738 + 1.2389 * M,1.2389288787239068,-0.07381078800991416,0.21873113777786857,0.6532756068886414,0.5732309814442772,0.9363563575303466,0.014740613831183955,0.2368896672122878,0.7075089659658589,0.49943106307792107,True,0.23892887872390678,0.06364364246965337,0.1752852362542534,0.31866029876544777,0.06363904971181507,False,-8.30175786533879
70,iPentane_WAS,Isopentane,"Has duplicate, has duplicate data not all NaNs, has vardata not all NaNs",218,Correction applied: O_hat = -0.5206 + 1.5590 * M,1.5590377673532325,-0.520636126509011,0.4957384244731112,0.5882246498218188,0.6539917613419987,0.9256777178333421,0.03658220143767384,0.4874976820910316,0.5784464935146441,0.6653996541406128,True,0.5590377673532325,0.07432228216665793,0.4847154851865746,1.057690718110154,0.0743180369908385,True,1.6623166523430524
71,m_p_Xylene_WAS,mpXylene,"Has duplicate, has duplicate data not all NaNs, has vardata not all NaNs",41,Correction applied: O_hat = 0.0070 + 0.4587 * M,0.45871732520384395,0.0070025757925991925,0.10450486732304537,1.916609482083176,-2.673391906811141,1.5109213913268635,-0.039714859076421555,0.043182318510754034,0.791959678396683,0.37279986779382224,True,0.5412826747961561,0.5109213913268635,0.030361283469292566,0.0900864786622425,0.5109222535717864,True,58.679131779318105
72,nButane_WAS,nButane,"Has duplicate, has duplicate data not all NaNs, has vardata not all NaNs",218,Correction applied: O_hat = -0.3622 + 1.5803 * M,1.5802526378687567,-0.3622321929463292,0.3917161574720348,0.5376596884818902,0.7109220593815568,0.9373854531203031,0.029580066003873477,0.3842926014555043,0.5274703032876871,0.7217750791495954,True,0.5802526378687567,0.06261454687969692,0.5176380909890598,0.7668448770810652,0.06262094457780859,True,1.8951365357096548
73,nHeptane_WAS,nHeptane,"Has duplicate, has duplicate data not all NaNs, has vardata not all NaNs",218,Correction applied: O_hat = -0.0094 + 1.1709 * M,1.1708981887674992,-0.009430633240180935,0.034814078580412085,0.45612041704516143,0.7919541651545479,0.9808547621959479,0.0010698340595150656,0.03610531815266091,0.4730377319997708,0.776235304104513,True,0.17089818876749918,0.019145237804052084,0.1517529509634471,0.16879130101473266,0.01914809728852909,False,-3.708958056340264
74,nHexane_WAS,nHexane,"Has duplicate, has duplicate data not all NaNs, has vardata not all NaNs",218,Correction applied: O_hat = -0.0355 + 1.0462 * M,1.04616040243182,-0.03546827961970238,0.078090720189825,0.5220354342920799,0.7274790053434796,0.9937001979658403,0.0008002268387715354,0.07421118721223997,0.4961008075159276,0.7538839887820445,True,0.04616040243182007,0.006299802034159696,0.03986060039766037,0.27918703582217436,0.006298951104971827,True,4.967982070282563
75,nNonane_WAS,nNonane,"Has duplicate, has duplicate data not all NaNs, has vardata not all NaNs",41,Correction applied: O_hat = 0.0124 + 0.3193 * M,0.31934436630318874,0.012414546271982452,0.018241159519952112,1.6717256667250662,-1.794666704787367,4.378732008096969,-0.0515050619484492,0.010385959767825246,0.9518295971512317,0.09402041798692407,False,0.6806556336968113,3.3787320080969687,-2.6980763744001575,0.8143942354420487,3.378732063818267,True,43.06305058916281
76,nOctane_WAS,nOctane,"Has duplicate, has duplicate data not all NaNs, has vardata not all NaNs",218,Correction applied: O_hat = -0.0005 + 1.7617 * M,1.7616533642056622,-0.0004644261865457267,0.02888741268808833,0.5785641560267015,0.6652635173611106,0.9575778664327788,0.00137656421274464,0.02012609051118544,0.40309025583043956,0.8375182456545508,True,0.7616533642056622,0.04242213356722124,0.719231230638441,0.014312257374465422,0.04242168481457895,True,30.329203489087842
77,nPentane_WAS,nPentane,"Has duplicate, has duplicate data not all NaNs, has vardata not all NaNs",218,Correction applied: O_hat = -0.3186 + 1.4688 * M,1.4687593141585218,-0.3186414694247761,0.3071596437201268,0.5825554241210651,0.660629177827126,0.9364339858333326,0.02120534653125168,0.2992136757226374,0.5674851932119305,0.6779605554852179,True,0.4687593141585218,0.0635660141666674,0.4051932999918544,0.9551313863434652,0.06356326458966913,True,2.586917962676587
78,o_Xylene_WAS,oXylene,"Has duplicate, has duplicate data not all NaNs, has vardata not all NaNs",41,Correction applied: O_hat = -0.0030 + 0.6808 * M,0.6807646198824873,-0.003028591545231349,0.030613834450393458,1.2949671185035707,-0.6769398380054408,1.2860573818912124,-0.008372429435885136,0.019948402068225235,0.8438186594005148,0.2879700700475182,True,0.31923538011751273,0.28605738189121244,0.0331779982263003,0.10347687779540443,0.2860580057260755,True,34.8386034407106
79,x135_TriMethylBenzene_WAS,x135_Trimethylbenzene,"Has duplicate, has duplicate data not all NaNs, has vardata not all NaNs",40,Correction applied: O_hat = 0.0064 + 1.5694 * M,1.5694092109388167,0.006440226955775995,0.012032891779115328,1.6728492215759307,-1.7984245181271978,0.16302430439283538,0.00845345446172834,0.011995209033340443,1.66761045161992,-1.7809246183519933,False,0.5694092109388167,0.8369756956071646,-0.26756648466834787,0.6376462332451479,0.8369756892800336,True,0.3131645033182183
80,x224_TriMethylPentane_WAS,x224_Trimethylpentane,"Has duplicate, has duplicate data not all NaNs, has vardata not all NaNs",218,Correction applied: O_hat = 0.0089 + 0.8235 * M,0.823458524528059,0.008935946252139296,0.05754772415548609,0.6582611938172389,0.5666922007143034,1.0398714429537128,-0.0032089395629479943,0.05007183924006144,0.572748082717109,0.6719596337438758,True,0.176541475471941,0.03987144295371281,0.13667003251822818,0.11103085112375984,0.03987169134925407,True,12.990756845962888
81,nDecane_WAS,nDecane,"Has duplicate, has duplicate data not all NaNs, has vardata not all NaNs",41,Correction applied: O_hat = 0.0174 + 0.0916 * M,0.09163550096450274,0.017382870372033624,0.0359172358923448,2.5509943930366616,-5.507572393304486,20.898075261714663,-0.37029836075147,0.013814029285132064,0.981130935499602,0.037382087405675724,False,0.9083644990354973,19.898075261714663,-18.989710762679167,0.934072981983458,19.898077052175974,True,61.53927510864969
82,x3_x4_EthylToluene_WAS,mpEthyltoluene,"Has duplicate, has duplicate data not all NaNs, has vardata not all NaNs",41,Correction applied: O_hat = 0.0062 + 0.3006 * M,0.3006313430938277,0.00619066477660945,0.030454339133473347,2.3244622475633148,-4.403124740347097,1.547054339969405,-0.008846266023213017,0.009650024248878113,0.7365491320063794,0.45749537614064906,True,0.6993686569061723,0.547054339969405,0.15231431693676734,0.3828314567737367,0.5470541582982409,True,68.31313854296887
83,x13_Butadiene_WAS,buta13diene,"Has duplicate, has duplicate data not all NaNs, has vardata not all NaNs",191,Correction applied: O_hat = 0.0070 + 0.0266 * M,0.02655116620699592,0.007028274688316627,0.06448010719963515,5.282337976991094,-26.90309450316236,147.70336388576672,-1.2803895498017377,0.012186472881534575,0.998339973418444,0.0033172974748606476,False,0.9734488337930041,146.70336388576672,-145.7299150519737,0.8052792234363984,146.70330174692978,True,81.10041466928031
84,nPropylBenzene_WAS,nPropylbenzene,"Has duplicate, has duplicate data not all NaNs, has vardata not all NaNs",41,Correction applied: O_hat = 0.0039 + 0.1077 * M,0.10766310534090182,0.003902538710913591,0.008001401375301942,2.2252565184071713,-3.9517665727136047,22.89502913328893,-0.09986269744003247,0.003540741863200854,0.9847098703741165,0.030346471187790547,False,0.8923368946590982,21.89502913328893,-21.00269223862983,0.8556368296655468,21.89502992000712,True,55.74847833368138
85,x2_EthylToluene_WAS,oEthyltoluene,"Has duplicate, has duplicate data not all NaNs, has vardata not all NaNs",41,Correction applied: O_hat = 0.0032 + 0.0917 * M,0.09166398026723133,0.003181289737172915,0.013292313935357429,4.274686984166203,-17.272948812599946,5.409873070451717,-0.016779028641920372,0.0028627491074608097,0.9206340151239496,0.15243301019675537,False,0.9083360197327687,4.409873070451717,-3.501537050718948,0.83610820015442,4.409872912299585,True,78.46312446890134
86,x124_TriMethylBenzene_WAS,x124_Trimethylbenzene,"Has duplicate, has duplicate data not all NaNs, has vardata not all NaNs",41,Correction applied: O_hat = -0.0001 + 0.5298 * M,0.5298232426797669,-0.00011823485066951556,0.022420800755864525,1.569225586909048,-1.462468942610046,1.341404788013124,-0.005745335010235969,0.0108848019515137,0.7618242504690694,0.4196238113972407,True,0.4701767573202331,0.3414047880131239,0.1287719693071092,0.007025549097753823,0.341389471622717,True,51.452215868487194
87,iPropylBenzene_WAS,Isopropylbenzene,"Has duplicate, has duplicate data not all NaNs, has vardata not all NaNs",31,Correction applied: O_hat = 0.0021 + -0.0053 * M,-0.00527283159886256,0.002067509874722358,0.0038326273309656025,2.3300841846792375,-4.429292307692308,133.36797264433702,-0.2732758248082709,0.0016448093102532976,0.9999782993951547,4.3400738774179715e-05,False,1.0052728315988626,132.36797264433702,-131.36269981273816,1.001450095568642,132.3679776415062,True,57.08402700768457
88,x123_TriMethylBenzene_WAS,x123_Trimethylbenzene,"Has duplicate, has duplicate data not all NaNs, has vardata not all NaNs",39,Correction applied: O_hat = 0.0031 + 0.0278 * M,0.02783397639769875,0.003090924293027365,0.010235063159815204,3.980148888716036,-14.841585176347493,101.2647010613093,-0.3290738520237437,0.0025599260428668456,0.9954884142498713,0.009002817094276638,False,0.9721660236023012,100.2647010613093,-99.292535037707,0.9417659955317752,100.26468928848439,True,74.9886639398807
89,MethylCycloPentane_WAS,Methylcyclopentane,"Has duplicate, has duplicate data not all NaNs, has vardata not all NaNs",218,Correction applied: O_hat = 0.0046 + 0.8803 * M,0.8802954429769372,0.004581037993120545,0.04753116529511901,0.7009107558075963,0.508724112393224,1.0356967298202926,-0.0021274110137602924,0.0440450985675949,0.6495040282507705,0.5781445172860223,True,0.11970455702306282,0.035696729820292594,0.08400782720277022,0.07686187043025311,0.035694266220252735,True,7.334275744933396
90,x3_MethylPentane_WAS,x3_Methylpentane,"Has duplicate, has duplicate data not all NaNs, has vardata not all NaNs",218,Correction applied: O_hat = -0.0362 + 1.0909 * M,1.090932347007617,-0.03617593501187693,0.050787720649851355,0.6193401353095589,0.6164177967947373,0.9854402200349793,0.0010371706645648138,0.044371698559166575,0.5410987821055052,0.7072121080039391,True,0.0909323470076171,0.01455977996502067,0.07637256704259643,0.5076833933686862,0.014555375619616931,True,12.633018392219494
91,x2_MethylPentane_WAS,x2_Methylpentane,"Has duplicate, has duplicate data not all NaNs, has vardata not all NaNs",218,Correction applied: O_hat = -0.0290 + 0.6903 * M,0.6903404851282025,-0.028952196593918154,0.10646163008294794,1.1138431803948896,-0.2406466305122028,1.0612817452702337,-0.005243662500853459,0.04999270209713157,0.5230431870808097,0.726425824448349,True,0.30965951487179755,0.06128174527023367,0.24837776960156388,0.33836802967212554,0.06128335523433518,True,53.04157746017929
92,x1_Butene_WAS,But1ene,"Has duplicate, has duplicate data not all NaNs, has vardata not all NaNs",218,Correction applied: O_hat = -0.0385 + 1.5511 * M,1.5511046109971087,-0.038487733361609336,0.022723953862135004,0.8686146433780532,0.24550860130921748,0.915883484463033,0.0018613435015579244,0.016102263909265085,0.6155030197641621,0.6211560326611976,True,0.5511046109971087,0.08411651553696697,0.46698809546014175,1.739288116258465,0.08411544016161433,True,29.13969106363863
93,CycloPentane_WAS,Cyclopentane,"Has duplicate, has duplicate data not all NaNs, has vardata not all NaNs",218,Correction applied: O_hat = -0.0058 + 1.2528 * M,1.2528239702645876,-0.005794357153082658,0.021775496623751413,0.5687154919815043,0.6765626891802354,0.9531910188328799,0.0012269919604708868,0.023301934215455747,0.6085818023093391,0.6296281898979165,True,0.2528239702645876,0.04680898116712007,0.20601498909746752,0.221027097002978,0.04680389280536366,False,-7.009886470462337
94,x22_DiMethylButane_WAS,x22_Dimethylbutane,"Has duplicate, has duplicate data not all NaNs, has vardata not all NaNs",218,Correction applied: O_hat = 0.0000 + 1.2435 * M,1.243450311482871,3.2577194463081925e-05,0.0160741368630464,0.6982321327410315,0.5124718888079107,0.9258340797876842,0.0011313348969942706,0.017239978157327182,0.7488742207286385,0.43918740152807434,True,0.243450311482871,0.07416592021231583,0.16928439127055517,0.0021365308041371416,0.07419705401466635,False,-7.252901379488619
95,x1_Pentene_WAS,Pent1ene,"Has duplicate, has duplicate data not all NaNs, has vardata not all NaNs",217,Correction applied: O_hat = -0.0332 + 1.2058 * M,1.2058247749815425,-0.033175666620319275,0.028272173060895987,1.3570980399422286,-0.8417150900150385,0.9379245007155508,0.0011105350705940017,0.01531671444195538,0.7352205683928323,0.4594507158121204,True,0.2058247749815425,0.06207549928444922,0.14374927569709328,1.8544872891832256,0.06207782336911343,True,45.82406379246332
96,MethylCycloHexane_WAS,Methylcyclohexane,"Has duplicate, has duplicate data not all NaNs, has vardata not all NaNs",218,Correction applied: O_hat = 0.0067 + 1.5734 * M,1.5733784027251387,0.00674494200807625,0.035396022562125526,0.5117549820345235,0.7381068383628444,0.9759473738739087,0.0009199808360011374,0.023047671838252067,0.3332227757178265,0.8889625817429071,True,0.5733784027251387,0.02405262612609127,0.5493257765990475,0.17634892753185685,0.02405322886162724,True,34.88626639391526
97,c2Pentene_WAS,cis2Pentene,"Has duplicate, has duplicate data not all NaNs, has vardata not all NaNs",218,Correction applied: O_hat = -0.0061 + 1.3912 * M,1.3912014287488168,-0.00608636837572221,0.01694914070512726,0.888713131818492,0.21018896933336761,0.7623385306583367,0.003597651993985749,0.019875006999386505,1.042128331024827,-0.08603145832459114,True,0.3912014287488168,0.23766146934166332,0.15353995940715348,0.4020691836083157,0.23766307111784643,False,-17.262623192302282
98,t2Pentene_WAS,trans2Pentene,"Has duplicate, has duplicate data not all NaNs, has vardata not all NaNs",218,Correction applied: O_hat = -0.0157 + 1.1292 * M,1.129193744164935,-0.015717064305460313,0.026623412990562555,1.0047297259054204,-0.00948182211798132,0.9104496693163908,0.001855070536141618,0.02546288016506654,0.9609328683019951,0.07660802261690036,True,0.1291937441649349,0.08955033068360918,0.03964341348132572,0.7587068243114146,0.08954946343642,True,4.359068560846796
99,c2Butene_WAS,cis2Butene,"Has duplicate, has duplicate data not all NaNs, has vardata not all NaNs",204,Correction applied: O_hat = -0.0001 + 2.2183 * M,2.2182665534216093,-5.051585769156448e-05,0.016172484803080894,0.7147343007257309,0.4891548793661007,0.8683338685263797,0.0016753119311821857,0.014292366049513611,0.6316434597712072,0.6010265397282595,True,1.2182665534216093,0.13166613147362027,1.086600421947989,0.003969659078998133,0.13165009012371567,True,11.625416727608343
100,t2Butene_WAS,trans2Butene,"Has duplicate, has duplicate data not all NaNs, has vardata not all NaNs",199,Correction applied: O_hat = 0.0025 + 0.9901 * M,0.9901088108665446,0.002533574994362791,0.02052369432861619,1.0004116118182635,-0.0008233930608161355,1.009624410059577,-0.00011182377363817262,0.020276770357980436,0.9883754937829325,0.02311388328934405,True,0.009891189133455436,0.009624410059577038,0.00026677907387839817,0.2177889519992205,0.009612497172352637,True,1.2031165865273379
101,iPropylONO2_WAS,,All NaNs in duplicate,,,,,,,,,,,,,,,,,,,,
102,CFCl3_WAS,,All NaNs in duplicate,,,,,,,,,,,,,,,,,,,,
103,nPropylONO2_WAS,,All NaNs in duplicate,,,,,,,,,,,,,,,,,,,,
104,Furan_WAS,,All NaNs in duplicate,,,,,,,,,,,,,,,,,,,,
105,CH3Br_WAS,,All NaNs in duplicate,,,,,,,,,,,,,,,,,,,,
106,Ethylene,Ethene_WAS,"Has duplicate, has duplicate data not all NaNs, has vardata not all NaNs",218,Correction applied: O_hat = 0.1655 + 0.8937 * M,0.8937102833681798,0.16548565314785443,0.22179627711839076,0.61404657435069,0.6229468045281825,1.0141493067916934,-0.007167861715750459,0.1695653544789835,0.4694444216969538,0.7796219349376127,True,0.10628971663182019,0.01414930679169335,0.09214040984012684,0.3266645784746357,0.0141491814027412,True,23.549052904764203
107,Acetylene,Ethyne_WAS,"Has duplicate, has duplicate data not all NaNs, has vardata not all NaNs",218,Correction applied: O_hat = 0.0275 + 0.6629 * M,0.6628736620361874,0.027529460652412848,0.15101388017954093,1.002143365243381,-0.0042913245013287415,1.1660921014909098,-0.031128175097154404,0.10772455214779361,0.7148710110645285,0.4889594375395787,True,0.33712633796381264,0.1660921014909098,0.17103423647290283,0.14688973330476193,0.1660914972514795,True,28.665794151028027
108,nDecane,nDecane_WAS,"Has duplicate, has duplicate data not all NaNs, has vardata not all NaNs",41,Correction applied: O_hat = -0.1897 + 10.9113 * M,10.911252598906273,-0.1896669610127013,0.0359172358923448,1.0114638995584175,-0.023059220109920897,0.04786003193666037,0.012748001237802844,0.1507285411439257,4.244660654209201,-17.017144069391684,True,9.911252598906273,0.9521399680633397,8.959112630842933,14.16611178183546,0.952140581393079,False,-319.65518058156346
109,Ethylbenzene,Ethyl_WAS,"Has duplicate, has duplicate data not all NaNs, has vardata not all NaNs",41,Correction applied: O_hat = 0.0042 + 1.2184 * M,1.2183512502011231,0.004193598802660874,0.02006558900313377,0.9463261107105179,0.10446689218750471,0.8841676202486523,0.003889962758322056,0.019418369946919402,0.9158021977494072,0.16130633459735566,True,0.21835125020112311,0.11583237975134775,0.10251887044977537,0.12487407352386876,0.11583261021049598,True,3.225517357667832
110,Ethane,Ethane_WAS,"Has duplicate, has duplicate data not all NaNs, has vardata not all NaNs",218,Correction applied: O_hat = 0.3214 + 0.9768 * M,0.9768466461927834,0.3213627488436718,0.5698478365221639,0.42167768249026716,0.8221879320896375,1.0016723284382434,-0.0037059205411109322,0.49156561140197547,0.36375017069988325,0.8676858133158059,True,0.023153353807216615,0.0016723284382433867,0.021481025368973228,0.14525032623165318,0.0016750110880050975,True,13.73739094947738
111,mpEthyltoluene,x3_x4_EthylToluene_WAS,"Has duplicate, has duplicate data not all NaNs, has vardata not all NaNs",41,Correction applied: O_hat = -0.0206 + 3.3263 * M,3.3263005180863083,-0.02059170353100735,0.030454339133473347,0.9444822281152797,0.10795332077439668,0.6463624574127314,0.011739698331588012,0.03209890675404824,0.9954853013968658,0.009009014702791251,True,2.3263005180863083,0.35363754258726865,1.9726629754990397,0.6202877297355629,0.3536371245300688,False,-5.400109368215751
112,oXylene,o_Xylene_WAS,"Has duplicate, has duplicate data not all NaNs, has vardata not all NaNs",41,Correction applied: O_hat = 0.0045 + 1.4688 * M,1.4687956200449177,0.004452935451971513,0.030613834450393458,1.025576865464437,-0.05180790697585991,0.7776443516034821,0.010549002659314148,0.029301015587014322,0.9815968584186467,0.03646760754264311,True,0.4687956200449177,0.2223556483965179,0.2464399716483998,0.09386047350727178,0.22235543167245297,True,4.2883189477829795
113,buta13diene,x13_Butadiene_WAS,"Has duplicate, has duplicate data not all NaNs, has vardata not all NaNs",191,Correction applied: O_hat = -0.2646 + 37.6479 * M,37.647892579622116,-0.264573862975885,0.06448010719963515,2.041136867626872,-3.1662397123856376,0.004039970067175336,0.06374887202616435,0.4587951529412015,14.523296285123026,-209.92613498546825,True,36.647892579622116,0.9959600299328246,35.65193254968929,4.133484752341455,0.9959600224120954,False,-611.5297614514473
114,Styrene,Styrene_PTR,All NaNs in var,,,,,,,,,,,,,,,,,,,,
115,mpXylene,m_p_Xylene_WAS,"Has duplicate, has duplicate data not all NaNs, has vardata not all NaNs",41,Correction applied: O_hat = -0.0153 + 2.1799 * M,2.1798706865976327,-0.015255795715181764,0.10450486732304537,1.1437793632447504,-0.3082312317845668,0.6618612997836423,0.052137134220848445,0.0941327794017638,1.0302594820946225,-0.061434600445880116,True,1.1798706865976327,0.3381387002163577,0.841731986381275,0.09894216385058763,0.3381377787882764,True,9.924980708524682
116,x135_Trimethylbenzene,x135_TriMethylBenzene_WAS,"Has duplicate, has duplicate data not all NaNs, has vardata not all NaNs",40,Correction applied: O_hat = -0.0041 + 0.6356 * M,0.6356229128790444,-0.004087846809106477,0.012032891779115328,1.780534730163544,-2.170303925318564,6.170370122815989,-0.012057016594824421,0.007637738600796824,1.1301737843460675,-0.27729278282311154,False,0.3643770871209556,5.170370122815989,-4.805993035695033,1.7529777859182085,5.170370427798456,True,36.52615895662648
117,nPropylbenzene,nPropylBenzene_WAS,"Has duplicate, has duplicate data not all NaNs, has vardata not all NaNs",41,Correction applied: O_hat = -0.0362 + 9.2861 * M,9.286126885491003,-0.036238076811971345,0.008001401375301942,1.044949824718138,-0.09192013617846695,0.043686660931589266,0.005848542368947152,0.03287986369299061,4.293973791740984,-17.438210924158447,True,8.286126885491003,0.9563133390684108,7.329813546422592,5.925400072502976,0.9563132601327183,False,-310.9263134140656
118,oEthyltoluene,x2_EthylToluene_WAS,"Has duplicate, has duplicate data not all NaNs, has vardata not all NaNs",41,Correction applied: O_hat = -0.0347 + 10.9093 * M,10.909334365577411,-0.034705711994134594,0.013292313935357429,0.960097686387088,0.07821243259416077,0.18483495879567693,0.00554555375055296,0.03123068903772995,2.2557782215510724,-4.08853538482412,True,9.909334365577411,0.8151650412043231,9.094169324373087,5.101544726062895,0.815165252740328,False,-134.95299004830613
119,x224_Trimethylpentane,x224_TriMethylPentane_WAS,"Has duplicate, has duplicate data not all NaNs, has vardata not all NaNs",218,Correction applied: O_hat = -0.0108 + 1.2144 * M,1.2143607039383217,-0.010849295044269115,0.05754772415548609,0.5599609783046072,0.6864437027761472,0.9616594605576368,0.0033311900797184284,0.06080587168252689,0.5916639779188599,0.6499337372332308,True,0.21436070393832174,0.03834053944236315,0.1760201644959586,0.12487037288662602,0.038340458593242366,False,-5.661644443553886
120,Toluene,"['Toluene_WAS', 'Toluene_PTR']","Has duplicate list, has duplicate data not all NaNs, has vardata not all NaNs","[218, 476]","['Correction applied: O_hat = 0.1037 + 1.4026 * M', 'Correction applied: O_hat = 0.0571 + 1.2182 * M']","[np.float64(1.4026332901621854), np.float64(1.2182272071912454)]","[np.float64(0.10368008378255467), np.float64(0.057105994571552604)]","[np.float64(0.3013044589493736), np.float64(0.2904821788596831)]","[np.float64(0.9818196460152253), np.float64(0.8288143690143823)]","[0.03603018269853764, 0.31306674171529114]","[np.float64(0.8523042114354372), np.float64(0.9171427151366021)]","[np.float64(0.0623030803197353), np.float64(0.03815575425328687)]","[np.float64(0.2638706690164727), np.float64(0.28356651412680134)]","[np.float64(0.8598392727108115), np.float64(0.809082341650779)]","[0.2606764251041426, 0.34538576442889224]","[True, True]","[np.float64(0.4026332901621854), np.float64(0.14769578856456278)]","[np.float64(0.21822720719124544), np.float64(0.08285728486339794)]","[np.float64(0.18440608297093997), np.float64(0.06483850370116484)]","[np.float64(0.24578461360628093), np.float64(0.14769604695712865)]","[np.float64(0.12400844812762794), np.float64(0.0828570784484036)]","[True, False]","[np.float64(3.5918088060916813), np.float64(-7.464204029853377)]"
121,x124_Trimethylbenzene,x124_TriMethylBenzene_WAS,"Has duplicate, has duplicate data not all NaNs, has vardata not all NaNs",41,Correction applied: O_hat = 0.0002 + 1.8874 * M,1.8874025800226228,0.00022351802978127675,0.022420800755864525,1.012654622230907,-0.025469383925621036,0.7454613363337289,0.008141565142811943,0.02054404942662904,0.92788954496973,0.13902099233586762,True,0.8874025800226228,0.2545386636662711,0.6328639163563518,0.006987838194143167,0.25452953357148633,True,8.370581183388781
122,Isopropylbenzene,iPropylBenzene_WAS,"Has duplicate, has duplicate data not all NaNs, has vardata not all NaNs",31,Correction applied: O_hat = -0.2284 + 110.9198 * M,110.91976590383798,-0.22842787578365165,0.0038326273309656025,1.2324945029185799,-0.5190426997245177,-0.00012205634693910137,0.0005678112352334015,0.1824945858069417,58.68652347234368,-3443.1080372699466,True,109.91976590383798,1.000122056346939,108.91964384749105,402.3445539371137,1.0001220620588323,False,-4661.605291818538
123,Formaldehyde,HCHO_CRDS,"Has duplicate, has duplicate data not all NaNs, has vardata not all NaNs",1794,Correction applied: O_hat = 0.1902 + 0.9555 * M,0.9555363151713981,0.19016720926361885,0.24443085058199593,0.2103542650067934,0.9557510831934517,1.0008230036116808,-0.0020789366884014105,0.21925085868138017,0.18868466529579367,0.9643980970822144,True,0.04446368482860186,0.0008230036116807504,0.04364068121692111,0.07521868103012741,0.0008223019954503342,True,10.301478655685882
124,Benzene,"['Benzene_WAS', 'Benzene_PTR']","Has duplicate list, has duplicate data not all NaNs, has vardata not all NaNs","[218, 476]","['Correction applied: O_hat = 0.0178 + 1.0254 * M', 'Correction applied: O_hat = 0.0951 + 0.3565 * M']","[np.float64(1.0254482479352096), np.float64(0.3564817089824251)]","[np.float64(0.017830732218337322), np.float64(0.09512319971685765)]","[np.float64(0.060515420861789515), np.float64(0.17503222080169437)]","[np.float64(0.5551163691242029), np.float64(1.5547671645986834)]","[0.6918458167303617, -1.4173009361142301]","[np.float64(0.9959778232660108), np.float64(2.2952934328258316)]","[np.float64(0.0005941843658945771), np.float64(-0.20141212087397323)]","[np.float64(0.05740475794578929), np.float64(0.09859785911709791)]","[np.float64(0.526581825715125), np.float64(0.875819967048643)]","[0.7227115808265258, 0.23293938531891378]","[False, False]","[np.float64(0.02544824793520961), np.float64(0.004022176733989191)]","[np.float64(0.643518291017575), np.float64(1.2952934328258316)]","[np.float64(-0.6180700430823654), np.float64(-1.2912712560918425)]","[np.float64(0.12071450545993843), np.float64(0.004022643097473388)]","[np.float64(0.611743077301633), np.float64(1.295293587642608)]","[False, False]","[np.float64(-189.23573249444712), np.float64(-71.75903643772821)]"
125,x123_Trimethylbenzene,x123_TriMethylBenzene_WAS,"Has duplicate, has duplicate data not all NaNs, has vardata not all NaNs",39,Correction applied: O_hat = -0.1110 + 35.9184 * M,35.918423119828944,-0.11101944773920551,0.010235063159815204,1.0792514236114528,-0.16478363536734753,0.009875885659558454,0.0067988520329604505,0.09194852440635914,9.695648606659624,-93.00560190382069,True,34.918423119828944,0.9901241143404416,33.928299005488505,16.167880738719305,0.9901240824699719,False,-798.3679237795666
126,nHeptane,nHeptane_WAS,"Has duplicate, has duplicate data not all NaNs, has vardata not all NaNs",218,Correction applied: O_hat = 0.0081 + 0.8540 * M,0.8540414979721831,0.008054431903134823,0.034814078580412085,0.5249606002364418,0.7244163681993947,1.0195216784794663,-0.0010890446992284585,0.030835517684201282,0.46496798226931885,0.7838047754643984,True,0.1459585020278169,0.019521678479466287,0.12643682354835062,0.14441962296912045,0.019527066185497113,True,11.428022967838402
127,nNonane,nNonane_WAS,"Has duplicate, has duplicate data not all NaNs, has vardata not all NaNs",41,Correction applied: O_hat = -0.0389 + 3.1312 * M,3.1311870025350497,-0.038871621334796394,0.018241159519952112,1.0435414382409456,-0.08897873332598127,0.22837676484982775,0.006836491778099168,0.03252060219772547,1.8604407221348165,-2.4612396805775187,True,2.1311870025350497,0.7716232351501723,1.3595637673848775,4.387369856709356,0.771622508218456,False,-78.28144182476206
128,Methylcyclopentane,MethylCycloPentane_WAS,"Has duplicate, has duplicate data not all NaNs, has vardata not all NaNs",218,Correction applied: O_hat = -0.0052 + 1.1360 * M,1.1359616145768239,-0.005202668581316185,0.04753116529511901,0.634209052836535,0.5977788773001853,0.9655364872216246,0.002153948634266933,0.05003393814839588,0.6676035886297634,0.5543054484486616,True,0.13596161457682387,0.03446351277837545,0.10149810179844843,0.08324045719089607,0.034462250723786635,False,-5.265540698901983
129,Propylene,Propene_WAS,"Has duplicate, has duplicate data not all NaNs, has vardata not all NaNs",218,Correction applied: O_hat = 0.0928 + 0.7291 * M,0.7290765338726308,0.09280549933090955,0.10203015691691007,0.8550133476194608,0.2689521753925632,1.0499467676900507,-0.008742514043772173,0.06130613567594493,0.513745797103788,0.7360652559581936,True,0.2709234661273692,0.049946767690050686,0.2209766984373185,0.530194376683554,0.04994565858169146,True,39.91371029070299
130,x3_Methylpentane,x3_MethylPentane_WAS,"Has duplicate, has duplicate data not all NaNs, has vardata not all NaNs",218,Correction applied: O_hat = 0.0332 + 0.9166 * M,0.9166348159119717,0.0331614790079186,0.050787720649851355,0.6672349692438917,0.5547974958181029,1.0147744796903315,-0.0014546455275254088,0.04067294054984553,0.5343497973444541,0.7144702940779408,True,0.08336518408802829,0.014774479690331521,0.06859070439769677,0.33674003520212487,0.014771276818761668,True,19.915798485505434
131,nHexane,nHexane_WAS,"Has duplicate, has duplicate data not all NaNs, has vardata not all NaNs",218,Correction applied: O_hat = 0.0339 + 0.9559 * M,0.955868782498023,0.033904275442910733,0.078090720189825,0.5431291798992964,0.7050106939419177,1.0062956669549252,-0.0009761564887331049,0.07093645110956359,0.493370485282371,0.7565855642522378,True,0.044131217501977016,0.0062956669549252275,0.03783555054705179,0.218259810857315,0.006284037273021194,True,9.161484313207287
132,x2_Methylpentane,x2_MethylPentane_WAS,"Has duplicate, has duplicate data not all NaNs, has vardata not all NaNs",218,Correction applied: O_hat = 0.0419 + 1.4485 * M,1.4485465310704289,0.04194018295769118,0.10646163008294794,0.8091676536002762,0.34524770836702356,0.9422599625232088,0.009577815474838422,0.07241698158132072,0.5504093730418779,0.6970495220676469,True,0.44854653107042886,0.05774003747679124,0.3908064935936376,0.2528284637147303,0.05773804980034057,True,31.978327285710222
133,But1ene,x1_Butene_WAS,"Has duplicate, has duplicate data not all NaNs, has vardata not all NaNs",218,Correction applied: O_hat = 0.0248 + 0.6447 * M,0.6446945769965475,0.0248132740578971,0.022723953862135004,1.252914779704642,-0.5697954452023315,1.0918200786224859,-0.003588242197099636,0.010381124855292844,0.572376833717686,0.6723847602233164,True,0.35530542300345247,0.09182007862248587,0.2634853443809666,0.6349457989061975,0.09181937471009598,True,54.31637945458539
134,Cyclopentane,CycloPentane_WAS,"Has duplicate, has duplicate data not all NaNs, has vardata not all NaNs",218,Correction applied: O_hat = 0.0046 + 0.7982 * M,0.7981723482565671,0.0046257005079018134,0.021775496623751413,0.6849496535927645,0.5308439720431519,1.0491150247030403,-0.0012550127313596072,0.01859930662842735,0.5850423920211004,0.6577253995382291,True,0.20182765174343287,0.0491150247030403,0.15271262704039257,0.1810430794337115,0.0491193429461602,True,14.586073742445274
135,nOctane,nOctane_WAS,"Has duplicate, has duplicate data not all NaNs, has vardata not all NaNs",218,Correction applied: O_hat = 0.0003 + 0.5676 * M,0.5676449020797207,0.0002637876320005864,0.02888741268808833,0.9792688208326252,0.041032576545079746,1.0442979603712887,-0.0008276778663379913,0.011424528394854765,0.38728579020202425,0.8500097167075936,True,0.43235509792027926,0.04429796037128875,0.3880571375489905,0.014118671939437602,0.04429969736539356,True,60.45153465901899
136,Isobutane,iButane_WAS,"Has duplicate, has duplicate data not all NaNs, has vardata not all NaNs",218,Correction applied: O_hat = 0.0596 + 0.8071 * M,0.8071266534295192,0.05958130974231381,0.21873113777786857,0.7697384111061308,0.40750277846780925,1.0679768380769437,-0.016758990256351018,0.19120314589650683,0.6728644454377375,0.5472534380657661,True,0.19287334657048083,0.06797683807694366,0.12489650849353717,0.24167532458095792,0.0679782708263683,True,12.585310057371743
137,x22_Dimethylbutane,x22_DiMethylButane_WAS,"Has duplicate, has duplicate data not all NaNs, has vardata not all NaNs",218,Correction applied: O_hat = -0.0000 + 0.8042 * M,0.8042069826131326,-2.7368937914674053e-05,0.0160741368630464,0.8202926052952091,0.32712004169799846,1.0800685986043883,-0.0009788185443682421,0.013864583034815095,0.7075350319497525,0.4993941785638627,True,0.19579301738686739,0.08006859860438831,0.11572441878247908,0.0022368095319628923,0.07999691683070566,True,13.746018508222077
138,Propane,Propane_WAS,"Has duplicate, has duplicate data not all NaNs, has vardata not all NaNs",218,Correction applied: O_hat = 0.3044 + 0.8373 * M,0.8373305049539277,0.3044314262138309,0.7400578033875057,0.6273962784716894,0.6063739097598744,1.0314808548035248,-0.032774620545479874,0.6377549287500924,0.540667319557029,0.7076788495630175,True,0.1626694950460723,0.031480854803524805,0.1311886402425475,0.2923414532042968,0.031473032589464274,True,13.82363298773919
139,Pent1ene,x1_Pentene_WAS,"Has duplicate, has duplicate data not all NaNs, has vardata not all NaNs",217,Correction applied: O_hat = 0.0275 + 0.8293 * M,0.8292538161031627,0.02751381259496863,0.028272173060895987,1.5602869635093273,-1.4344954084971566,1.0662452087540146,-0.0028054769333550732,0.012701934654476938,0.7009953925380943,0.5086054596403631,True,0.17074618389683727,0.06624520875401463,0.10450097514282264,0.6496973046998686,0.06624711845030731,True,55.072662341455
140,Methylcyclohexane,MethylCycloHexane_WAS,"Has duplicate, has duplicate data not all NaNs, has vardata not all NaNs",218,Correction applied: O_hat = -0.0043 + 0.6356 * M,0.6355750123585967,-0.004286907696092438,0.035396022562125526,0.7868521461489556,0.38086370010078274,1.0246369904884227,-0.0004929311626728742,0.01464852433685604,0.32563610196993364,0.893961129093827,True,0.3644249876414033,0.024636990488422716,0.3397879971529806,0.21410616395956905,0.02461905126443937,True,58.61533789242676
141,nButane,nButane_WAS,"Has duplicate, has duplicate data not all NaNs, has vardata not all NaNs",218,Correction applied: O_hat = 0.2292 + 0.6328 * M,0.6327969445219157,0.22923010721453396,0.3917161574720348,0.8031543915173582,0.3549430233863822,1.0668095385889003,-0.0352849388972475,0.24318282361427596,0.49860938590806164,0.7513886802843857,True,0.3672030554780843,0.06680953858890026,0.30039351688918403,0.43403056515349603,0.06680946999970648,True,37.9186130121178
142,nPentane,nPentane_WAS,"Has duplicate, has duplicate data not all NaNs, has vardata not all NaNs",218,Correction applied: O_hat = 0.2169 + 0.6808 * M,0.680842474452688,0.21694749875310293,0.3071596437201268,0.8092102095019857,0.3451788368377523,1.0678775862718084,-0.030144088535170813,0.2037182526911564,0.5366944952241042,0.711959018796144,True,0.319157525547312,0.0678775862718084,0.2512799392755036,0.4885288354876848,0.06787935585136144,True,33.67675185976664
143,cis2Pentene,c2Pentene_WAS,"Has duplicate, has duplicate data not all NaNs, has vardata not all NaNs",218,Correction applied: O_hat = 0.0044 + 0.7187 * M,0.7187269576134453,0.0043760732847098385,0.01694914070512726,1.0656725946316286,-0.1356580789489079,1.3118417499692507,-0.004757420069404561,0.014285702077387875,0.8982096180450628,0.1932194820513421,False,0.2812730423865547,0.31184174996925074,-0.03056870758269603,0.2868451840069835,0.3118419062987315,True,15.714298878489293
144,trans2Pentene,t2Pentene_WAS,"Has duplicate, has duplicate data not all NaNs, has vardata not all NaNs",218,Correction applied: O_hat = 0.0139 + 0.8855 * M,0.88545714768547,0.013921572702299887,0.026623412990562555,1.0761014479944424,-0.15799432637573507,1.0984786388400942,-0.003177372736326156,0.02254815122437432,0.9113819550764577,0.16938293196101384,True,0.11454285231452999,0.09847863884009422,0.016064213474435762,0.43148518815366427,0.09847948233187208,True,15.30705987107224
145,Isopentane,iPentane_WAS,"Has duplicate, has duplicate data not all NaNs, has vardata not all NaNs",218,Correction applied: O_hat = 0.3339 + 0.6414 * M,0.6414173886881382,0.33394920505654246,0.4957384244731112,0.8590904894240986,0.26196353098106295,1.0802826476668625,-0.052158484602293324,0.3126908341919314,0.5418779511995372,0.7063682860037921,True,0.35858261131186175,0.08028264766686255,0.2782999636449992,0.5140214272352358,0.08028340325936234,True,36.92422883615073
146,cis2Butene,c2Butene_WAS,"Has duplicate, has duplicate data not all NaNs, has vardata not all NaNs",204,Correction applied: O_hat = 0.0000 + 0.4508 * M,0.45079370975047267,2.2926578542248648e-05,0.016172484803080894,1.4101117356458621,-0.9884151070061851,1.1516282198737224,-0.0008732577291343624,0.006443012548124676,0.5617793256663548,0.6844039892538557,True,0.5492062902495274,0.15162821987372244,0.39757807037580495,0.003980613662384547,0.15161885760535335,True,60.1606517082813
147,trans2Butene,t2Butene_WAS,"Has duplicate, has duplicate data not all NaNs, has vardata not all NaNs",199,Correction applied: O_hat = -0.0026 + 1.0098 * M,1.0098129809792964,-0.0025568315310636565,0.02052369432861619,0.9954043849319152,0.009170110458315728,0.9907357377694693,8.39689982726778e-05,0.020477522871320025,0.9931650575323048,0.013623168496853744,True,0.009812980979296393,0.009264262230530673,0.0005487187487657197,0.27820519147119455,0.00913654691686964,True,0.2249665998571562
148,Isoprene,Isoprene_WAS,"Has duplicate, has duplicate data not all NaNs, has vardata not all NaNs",218,Correction applied: O_hat = 0.0114 + 1.1795 * M,1.1795172054553418,0.011411308468457015,0.19654451359854358,0.48906571453612735,0.7608147268652673,0.9789555535042263,0.006932262351557095,0.19461572594688728,0.48426627295531316,0.7654861768779702,True,0.17951720545534178,0.02104444649577375,0.15847275895956803,0.03464007552390598,0.021043519424020763,True,0.9813490167402933
149,x23_Dimethylpentane,,All NaNs in duplicate,,,,,,,,,,,,,,,,,,,,
150,x3_Methylhexane,,All NaNs in duplicate,,,,,,,,,,,,,,,,,,,,
151,x2_Methylhexane,,All NaNs in duplicate,,,,,,,,,,,,,,,,,,,,
152,x234_Trimethylpentane,,All NaNs in duplicate,,,,,,,,,,,,,,,,,,,,
153,x24_Dimethylpentane,,All NaNs in duplicate,,,,,,,,,,,,,,,,,,,,
154,x23_Dimethylbutane,,All NaNs in duplicate,,,,,,,,,,,,,,,,,,,,
155,Cyclohexane,,All NaNs in duplicate,,,,,,,,,,,,,,,,,,,,
156,Hex1ene,,All NaNs in duplicate,,,,,,,,,,,,,,,,,,,,
157,x3_Methylheptane,,All NaNs in duplicate,,,,,,,,,,,,,,,,,,,,
158,nUndecane,,All NaNs in duplicate,,,,,,,,,,,,,,,,,,,,
159,pDiethylbenzene,,All NaNs in duplicate,,,,,,,,,,,,,,,,,,,,
160,mDiethylbenzene,,All NaNs in var,,,,,,,,,,,,,,,,,,,,
161,nDodecane,,All NaNs in var,,,,,,,,,,,,,,,,,,,,
162,x2_Methylheptane,,All NaNs in var,,,,,,,,,,,,,,,,,,,,
163,Alphapinene,Alpha_Pinene_WAS,"Has duplicate, has duplicate data not all NaNs, has vardata not all NaNs",38,Correction applied: O_hat = -0.0072 + 0.3982 * M,0.39821815950005496,-0.00720788128878972,0.058661086536853466,2.8243966558618356,-6.977216469643521,1.054769160427681,-0.0011451694748642871,0.00749966706227975,0.3610917530051647,0.8696127459116572,True,0.6017818404999451,0.054769160427680985,0.5470126800722641,0.34473580145749566,0.054770729553495094,True,87.21526056704025
164,Betapinene,Beta_Pinene_WAS,All NaNs in var,,,,,,,,,,,,,,,,,,,,
165,NO,NO_LIF,"Has duplicate, has duplicate data not all NaNs, has vardata not all NaNs",218,Correction applied: O_hat = 0.2213 + 0.5915 * M,0.5915376375303987,0.22130150198885298,0.8577816174239329,0.994845764539132,0.010281904778549733,1.1621381386228413,-0.12301660322406294,0.5639829786966101,0.6541013076422585,0.5721514793406873,True,0.4084623624696013,0.16213813862284132,0.24632422384676,0.2916791259587058,0.16213796555529453,True,34.25098332249776
166,NO2,NO2_LIF,"Has duplicate, has duplicate data not all NaNs, has vardata not all NaNs",390,Correction applied: O_hat = 1.2912 + 0.9971 * M,0.997068277147054,1.2911553997892298,2.2239889441457814,0.5739028885366273,0.6706354745293156,1.000380230723328,-0.0021048455358283827,1.8168450611692963,0.46883894426420153,0.780190044341229,True,0.0029317228529459616,0.00038023072332804553,0.002551492129617916,0.23540302272815655,0.00038375473749383823,True,18.30692027710894
167,NOy,NOy_LIF,"Has duplicate, has duplicate data not all NaNs, has vardata not all NaNs",368,Correction applied: O_hat = -0.3757 + 0.7493 * M,0.7492835493798011,-0.3756722498048056,3.167412906576603,0.8027112278814211,0.35565468463310124,1.0369758789684234,-0.1686799128062975,1.858628543645546,0.4710285789855203,0.7781320777788815,True,0.25071645062019887,0.03697587896842336,0.2137405716517755,0.08234893252809654,0.03697534424155199,True,41.32029519149793
168,O3,O3_ppbv,"Has duplicate, has duplicate data not all NaNs, has vardata not all NaNs",745,Correction applied: O_hat = 1.1600 + 0.9236 * M,0.9235624780700625,1.1599615758172641,4.883419207277264,0.352603329110367,0.8756708923002863,1.0031648616266395,-0.14757498468373012,3.8273593563383876,0.27635138280480714,0.9236299132218709,True,0.07643752192993747,0.003164861626639537,0.07327266030329793,0.02487611543175859,0.003164839620869309,True,21.62541871001239
